08:29:08.44,-216,-968,176
08:29:08.44,-200,-896,152
08:29:08.44,-120,-1024,264
08:29:08.44,-32,-656,416
08:29:08.44,-176,-1008,440
08:29:08.44,-280,-1064,400
08:29:08.44,-312,-864,248
08:29:08.44,-144,-712,280
08:29:08.44,-72,-848,88
08:29:08.44,312,-864,472
08:29:08.44,496,-200,1000
08:29:08.44,160,-464,576
08:29:08.44,-24,-664,712
08:29:08.44,-240,-632,680
08:29:08.44,-424,-672,664
08:29:08.44,-488,-712,616
08:29:08.44,-448,-688,632
08:29:08.44,-392,-768,592
08:29:08.44,-384,-664,560
08:29:08.44,-344,-816,568
08:29:08.44,-392,-744,552
08:29:08.44,-384,-792,552
08:29:08.44,-504,-776,560
08:29:08.44,-528,-712,560
08:29:08.44,-416,-688,544
08:29:09.46,-472,-664,552
08:29:09.46,-464,-704,552
08:29:09.46,-480,-696,536
08:29:09.46,-480,-704,552
08:29:09.46,-512,-680,520
08:29:09.46,-544,-672,520
08:29:09.46,-544,-656,520
08:29:09.46,-552,-648,528
08:29:09.46,-608,-624,560
08:29:09.46,-608,-656,504
08:29:09.46,-632,-616,480
08:29:09.46,-616,-632,480
08:29:09.46,-656,-640,512
08:29:09.46,-608,-656,504
08:29:09.46,-640,-632,504
08:29:09.46,-640,-624,496
08:29:09.46,-664,-608,472
08:29:09.46,-624,-600,424
08:29:09.46,-688,-592,496
08:29:09.46,-664,-600,456
08:29:09.46,-664,-616,448
08:29:09.46,-640,-624,464
08:29:09.46,-656,-648,472
08:29:09.46,-592,-712,416
08:29:09.46,-584,-712,400
08:29:10.44,-616,-704,424
08:29:10.44,-568,-736,416
08:29:10.44,-544,-736,432
08:29:10.44,-568,-744,432
08:29:10.44,-584,-728,472
08:29:10.44,-584,-704,432
08:29:10.44,-640,-688,424
08:29:10.44,-632,-680,408
08:29:10.44,-616,-656,384
08:29:10.44,-592,-648,400
08:29:10.44,-584,-688,352
08:29:10.44,-616,-712,384
08:29:10.44,-664,-728,352
08:29:10.44,-648,-736,344
08:29:10.44,-632,-728,336
08:29:10.44,-624,-696,360
08:29:10.44,-624,-672,352
08:29:10.44,-624,-672,344
08:29:10.44,-648,-672,336
08:29:10.44,-624,-712,328
08:29:10.44,-632,-704,336
08:29:10.44,-640,-728,328
08:29:10.44,-664,-768,344
08:29:10.44,-664,-784,400
08:29:10.44,-656,-760,392
08:29:11.46,-648,-680,352
08:29:11.46,-632,-656,336
08:29:11.46,-640,-648,352
08:29:11.46,-648,-648,352
08:29:11.46,-664,-680,352
08:29:11.46,-680,-704,368
08:29:11.46,-680,-680,376
08:29:11.46,-688,-672,360
08:29:11.46,-664,-656,368
08:29:11.46,-664,-656,376
08:29:11.46,-656,-648,376
08:29:11.46,-664,-648,360
08:29:11.46,-640,-680,384
08:29:11.46,-656,-680,360
08:29:11.46,-664,-672,360
08:29:11.46,-648,-696,360
08:29:11.46,-640,-680,352
08:29:11.46,-656,-704,392
08:29:11.46,-640,-672,344
08:29:11.46,-640,-696,360
08:29:11.46,-632,-704,352
08:29:11.46,-640,-688,344
08:29:11.46,-640,-704,352
08:29:11.46,-656,-712,336
08:29:11.46,-664,-704,328
08:29:12.44,-648,-696,336
08:29:12.44,-656,-696,320
08:29:12.44,-640,-704,336
08:29:12.44,-648,-704,344
08:29:12.44,-648,-712,336
08:29:12.44,-648,-720,336
08:29:12.44,-632,-704,312
08:29:12.44,-664,-720,304
08:29:12.44,-664,-696,288
08:29:12.44,-672,-680,272
08:29:12.44,-680,-696,232
08:29:12.44,-688,-696,240
08:29:12.44,-688,-728,240
08:29:12.44,-696,-712,240
08:29:12.44,-704,-704,248
08:29:12.44,-712,-696,264
08:29:12.44,-688,-680,280
08:29:12.44,-696,-696,280
08:29:12.44,-688,-712,264
08:29:12.44,-664,-704,272
08:29:12.44,-664,-704,264
08:29:12.44,-680,-720,296
08:29:12.44,-680,-728,304
08:29:12.44,-680,-688,320
08:29:12.44,-680,-648,312
08:29:13.46,-688,-624,320
08:29:13.46,-704,-624,328
08:29:13.46,-704,-664,328
08:29:13.46,-712,-656,336
08:29:13.46,-704,-640,344
08:29:13.46,-688,-624,352
08:29:13.46,-696,-624,360
08:29:13.46,-712,-608,360
08:29:13.46,-744,-616,368
08:29:13.46,-768,-608,368
08:29:13.46,-736,-592,360
08:29:13.46,-720,-624,376
08:29:13.46,-720,-624,352
08:29:13.46,-760,-616,344
08:29:13.46,-704,-680,320
08:29:13.46,-648,-552,360
08:29:13.46,-704,-784,448
08:29:13.46,-680,-672,384
08:29:13.46,-632,-704,376
08:29:13.46,-568,-760,384
08:29:13.46,-496,-840,400
08:29:13.46,-544,-1000,384
08:29:13.46,-608,-864,128
08:29:13.46,-568,-888,200
08:29:13.46,-576,-816,392
08:29:14.48,-568,-888,392
08:29:14.48,-568,-792,512
08:29:14.48,-488,-1096,472
08:29:14.48,-512,-800,384
08:29:14.48,-296,-184,664
08:29:14.48,-280,-872,584
08:29:14.48,-280,-688,504
08:29:14.48,-176,-552,576
08:29:14.48,-96,-752,576
08:29:14.48,24,-520,696
08:29:14.48,-24,-688,568
08:29:14.48,-144,-480,552
08:29:14.48,-136,-864,608
08:29:14.48,-272,-752,552
08:29:14.48,-256,-792,560
08:29:14.48,-176,-920,648
08:29:14.48,-256,-824,528
08:29:14.48,-160,-960,608
08:29:14.48,-224,-808,512
08:29:14.48,-200,-744,496
08:29:14.48,-144,-888,520
08:29:14.48,-176,-792,496
08:29:14.48,-192,-848,544
08:29:14.48,-232,-840,520
08:29:14.48,-200,-872,528
08:29:15.46,-248,-848,496
08:29:15.46,-232,-864,504
08:29:15.46,-232,-816,496
08:29:15.46,-232,-824,464
08:29:15.46,-248,-840,448
08:29:15.46,-256,-896,408
08:29:15.46,-272,-888,360
08:29:15.46,-280,-864,384
08:29:15.46,-256,-920,336
08:29:15.46,-304,-920,296
08:29:15.46,-328,-976,272
08:29:15.46,-456,-928,224
08:29:15.46,-456,-912,192
08:29:15.46,-480,-904,176
08:29:15.46,-440,-968,280
08:29:15.46,-488,-1216,168
08:29:15.46,-560,-616,368
08:29:15.46,-584,-840,240
08:29:15.46,-440,-888,328
08:29:15.46,-440,-848,224
08:29:15.46,-344,-840,296
08:29:15.46,-256,-880,360
08:29:15.46,-184,-880,336
08:29:15.46,-232,-744,280
08:29:15.46,-304,-784,240
08:29:16.48,-320,-776,360
08:29:16.48,-480,-864,352
08:29:16.48,-376,-784,312
08:29:16.48,-544,-920,360
08:29:16.48,-656,-840,416
08:29:16.48,-680,-688,392
08:29:16.48,-616,-776,496
08:29:16.48,-696,-760,344
08:29:16.48,-632,-832,384
08:29:16.48,-656,-760,352
08:29:16.48,-568,-720,312
08:29:16.48,-632,-608,320
08:29:16.48,-632,-664,312
08:29:16.48,-632,-648,304
08:29:16.48,-640,-624,328
08:29:16.48,-688,-672,320
08:29:16.48,-720,-680,352
08:29:16.48,-768,-696,296
08:29:16.48,-752,-704,304
08:29:16.48,-704,-736,296
08:29:16.48,-688,-712,256
08:29:16.48,-616,-744,264
08:29:16.48,-656,-704,232
08:29:16.48,-616,-744,192
08:29:16.48,-632,-696,208
08:29:17.51,-672,-712,184
08:29:17.51,-680,-800,224
08:29:17.51,-688,-800,224
08:29:17.51,-728,-800,232
08:29:17.51,-784,-872,272
08:29:17.51,-888,-912,320
08:29:17.51,-848,-880,360
08:29:17.51,-1520,-872,416
08:29:17.51,-1032,-952,144
08:29:17.51,-784,-912,-136
08:29:17.51,-296,-576,-120
08:29:17.51,416,248,512
08:29:17.51,384,-976,-48
08:29:17.51,456,-608,200
08:29:17.51,-8,-520,224
08:29:17.51,-344,-784,256
08:29:17.51,-784,-976,328
08:29:17.51,-920,-952,408
08:29:17.51,-752,-1056,424
08:29:17.51,-528,-848,232
08:29:17.51,-464,-840,272
08:29:17.51,-408,-784,216
08:29:17.51,-504,-720,176
08:29:17.51,-528,-792,296
08:29:17.51,-528,-808,288
08:29:18.48,-568,-808,328
08:29:18.48,-592,-856,304
08:29:18.48,-544,-800,296
08:29:18.48,-520,-816,280
08:29:18.48,-528,-816,264
08:29:18.48,-544,-816,256
08:29:18.48,-552,-848,272
08:29:18.48,-512,-816,288
08:29:18.48,-544,-800,304
08:29:18.48,-536,-792,296
08:29:18.48,-520,-784,264
08:29:18.48,-488,-800,256
08:29:18.48,-560,-784,224
08:29:18.48,-576,-776,208
08:29:18.48,-624,-816,224
08:29:18.48,-616,-792,256
08:29:18.48,-616,-792,264
08:29:18.48,-592,-768,216
08:29:18.48,-600,-744,232
08:29:18.48,-632,-776,184
08:29:18.48,-648,-768,176
08:29:18.48,-664,-752,152
08:29:18.48,-712,-760,136
08:29:18.48,-712,-928,208
08:29:18.48,-760,-1024,312
08:29:19.51,-792,-912,400
08:29:19.51,-752,-944,448
08:29:19.51,-664,-808,424
08:29:19.51,-552,-784,440
08:29:19.51,-472,-752,400
08:29:19.51,-376,-624,400
08:29:19.51,-384,-616,296
08:29:19.51,-232,-704,448
08:29:19.51,-216,-960,592
08:29:19.51,-312,-592,672
08:29:19.51,-144,-608,696
08:29:19.51,-16,-712,576
08:29:19.51,72,-640,592
08:29:19.51,192,-544,632
08:29:19.51,400,-448,680
08:29:19.51,168,-544,752
08:29:19.51,24,-608,896
08:29:19.51,32,-832,888
08:29:19.51,-200,-752,904
08:29:19.51,-128,-544,752
08:29:19.51,80,-584,784
08:29:19.51,40,-520,784
08:29:19.51,56,-520,816
08:29:19.51,-24,-488,776
08:29:19.51,16,-440,744
08:29:20.53,-128,-576,824
08:29:20.53,-32,-728,912
08:29:20.53,-136,-600,784
08:29:20.53,-48,-680,776
08:29:20.53,-80,-648,696
08:29:20.53,-88,-600,696
08:29:20.53,-16,-664,696
08:29:20.53,-192,-600,712
08:29:20.53,-24,-760,712
08:29:20.53,-200,-680,752
08:29:20.53,-184,-720,712
08:29:20.53,-136,-728,728
08:29:20.53,-152,-720,688
08:29:20.53,-80,-688,640
08:29:20.53,-112,-648,632
08:29:20.53,-64,-624,544
08:29:20.53,-192,-688,688
08:29:20.53,-96,-688,584
08:29:20.53,-136,-688,608
08:29:20.53,-144,-720,608
08:29:20.53,-56,-736,592
08:29:20.53,-128,-664,504
08:29:20.53,-104,-664,336
08:29:20.53,-120,-680,256
08:29:20.53,-176,-696,216
08:29:21.50,-72,-600,232
08:29:21.50,-176,-560,96
08:29:21.50,-328,-696,-216
08:29:21.50,-312,-768,-280
08:29:21.50,-296,-912,-240
08:29:21.50,-200,-1040,-184
08:29:21.50,-216,-1144,-360
08:29:21.50,-168,-1168,-272
08:29:21.50,-40,-1368,48
08:29:21.50,-8,-1080,88
08:29:21.50,40,-1216,104
08:29:21.50,264,-1056,264
08:29:21.50,472,-1304,160
08:29:21.50,768,-1064,312
08:29:21.50,944,-992,472
08:29:21.50,928,-1000,528
08:29:21.50,656,-376,528
08:29:21.50,280,256,424
08:29:21.50,-80,488,552
08:29:21.50,144,-88,464
08:29:21.50,272,216,448
08:29:21.50,120,-152,384
08:29:21.50,128,352,520
08:29:21.50,48,64,80
08:29:21.50,840,168,-200
08:29:22.53,1928,-320,-1296
08:29:22.53,1904,-1592,2016
08:29:22.53,1432,896,1184
08:29:22.53,1584,-1600,1424
08:29:22.53,1440,-752,-24
08:29:22.53,704,-1152,104
08:29:22.53,160,-1048,192
08:29:22.53,496,-688,-40
08:29:22.53,504,-1256,-96
08:29:22.53,384,-992,176
08:29:22.53,128,-1176,480
08:29:22.53,-968,-688,496
08:29:22.53,-424,-880,32
08:29:22.53,-80,-912,40
08:29:22.53,-224,-1000,32
08:29:22.53,-184,-960,-32
08:29:22.53,-192,-984,-48
08:29:22.53,-200,-976,-120
08:29:22.53,-240,-1040,-192
08:29:22.53,-216,-1008,-224
08:29:22.53,-160,-928,-192
08:29:22.53,-224,-976,-176
08:29:22.53,-184,-968,-200
08:29:22.53,-192,-984,-192
08:29:22.53,-176,-952,-184
08:29:23.55,-176,-976,-192
08:29:23.55,-152,-968,-200
08:29:23.55,-152,-968,-184
08:29:23.55,-144,-968,-208
08:29:23.55,-144,-992,-224
08:29:23.55,-144,-976,-216
08:29:23.55,-144,-968,-216
08:29:23.55,-128,-976,-216
08:29:23.55,-136,-976,-224
08:29:23.55,-120,-976,-208
08:29:23.55,-120,-960,-216
08:29:23.55,-128,-976,-240
08:29:23.55,-128,-960,-248
08:29:23.55,-120,-960,-232
08:29:23.55,-104,-944,-216
08:29:23.55,-120,-968,-216
08:29:23.55,-112,-976,-232
08:29:23.55,-120,-968,-224
08:29:23.55,-112,-976,-232
08:29:23.55,-120,-976,-216
08:29:23.55,-120,-976,-240
08:29:23.55,-120,-968,-216
08:29:23.55,-112,-984,-192
08:29:23.55,-112,-968,-208
08:29:23.55,-104,-992,-200
08:29:24.53,-112,-976,-192
08:29:24.53,-104,-976,-216
08:29:24.53,-104,-976,-208
08:29:24.53,-112,-984,-200
08:29:24.53,-112,-968,-208
08:29:24.53,-120,-968,-216
08:29:24.53,-88,-976,-216
08:29:24.53,-104,-976,-184
08:29:24.53,-104,-976,-192
08:29:24.53,-112,-992,-208
08:29:24.53,-104,-968,-192
08:29:24.53,-96,-976,-184
08:29:24.53,-88,-992,-184
08:29:24.53,-96,-992,-176
08:29:24.53,-96,-984,-168
08:29:24.53,-88,-992,-168
08:29:24.53,-72,-976,-160
08:29:24.53,-80,-976,-168
08:29:24.53,-96,-984,-176
08:29:24.53,-96,-976,-168
08:29:24.53,-80,-1000,-176
08:29:24.53,-80,-984,-168
08:29:24.53,-72,-976,-176
08:29:24.53,-80,-992,-168
08:29:24.53,-80,-976,-176
08:29:25.55,-80,-992,-176
08:29:25.55,-72,-984,-176
08:29:25.55,-80,-984,-176
08:29:25.55,-88,-992,-168
08:29:25.55,-80,-992,-176
08:29:25.55,-88,-976,-176
08:29:25.55,-72,-984,-176
08:29:25.55,-72,-1000,-160
08:29:25.55,-88,-1000,-160
08:29:25.55,-72,-984,-176
08:29:25.55,-88,-992,-160
08:29:25.55,-88,-976,-176
08:29:25.55,-72,-992,-184
08:29:25.55,-88,-984,-168
08:29:25.55,-88,-1000,-176
08:29:25.55,-88,-976,-176
08:29:25.55,-72,-968,-176
08:29:25.55,-80,-984,-176
08:29:25.55,-72,-976,-176
08:29:25.55,-80,-984,-176
08:29:25.55,-80,-976,-184
08:29:25.55,-72,-976,-184
08:29:25.55,-88,-976,-192
08:29:25.55,-64,-984,-184
08:29:25.55,-72,-992,-184
08:29:26.57,-72,-984,-192
08:29:26.57,-80,-984,-192
08:29:26.57,-72,-992,-192
08:29:26.57,-72,-984,-192
08:29:26.57,-80,-984,-192
08:29:26.57,-80,-984,-216
08:29:26.57,-80,-984,-200
08:29:26.57,-88,-984,-200
08:29:26.57,-72,-968,-192
08:29:26.57,-72,-1000,-184
08:29:26.57,-72,-984,-200
08:29:26.57,-72,-976,-200
08:29:26.57,-56,-976,-192
08:29:26.57,-72,-984,-192
08:29:26.57,-72,-984,-200
08:29:26.57,-72,-984,-192
08:29:26.57,-80,-984,-200
08:29:26.57,-64,-984,-208
08:29:26.57,-72,-976,-200
08:29:26.57,-64,-984,-200
08:29:26.57,-64,-976,-216
08:29:26.57,-72,-976,-200
08:29:26.57,-72,-984,-200
08:29:26.57,-56,-992,-200
08:29:26.57,-80,-976,-192
08:29:27.55,-72,-976,-200
08:29:27.55,-56,-1000,-192
08:29:27.55,-56,-984,-208
08:29:27.55,-64,-984,-208
08:29:27.55,-72,-976,-200
08:29:27.55,-72,-976,-224
08:29:27.55,-64,-976,-208
08:29:27.55,-72,-976,-208
08:29:27.55,-72,-960,-208
08:29:27.55,-56,-992,-200
08:29:27.55,-56,-976,-216
08:29:27.55,-48,-976,-200
08:29:27.55,-48,-984,-200
08:29:27.55,-32,-976,-208
08:29:27.55,-32,-976,-176
08:29:27.55,-32,-1000,-176
08:29:27.55,-32,-992,-152
08:29:27.55,-24,-992,-152
08:29:27.55,8,-992,-136
08:29:27.55,24,-1008,-120
08:29:27.55,16,-992,-112
08:29:27.55,16,-1000,-112
08:29:27.55,16,-976,-112
08:29:27.55,16,-1000,-120
08:29:27.55,16,-992,-104
08:29:28.57,16,-1000,-120
08:29:28.57,24,-976,-128
08:29:28.57,16,-1000,-128
08:29:28.57,24,-976,-112
08:29:28.57,-8,-1016,-144
08:29:28.57,0,-1000,-152
08:29:28.57,-8,-1000,-152
08:29:28.57,-16,-992,-144
08:29:28.57,8,-968,-144
08:29:28.57,-16,-1000,-176
08:29:28.57,-24,-1000,-176
08:29:28.57,-24,-992,-176
08:29:28.57,-24,-976,-176
08:29:28.57,-8,-984,-176
08:29:28.57,-16,-984,-176
08:29:28.57,-8,-992,-168
08:29:28.57,0,-1008,-184
08:29:28.57,8,-992,-168
08:29:28.57,0,-1000,-168
08:29:28.57,8,-968,-152
08:29:28.57,0,-992,-184
08:29:28.57,16,-976,-168
08:29:28.57,0,-984,-192
08:29:28.57,8,-1000,-208
08:29:28.57,0,-976,-208
08:29:29.55,0,-976,-216
08:29:29.55,8,-976,-200
08:29:29.55,-8,-992,-208
08:29:29.55,0,-984,-192
08:29:29.55,8,-984,-192
08:29:29.55,0,-984,-184
08:29:29.55,0,-984,-200
08:29:29.55,0,-1000,-200
08:29:29.55,8,-976,-184
08:29:29.55,0,-984,-192
08:29:29.55,8,-984,-208
08:29:29.55,0,-992,-192
08:29:29.55,0,-1008,-208
08:29:29.55,0,-984,-200
08:29:29.55,0,-976,-176
08:29:29.55,0,-992,-192
08:29:29.55,8,-984,-200
08:29:29.55,0,-984,-208
08:29:29.55,0,-984,-200
08:29:29.55,8,-992,-208
08:29:29.55,8,-976,-200
08:29:29.55,8,-984,-216
08:29:29.55,24,-992,-184
08:29:29.55,0,-976,-200
08:29:29.55,8,-984,-208
08:29:30.57,8,-992,-208
08:29:30.57,8,-992,-208
08:29:30.57,8,-984,-208
08:29:30.57,0,-984,-208
08:29:30.57,16,-984,-216
08:29:30.57,8,-976,-208
08:29:30.57,16,-976,-216
08:29:30.57,16,-976,-224
08:29:30.57,8,-984,-224
08:29:30.57,8,-992,-216
08:29:30.57,16,-984,-224
08:29:30.57,8,-976,-208
08:29:30.57,16,-984,-224
08:29:30.57,8,-976,-216
08:29:30.57,8,-984,-216
08:29:30.57,8,-976,-216
08:29:30.57,0,-968,-216
08:29:30.57,16,-992,-224
08:29:30.57,16,-992,-200
08:29:30.57,8,-976,-224
08:29:30.57,8,-984,-224
08:29:30.57,16,-984,-224
08:29:30.57,8,-984,-224
08:29:30.57,8,-992,-224
08:29:30.57,16,-976,-216
08:29:31.60,16,-984,-232
08:29:31.60,8,-984,-216
08:29:31.60,0,-976,-216
08:29:31.60,16,-984,-216
08:29:31.60,16,-984,-216
08:29:31.60,8,-984,-232
08:29:31.60,8,-976,-216
08:29:31.60,0,-984,-208
08:29:31.60,8,-968,-232
08:29:31.60,16,-976,-224
08:29:31.60,16,-976,-216
08:29:31.60,16,-976,-216
08:29:31.60,8,-976,-216
08:29:31.60,24,-984,-224
08:29:31.60,16,-992,-224
08:29:31.60,16,-976,-208
08:29:31.60,16,-984,-208
08:29:31.60,32,-976,-208
08:29:31.60,16,-984,-192
08:29:31.60,32,-968,-200
08:29:31.60,24,-1000,-208
08:29:31.60,40,-944,-168
08:29:31.60,24,-1000,-200
08:29:31.60,40,-992,-168
08:29:31.60,16,-992,-160
08:29:32.57,40,-1000,-144
08:29:32.57,32,-992,-144
08:29:32.57,8,-1008,-144
08:29:32.57,16,-1000,-120
08:29:32.57,-8,-1000,-136
08:29:32.57,8,-1024,-136
08:29:32.57,8,-992,-88
08:29:32.57,-32,-992,-104
08:29:32.57,-64,-1024,-112
08:29:32.57,-56,-1016,-40
08:29:32.57,-56,-992,-16
08:29:32.57,-64,-1016,-16
08:29:32.57,-72,-976,-40
08:29:32.57,-80,-1000,16
08:29:32.57,-56,-1032,56
08:29:32.57,-112,-976,72
08:29:32.57,-128,-992,104
08:29:32.57,-168,-968,96
08:29:32.57,-112,-1000,152
08:29:32.57,-216,-880,128
08:29:32.57,-152,-936,272
08:29:32.57,-192,-936,240
08:29:32.57,-160,-944,280
08:29:32.57,-192,-968,304
08:29:32.57,-136,-952,344
08:29:33.59,-192,-928,304
08:29:33.59,-136,-944,360
08:29:33.59,-192,-912,312
08:29:33.59,-136,-968,312
08:29:33.59,-152,-976,328
08:29:33.59,-208,-840,336
08:29:33.59,-192,-952,280
08:29:33.59,-128,-984,264
08:29:33.59,-160,-960,264
08:29:33.59,-208,-936,312
08:29:33.59,-160,-984,256
08:29:33.59,-168,-928,320
08:29:33.59,-312,-744,320
08:29:33.59,-136,-1000,320
08:29:33.59,-128,-952,264
08:29:33.59,-48,-992,216
08:29:33.59,64,-1080,184
08:29:33.59,24,-984,184
08:29:33.59,88,-1112,256
08:29:33.59,32,-1008,248
08:29:33.59,192,-936,256
08:29:33.59,272,-952,152
08:29:33.59,376,-984,144
08:29:33.59,392,-912,160
08:29:33.59,424,-816,280
08:29:34.62,440,-776,328
08:29:34.62,472,-896,392
08:29:34.62,552,-680,392
08:29:34.62,504,-656,496
08:29:34.62,720,-760,456
08:29:34.62,576,-640,432
08:29:34.62,752,-464,456
08:29:34.62,552,-552,496
08:29:34.62,608,-432,552
08:29:34.62,696,-488,584
08:29:34.62,632,-408,600
08:29:34.62,760,-384,528
08:29:34.62,656,-472,608
08:29:34.62,688,-272,568
08:29:34.62,696,-328,624
08:29:34.62,704,-416,656
08:29:34.62,712,-216,576
08:29:34.62,808,-344,696
08:29:34.62,712,-72,688
08:29:34.62,776,-160,808
08:29:34.62,848,-56,744
08:29:34.62,800,-64,648
08:29:34.62,792,64,784
08:29:34.62,656,168,600
08:29:34.62,656,160,600
08:29:35.59,608,344,568
08:29:35.59,680,392,568
08:29:35.59,624,400,512
08:29:35.59,640,440,496
08:29:35.59,568,464,392
08:29:35.59,576,736,384
08:29:35.59,576,744,360
08:29:35.59,568,584,344
08:29:35.59,600,600,408
08:29:35.59,712,728,504
08:29:35.59,840,600,520
08:29:35.59,1128,336,536
08:29:35.59,1152,120,512
08:29:35.59,904,-16,448
08:29:35.59,528,-288,440
08:29:35.59,552,-184,472
08:29:35.59,96,8,160
08:29:35.59,224,-448,216
08:29:35.59,360,-240,104
08:29:35.59,432,-624,-264
08:29:35.59,912,328,160
08:29:35.59,4048,528,1800
08:29:35.59,880,1312,-1040
08:29:35.59,448,-2024,-984
08:29:35.59,600,272,-152
08:29:36.62,1208,-264,-176
08:29:36.62,1072,-208,24
08:29:36.62,880,-56,-312
08:29:36.62,960,-320,-160
08:29:36.62,1056,-40,-128
08:29:36.62,960,-48,-184
08:29:36.62,1000,-88,-16
08:29:36.62,1000,-24,-176
08:29:36.62,1008,-56,-160
08:29:36.62,968,160,-176
08:29:36.62,896,216,-288
08:29:36.62,928,168,-56
08:29:36.62,872,424,-312
08:29:36.62,928,208,-288
08:29:36.62,1000,304,-144
08:29:36.62,920,184,-216
08:29:36.62,968,248,-152
08:29:36.62,912,384,-240
08:29:36.62,896,256,-128
08:29:36.62,944,352,-136
08:29:36.62,912,264,0
08:29:36.62,944,224,-8
08:29:36.62,904,288,48
08:29:36.62,952,216,-16
08:29:36.62,976,200,88
08:29:37.64,968,168,160
08:29:37.64,944,248,104
08:29:37.64,968,280,72
08:29:37.64,936,256,152
08:29:37.64,936,232,128
08:29:37.64,968,216,144
08:29:37.64,952,256,136
08:29:37.64,976,232,128
08:29:37.64,896,336,152
08:29:37.64,936,272,152
08:29:37.64,968,224,176
08:29:37.64,936,320,136
08:29:37.64,1000,200,168
08:29:37.64,992,296,152
08:29:37.64,1016,304,152
08:29:37.64,864,288,272
08:29:37.64,968,488,392
08:29:37.64,968,368,288
08:29:37.64,952,216,160
08:29:37.64,912,8,96
08:29:37.64,1016,-248,208
08:29:37.64,920,-232,80
08:29:37.64,944,-16,24
08:29:37.64,968,-144,8
08:29:37.64,944,-184,72
08:29:38.62,992,-232,248
08:29:38.62,816,-48,248
08:29:38.62,768,-392,256
08:29:38.62,936,-216,432
08:29:38.62,904,-112,376
08:29:38.62,1032,-216,240
08:29:38.62,1032,-248,-144
08:29:38.62,1072,-928,-88
08:29:38.62,912,-784,-240
08:29:38.62,944,-200,-208
08:29:38.62,1032,-16,24
08:29:38.62,1080,-112,-16
08:29:38.62,872,384,-120
08:29:38.62,1088,-416,-280
08:29:38.62,1024,-56,-64
08:29:38.62,992,8,-112
08:29:38.62,1008,-56,-232
08:29:38.62,928,-104,-176
08:29:38.62,1048,-96,-96
08:29:38.62,992,32,-328
08:29:38.62,1040,-200,-248
08:29:38.62,1080,-48,-536
08:29:38.62,1192,0,-552
08:29:38.62,1376,-432,-248
08:29:38.62,1304,-104,40
08:29:39.64,1264,80,176
08:29:39.64,1088,32,32
08:29:39.64,1032,48,-96
08:29:39.64,976,40,-96
08:29:39.64,1040,32,-136
08:29:39.64,1032,-16,-144
08:29:39.64,1104,-8,-128
08:29:39.64,1072,32,-144
08:29:39.64,1032,24,-152
08:29:39.64,1024,8,-168
08:29:39.64,1000,-48,-160
08:29:39.64,936,-24,-160
08:29:39.64,992,-72,-168
08:29:39.64,912,-64,-168
08:29:39.64,928,-64,-168
08:29:39.64,864,-72,-136
08:29:39.64,832,-72,-136
08:29:39.64,792,-112,-112
08:29:39.64,792,-128,-104
08:29:39.64,808,-120,-104
08:29:39.64,840,-128,-80
08:29:39.64,912,-144,-80
08:29:39.64,976,-136,-88
08:29:39.64,992,-160,-88
08:29:39.64,992,-160,-96
08:29:40.66,976,-144,-80
08:29:40.66,984,-136,-72
08:29:40.66,976,-120,-96
08:29:40.66,952,-112,-120
08:29:40.66,920,-120,-120
08:29:40.66,928,-144,-136
08:29:40.66,912,-152,-112
08:29:40.66,904,-160,-104
08:29:40.66,896,-160,-96
08:29:40.66,912,-200,-96
08:29:40.66,928,-192,-88
08:29:40.66,936,-216,-64
08:29:40.66,976,-248,-72
08:29:40.66,968,-240,-32
08:29:40.66,992,-224,8
08:29:40.66,968,-208,-8
08:29:40.66,992,-224,8
08:29:40.66,1000,-248,8
08:29:40.66,1000,-264,24
08:29:40.66,992,-288,56
08:29:40.66,952,-312,80
08:29:40.66,976,-360,168
08:29:40.66,960,-408,224
08:29:40.66,984,-384,272
08:29:40.66,1040,-312,256
08:29:41.64,1048,-232,216
08:29:41.64,1032,-160,192
08:29:41.64,1016,-192,192
08:29:41.64,984,-224,160
08:29:41.64,944,-248,128
08:29:41.64,888,-240,120
08:29:41.64,872,-232,128
08:29:41.64,848,-224,120
08:29:41.64,856,-240,128
08:29:41.64,848,-216,136
08:29:41.64,848,-232,136
08:29:41.64,888,-240,176
08:29:41.64,888,-232,192
08:29:41.64,920,-248,224
08:29:41.64,944,-240,240
08:29:41.64,1016,-392,328
08:29:41.64,1000,-568,184
08:29:41.64,928,-440,184
08:29:41.64,888,-344,152
08:29:41.64,928,-256,112
08:29:41.64,928,-248,88
08:29:41.64,936,-216,104
08:29:41.64,944,-240,120
08:29:41.64,968,-288,128
08:29:41.64,984,-328,152
08:29:42.66,960,-344,216
08:29:42.66,952,-336,248
08:29:42.66,928,-320,272
08:29:42.66,952,-280,256
08:29:42.66,984,-240,200
08:29:42.66,1048,-216,168
08:29:42.66,1064,-208,144
08:29:42.66,1056,-256,136
08:29:42.66,1008,-232,104
08:29:42.66,1000,-224,80
08:29:42.66,936,-200,56
08:29:42.66,880,-200,40
08:29:42.66,880,-184,16
08:29:42.66,896,-192,-24
08:29:42.66,896,-160,-48
08:29:42.66,912,-160,-48
08:29:42.66,896,-192,-32
08:29:42.66,904,-272,0
08:29:42.66,952,-336,32
08:29:42.66,936,-360,24
08:29:42.66,968,-352,72
08:29:42.66,1016,-320,112
08:29:42.66,1024,-240,144
08:29:42.66,1032,-184,160
08:29:42.66,1080,-208,200
08:29:43.69,1104,-304,216
08:29:43.69,1096,-312,208
08:29:43.69,1040,-240,176
08:29:43.69,960,-224,136
08:29:43.69,968,-232,104
08:29:43.69,984,-216,56
08:29:43.69,992,-216,40
08:29:43.69,976,-248,24
08:29:43.69,952,-272,0
08:29:43.69,920,-272,8
08:29:43.69,904,-264,8
08:29:43.69,920,-248,8
08:29:43.69,928,-264,16
08:29:43.69,928,-272,24
08:29:43.69,928,-240,48
08:29:43.69,952,-200,56
08:29:43.69,960,-184,40
08:29:43.69,968,-216,56
08:29:43.69,1008,-240,48
08:29:43.69,1000,-248,48
08:29:43.69,1000,-248,48
08:29:43.69,992,-216,56
08:29:43.69,984,-224,88
08:29:43.69,976,-184,112
08:29:43.69,952,-160,120
08:29:44.66,1000,-144,128
08:29:44.66,1040,-176,104
08:29:44.66,1008,-208,120
08:29:44.66,944,-248,152
08:29:44.66,848,-280,168
08:29:44.66,840,-296,216
08:29:44.66,912,-296,248
08:29:44.66,960,-312,264
08:29:44.66,976,-296,336
08:29:44.66,1048,-648,360
08:29:44.66,912,-240,272
08:29:44.66,984,-352,176
08:29:44.66,968,-232,112
08:29:44.66,976,-200,136
08:29:44.66,1000,-248,192
08:29:44.66,888,-304,216
08:29:44.66,808,-320,192
08:29:44.66,928,-272,176
08:29:44.66,1072,-240,152
08:29:44.66,1144,-216,136
08:29:44.66,1056,-256,152
08:29:44.66,912,-248,152
08:29:44.66,976,-256,128
08:29:44.66,952,-208,120
08:29:44.66,960,-216,88
08:29:45.68,928,-240,80
08:29:45.68,912,-232,56
08:29:45.68,880,-216,80
08:29:45.68,896,-216,40
08:29:45.68,960,-240,56
08:29:45.68,928,-224,72
08:29:45.68,920,-248,80
08:29:45.68,944,-248,104
08:29:45.68,960,-256,112
08:29:45.68,984,-280,120
08:29:45.68,992,-272,144
08:29:45.68,1000,-264,144
08:29:45.68,1032,-256,168
08:29:45.68,1016,-240,144
08:29:45.68,1000,-248,144
08:29:45.68,1008,-240,120
08:29:45.68,992,-248,120
08:29:45.68,992,-240,104
08:29:45.68,960,-232,64
08:29:45.68,944,-224,48
08:29:45.68,944,-216,48
08:29:45.68,936,-248,48
08:29:45.68,928,-248,56
08:29:45.68,944,-240,32
08:29:45.68,976,-232,40
08:29:46.71,976,-224,32
08:29:46.71,976,-232,56
08:29:46.71,984,-224,64
08:29:46.71,960,-256,80
08:29:46.71,976,-240,80
08:29:46.71,976,-216,72
08:29:46.71,960,-224,80
08:29:46.71,952,-208,72
08:29:46.71,936,-240,56
08:29:46.71,936,-224,64
08:29:46.71,984,-208,32
08:29:46.71,1024,-200,24
08:29:46.71,1024,-216,24
08:29:46.71,944,-240,64
08:29:46.71,904,-288,96
08:29:46.71,920,-256,88
08:29:46.71,944,-208,80
08:29:46.71,992,-160,96
08:29:46.71,1000,-184,88
08:29:46.71,1000,-240,104
08:29:46.71,992,-248,112
08:29:46.71,992,-232,120
08:29:46.71,992,-224,120
08:29:46.71,1000,-208,152
08:29:46.71,976,-200,144
08:29:47.68,984,-208,112
08:29:47.68,952,-216,96
08:29:47.68,968,-216,96
08:29:47.68,936,-200,72
08:29:47.68,936,-232,64
08:29:47.68,920,-248,80
08:29:47.68,920,-280,104
08:29:47.68,928,-296,144
08:29:47.68,912,-296,184
08:29:47.68,952,-320,216
08:29:47.68,1008,-304,240
08:29:47.68,1040,-288,264
08:29:47.68,1008,-240,248
08:29:47.68,1024,-280,216
08:29:47.68,960,-232,192
08:29:47.68,888,-232,160
08:29:47.68,944,-224,96
08:29:47.68,1000,-200,40
08:29:47.68,976,-176,0
08:29:47.68,936,-200,8
08:29:47.68,960,-224,-16
08:29:47.68,912,-256,0
08:29:47.68,912,-264,24
08:29:47.68,880,-224,16
08:29:47.68,904,-232,64
08:29:48.71,984,-232,72
08:29:48.71,1000,-208,112
08:29:48.71,992,-232,152
08:29:48.71,936,-312,208
08:29:48.71,872,-352,224
08:29:48.71,904,-352,248
08:29:48.71,968,-320,240
08:29:48.71,1016,-272,208
08:29:48.71,1064,-200,208
08:29:48.71,1024,-232,208
08:29:48.71,968,-272,184
08:29:48.71,960,-272,152
08:29:48.71,968,-264,136
08:29:48.71,984,-256,112
08:29:48.71,960,-248,96
08:29:48.71,928,-256,128
08:29:48.71,912,-264,136
08:29:48.71,904,-272,176
08:29:48.71,928,-296,184
08:29:48.71,928,-288,216
08:29:48.71,936,-296,272
08:29:48.71,928,-304,288
08:29:48.71,920,-360,320
08:29:48.71,960,-368,352
08:29:48.71,912,-368,344
08:29:49.68,728,-376,360
08:29:49.68,632,-360,312
08:29:49.68,720,-352,248
08:29:49.68,728,-344,168
08:29:49.68,656,-360,200
08:29:49.68,488,-408,280
08:29:49.68,1520,-352,96
08:29:49.68,1256,-24,-40
08:29:49.68,1352,80,24
08:29:49.68,1240,-112,160
08:29:49.68,1064,-432,256
08:29:49.68,960,-512,248
08:29:49.68,848,-408,288
08:29:49.68,864,-304,416
08:29:49.68,872,-184,432
08:29:49.68,944,-104,376
08:29:49.68,1000,-88,256
08:29:49.68,920,-208,120
08:29:49.68,976,-288,128
08:29:49.68,896,-224,48
08:29:49.68,1016,-176,-32
08:29:49.68,1016,-168,-72
08:29:49.68,928,-224,-48
08:29:49.68,888,-296,120
08:29:49.68,840,-376,280
08:29:50.71,872,-408,448
08:29:50.71,896,-256,472
08:29:50.71,920,-96,464
08:29:50.71,968,-160,496
08:29:50.71,928,-312,464
08:29:50.71,888,-352,464
08:29:50.71,872,-368,432
08:29:50.71,872,-336,384
08:29:50.71,864,-296,296
08:29:50.71,864,-248,232
08:29:50.71,880,-216,192
08:29:50.71,888,-192,176
08:29:50.71,952,-192,152
08:29:50.71,992,-200,176
08:29:50.71,992,-240,176
08:29:50.71,984,-264,248
08:29:50.71,960,-288,320
08:29:50.71,920,-280,392
08:29:50.71,944,-232,408
08:29:50.71,960,-168,392
08:29:50.71,976,-184,352
08:29:50.71,984,-224,272
08:29:50.71,976,-248,208
08:29:50.71,1016,-256,136
08:29:50.71,1080,-288,80
08:29:51.73,1096,-312,80
08:29:51.73,1104,-344,48
08:29:51.73,1056,-320,24
08:29:51.73,968,-264,-16
08:29:51.73,856,-240,-32
08:29:51.73,848,-256,-16
08:29:51.73,888,-304,0
08:29:51.73,904,-344,8
08:29:51.73,944,-360,32
08:29:51.73,1008,-352,80
08:29:51.73,1072,-344,184
08:29:51.73,1120,-352,296
08:29:51.73,1112,-352,344
08:29:51.73,1008,-360,376
08:29:51.73,960,-296,352
08:29:51.73,984,-264,296
08:29:51.73,992,-200,264
08:29:51.73,944,-184,224
08:29:51.73,784,-184,200
08:29:51.73,648,-256,232
08:29:51.73,592,-328,264
08:29:51.73,640,-456,296
08:29:51.73,800,-488,312
08:29:51.73,824,-464,408
08:29:51.73,768,-568,448
08:29:52.70,728,-672,504
08:29:52.70,696,-728,528
08:29:52.70,704,-888,536
08:29:52.70,568,-880,496
08:29:52.70,496,-696,272
08:29:52.70,-72,-344,-176
08:29:52.70,-328,-224,-88
08:29:52.70,-336,-368,88
08:29:52.70,-368,-520,104
08:29:52.70,96,-824,592
08:29:52.70,1032,-1184,24
08:29:52.70,1000,-704,584
08:29:52.70,1408,-888,784
08:29:52.70,1024,-480,544
08:29:52.70,1008,-480,464
08:29:52.70,952,-280,296
08:29:52.70,856,-296,272
08:29:52.70,808,-136,-16
08:29:52.70,816,424,-216
08:29:52.70,1512,-96,144
08:29:52.70,1624,288,928
08:29:52.70,1056,-256,1104
08:29:52.70,1168,-672,592
08:29:52.70,1224,-640,144
08:29:52.70,1376,-432,0
08:29:53.73,1344,-240,120
08:29:53.73,1152,-232,-144
08:29:53.73,1104,-392,96
08:29:53.73,760,-96,264
08:29:53.73,1016,-176,96
08:29:53.73,992,-104,104
08:29:53.73,984,-192,88
08:29:53.73,1024,-176,88
08:29:53.73,984,-216,104
08:29:53.73,904,-120,176
08:29:53.73,928,-128,160
08:29:53.73,1000,-184,144
08:29:53.73,904,-168,160
08:29:53.73,1000,-120,184
08:29:53.73,928,-168,200
08:29:53.73,968,-80,144
08:29:53.73,1032,-136,160
08:29:53.73,968,-152,128
08:29:53.73,976,-112,160
08:29:53.73,984,-120,152
08:29:53.73,968,-152,160
08:29:53.73,952,-104,200
08:29:53.73,952,-152,200
08:29:53.73,952,-128,192
08:29:53.73,968,-168,176
08:29:54.75,976,-176,208
08:29:54.75,984,-136,216
08:29:54.75,960,-160,240
08:29:54.75,928,-192,248
08:29:54.75,976,-168,280
08:29:54.75,936,-224,272
08:29:54.75,912,-224,328
08:29:54.75,944,-232,312
08:29:54.75,896,-296,360
08:29:54.75,888,-312,384
08:29:54.75,880,-376,352
08:29:54.75,840,-368,408
08:29:54.75,792,-400,416
08:29:54.75,840,-432,400
08:29:54.75,768,-416,440
08:29:54.75,776,-416,448
08:29:54.75,728,-400,448
08:29:54.75,736,-376,496
08:29:54.75,704,-320,544
08:29:54.75,712,-368,512
08:29:54.75,744,-416,488
08:29:54.75,760,-432,464
08:29:54.75,776,-456,456
08:29:54.75,832,-416,456
08:29:54.75,792,-424,472
08:29:55.73,816,-408,480
08:29:55.73,792,-416,472
08:29:55.73,792,-376,472
08:29:55.73,784,-336,472
08:29:55.73,784,-360,472
08:29:55.73,736,-320,520
08:29:55.73,752,-248,520
08:29:55.73,736,-232,576
08:29:55.73,784,-224,552
08:29:55.73,784,-72,600
08:29:55.73,840,-144,544
08:29:55.73,832,-152,512
08:29:55.73,792,-168,504
08:29:55.73,856,-112,520
08:29:55.73,840,-112,512
08:29:55.73,888,-136,504
08:29:55.73,808,-120,496
08:29:55.73,896,-144,464
08:29:55.73,824,-112,480
08:29:55.73,872,-144,496
08:29:55.73,808,-168,456
08:29:55.73,912,-112,448
08:29:55.73,920,-184,408
08:29:55.73,896,-72,440
08:29:55.73,936,-136,424
08:29:56.75,872,-40,408
08:29:56.75,888,-152,360
08:29:56.75,920,-264,320
08:29:56.75,896,-176,320
08:29:56.75,936,-88,352
08:29:56.75,936,-304,320
08:29:56.75,896,-200,304
08:29:56.75,928,-216,280
08:29:56.75,928,-264,312
08:29:56.75,880,-176,328
08:29:56.75,920,-184,328
08:29:56.75,848,-232,328
08:29:56.75,920,-208,304
08:29:56.75,984,-320,304
08:29:56.75,904,-240,288
08:29:56.75,912,-216,328
08:29:56.75,928,-264,280
08:29:56.75,920,-240,296
08:29:56.75,944,-312,320
08:29:56.75,848,-232,336
08:29:56.75,896,-272,352
08:29:56.75,856,-240,368
08:29:56.75,896,-256,304
08:29:56.75,880,-288,392
08:29:56.75,896,-296,360
08:29:57.78,872,-216,368
08:29:57.78,928,-256,312
08:29:57.78,920,-280,352
08:29:57.78,896,-208,320
08:29:57.78,920,-208,320
08:29:57.78,872,-264,352
08:29:57.78,912,-256,328
08:29:57.78,888,-320,392
08:29:57.78,904,-216,336
08:29:57.78,920,-216,320
08:29:57.78,928,-280,336
08:29:57.78,872,-248,344
08:29:57.78,888,-248,352
08:29:57.78,912,-272,352
08:29:57.78,880,-256,360
08:29:57.78,936,-232,312
08:29:57.78,896,-248,328
08:29:57.78,936,-208,312
08:29:57.78,888,-256,328
08:29:57.78,944,-184,288
08:29:57.78,928,-240,320
08:29:57.78,920,-200,280
08:29:57.78,936,-208,288
08:29:57.78,952,-160,272
08:29:57.78,968,-160,264
08:29:58.75,904,-192,280
08:29:58.75,944,-152,248
08:29:58.75,936,-168,280
08:29:58.75,920,-128,248
08:29:58.75,944,-160,256
08:29:58.75,928,-168,272
08:29:58.75,944,-152,248
08:29:58.75,928,-160,288
08:29:58.75,952,-128,256
08:29:58.75,960,-160,280
08:29:58.75,960,-112,272
08:29:58.75,968,-80,216
08:29:58.75,928,-136,256
08:29:58.75,928,-96,264
08:29:58.75,960,-104,264
08:29:58.75,960,-64,232
08:29:58.75,936,-72,248
08:29:58.75,984,-48,232
08:29:58.75,968,-80,216
08:29:58.75,952,-72,224
08:29:58.75,928,-88,272
08:29:58.75,944,-88,248
08:29:58.75,944,-64,216
08:29:58.75,936,-40,232
08:29:58.75,920,-64,200
08:29:59.77,920,-40,208
08:29:59.77,984,-72,152
08:29:59.77,1000,-96,176
08:29:59.77,952,-64,208
08:29:59.77,952,-24,112
08:29:59.77,1048,-96,72
08:29:59.77,1000,-56,80
08:29:59.77,992,-16,72
08:29:59.77,952,-16,80
08:29:59.77,992,-40,8
08:29:59.77,1080,-24,-80
08:29:59.77,1024,-88,-64
08:29:59.77,1024,72,24
08:29:59.77,984,8,88
08:29:59.77,968,24,-48
08:29:59.77,1056,-72,-88
08:29:59.77,976,40,-32
08:29:59.77,992,-96,64
08:29:59.77,896,-120,160
08:29:59.77,968,-88,152
08:29:59.77,1000,-264,160
08:29:59.77,984,-216,168
08:29:59.77,984,-312,216
08:29:59.77,936,-304,248
08:29:59.77,920,-352,248
08:30:00.80,856,-392,256
08:30:00.80,816,-328,272
08:30:00.80,896,-344,280
08:30:00.80,856,-304,280
08:30:00.80,912,-400,280
08:30:00.80,872,-384,304
08:30:00.80,920,-392,288
08:30:00.80,872,-504,288
08:30:00.80,848,-440,312
08:30:00.80,840,168,312
08:30:00.80,688,-264,488
08:30:00.80,832,-384,480
08:30:00.80,800,-464,368
08:30:00.80,848,-496,440
08:30:00.80,784,-472,376
08:30:00.80,704,-496,400
08:30:00.80,712,-568,312
08:30:00.80,648,-376,400
08:30:00.80,712,-424,448
08:30:00.80,664,-512,432
08:30:00.80,712,-472,448
08:30:00.80,656,-480,464
08:30:00.80,688,-512,432
08:30:00.80,648,-544,416
08:30:00.80,664,-496,456
08:30:01.77,664,-560,424
08:30:01.77,664,-520,392
08:30:01.77,680,-552,424
08:30:01.77,648,-560,392
08:30:01.77,664,-632,328
08:30:01.77,680,-648,368
08:30:01.77,656,-720,368
08:30:01.77,664,-712,344
08:30:01.77,656,-656,328
08:30:01.77,672,-696,368
08:30:01.77,672,-656,376
08:30:01.77,680,-688,328
08:30:01.77,648,-696,288
08:30:01.77,664,-600,264
08:30:01.77,672,-664,280
08:30:01.77,672,-656,344
08:30:01.77,672,-640,408
08:30:01.77,688,-624,408
08:30:01.77,696,-552,288
08:30:01.77,728,-672,248
08:30:01.77,712,-608,312
08:30:01.77,712,-616,360
08:30:01.77,704,-576,392
08:30:01.77,696,-592,400
08:30:01.77,688,-536,376
08:30:02.79,712,-576,360
08:30:02.79,704,-568,368
08:30:02.79,720,-576,360
08:30:02.79,728,-584,296
08:30:02.79,768,-560,248
08:30:02.79,760,-592,352
08:30:02.79,760,-488,376
08:30:02.79,752,-560,400
08:30:02.79,744,-480,392
08:30:02.79,752,-504,408
08:30:02.79,776,-424,440
08:30:02.79,752,-456,400
08:30:02.79,768,-448,376
08:30:02.79,760,-400,384
08:30:02.79,832,-400,448
08:30:02.79,824,-368,480
08:30:02.79,832,-352,440
08:30:02.79,792,-360,424
08:30:02.79,800,-296,416
08:30:02.79,824,-288,424
08:30:02.79,848,-376,456
08:30:02.79,856,-344,440
08:30:02.79,872,-296,472
08:30:02.79,904,-328,344
08:30:02.79,872,-376,376
08:30:03.82,832,-360,376
08:30:03.82,832,-424,408
08:30:03.82,792,-376,392
08:30:03.82,824,-424,384
08:30:03.82,768,-456,400
08:30:03.82,800,-424,432
08:30:03.82,816,-448,408
08:30:03.82,800,-504,384
08:30:03.82,792,-432,360
08:30:03.82,776,-432,384
08:30:03.82,776,-512,392
08:30:03.82,776,-448,360
08:30:03.82,752,-488,392
08:30:03.82,800,-544,328
08:30:03.82,752,-520,328
08:30:03.82,760,-576,328
08:30:03.82,776,-552,336
08:30:03.82,760,-568,368
08:30:03.82,752,-592,328
08:30:03.82,736,-552,320
08:30:03.82,744,-584,296
08:30:03.82,752,-544,336
08:30:03.82,712,-568,352
08:30:03.82,736,-600,328
08:30:03.82,720,-568,328
08:30:04.79,704,-560,360
08:30:04.79,736,-584,352
08:30:04.79,736,-560,352
08:30:04.79,752,-552,336
08:30:04.79,744,-592,336
08:30:04.79,752,-544,336
08:30:04.79,720,-560,336
08:30:04.79,720,-536,360
08:30:04.79,744,-536,392
08:30:04.79,736,-584,360
08:30:04.79,744,-544,376
08:30:04.79,728,-544,360
08:30:04.79,736,-528,360
08:30:04.79,744,-536,376
08:30:04.79,752,-528,384
08:30:04.79,744,-552,368
08:30:04.79,744,-528,368
08:30:04.79,728,-520,384
08:30:04.79,752,-560,384
08:30:04.79,744,-528,376
08:30:04.79,728,-528,376
08:30:04.79,744,-528,392
08:30:04.79,752,-536,368
08:30:04.79,744,-520,368
08:30:04.79,752,-528,368
08:30:05.82,752,-536,376
08:30:05.82,752,-528,376
08:30:05.82,752,-536,368
08:30:05.82,736,-528,376
08:30:05.82,752,-528,368
08:30:05.82,736,-528,384
08:30:05.82,752,-528,376
08:30:05.82,744,-520,384
08:30:05.82,752,-520,376
08:30:05.82,760,-528,376
08:30:05.82,744,-528,384
08:30:05.82,752,-528,384
08:30:05.82,744,-544,376
08:30:05.82,744,-520,368
08:30:05.82,760,-528,384
08:30:05.82,744,-528,376
08:30:05.82,744,-528,368
08:30:05.82,744,-520,392
08:30:05.82,760,-528,384
08:30:05.82,768,-528,376
08:30:05.82,752,-536,392
08:30:05.82,752,-520,384
08:30:05.82,768,-512,400
08:30:05.82,760,-520,384
08:30:05.82,752,-512,384
08:30:06.84,744,-520,376
08:30:06.84,760,-520,384
08:30:06.84,752,-504,400
08:30:06.84,768,-512,400
08:30:06.84,768,-512,400
08:30:06.84,752,-512,376
08:30:06.84,760,-504,384
08:30:06.84,760,-504,392
08:30:06.84,744,-512,408
08:30:06.84,744,-504,392
08:30:06.84,752,-504,384
08:30:06.84,768,-528,400
08:30:06.84,752,-504,400
08:30:06.84,752,-512,392
08:30:06.84,768,-504,400
08:30:06.84,744,-520,384
08:30:06.84,768,-504,416
08:30:06.84,800,-528,376
08:30:06.84,784,-488,352
08:30:06.84,800,-432,312
08:30:06.84,824,-416,184
08:30:06.84,896,-528,0
08:30:06.84,840,-632,-88
08:30:06.84,824,-424,648
08:30:06.84,624,-448,712
08:30:07.82,480,-312,648
08:30:07.82,568,-440,720
08:30:07.82,680,-496,536
08:30:07.82,704,-440,520
08:30:07.82,744,-328,280
08:30:07.82,840,-504,176
08:30:07.82,960,-328,272
08:30:07.82,1016,-312,376
08:30:07.82,992,-296,376
08:30:07.82,856,-216,416
08:30:07.82,840,-176,376
08:30:07.82,904,-80,280
08:30:07.82,960,-8,312
08:30:07.82,992,48,288
08:30:07.82,1000,48,200
08:30:07.82,1000,48,216
08:30:07.82,936,112,232
08:30:07.82,1000,128,200
08:30:07.82,952,144,192
08:30:07.82,952,176,176
08:30:07.82,992,128,168
08:30:07.82,912,152,176
08:30:07.82,960,160,144
08:30:07.82,952,144,144
08:30:07.82,984,160,152
08:30:08.84,984,160,136
08:30:08.84,928,128,160
08:30:08.84,936,176,160
08:30:08.84,984,144,176
08:30:08.84,872,88,208
08:30:08.84,1000,184,192
08:30:08.84,968,96,200
08:30:08.84,896,88,224
08:30:08.84,992,144,232
08:30:08.84,960,24,224
08:30:08.84,904,64,272
08:30:08.84,968,56,264
08:30:08.84,960,-48,264
08:30:08.84,960,40,312
08:30:08.84,1000,8,320
08:30:08.84,912,24,304
08:30:08.84,936,32,296
08:30:08.84,904,8,312
08:30:08.84,928,64,320
08:30:08.84,952,16,296
08:30:08.84,920,24,296
08:30:08.84,960,64,288
08:30:08.84,976,48,288
08:30:08.84,936,32,256
08:30:08.84,944,80,280
08:30:09.86,952,56,280
08:30:09.86,928,48,288
08:30:09.86,952,64,288
08:30:09.86,968,16,264
08:30:09.86,960,88,296
08:30:09.86,960,32,272
08:30:09.86,976,72,288
08:30:09.86,952,48,296
08:30:09.86,944,56,296
08:30:09.86,952,0,320
08:30:09.86,888,-24,360
08:30:09.86,952,-80,368
08:30:09.86,1096,-88,480
08:30:09.86,1112,-96,424
08:30:09.86,1080,-232,400
08:30:09.86,1000,-264,472
08:30:09.86,848,-600,232
08:30:09.86,792,-752,-56
08:30:09.86,712,-880,-80
08:30:09.86,624,-768,-88
08:30:09.86,320,-824,-72
08:30:09.86,208,-848,208
08:30:09.86,0,-816,48
08:30:09.86,-8,-944,56
08:30:09.86,-32,-840,8
08:30:10.84,-24,-800,336
08:30:10.84,-24,-960,328
08:30:10.84,-104,-816,16
08:30:10.84,-184,-1104,-256
08:30:10.84,-160,-968,-200
08:30:10.84,-176,-856,-152
08:30:10.84,-160,-1008,-248
08:30:10.84,-152,-904,-216
08:30:10.84,-56,-912,-216
08:30:10.84,-56,-960,-80
08:30:10.84,-32,-936,-32
08:30:10.84,-8,-984,-96
08:30:10.84,40,-1080,-32
08:30:10.84,16,-1056,-8
08:30:10.84,8,-1040,40
08:30:10.84,48,-1032,32
08:30:10.84,40,-1024,16
08:30:10.84,32,-944,48
08:30:10.84,80,-1016,32
08:30:10.84,96,-1008,0
08:30:10.84,64,-952,-24
08:30:10.84,72,-976,0
08:30:10.84,80,-952,16
08:30:10.84,40,-944,-112
08:30:10.84,104,-968,-136
08:30:11.86,16,-1024,-272
08:30:11.86,24,-960,-272
08:30:11.86,56,-1008,-224
08:30:11.86,88,-1008,-240
08:30:11.86,96,-1008,-264
08:30:11.86,80,-960,-320
08:30:11.86,16,-960,-408
08:30:11.86,-24,-944,-432
08:30:11.86,-56,-824,-360
08:30:11.86,24,-896,-392
08:30:11.86,-16,-832,-448
08:30:11.86,8,-1032,-464
08:30:11.86,8,-1008,-384
08:30:11.86,-8,-1024,-296
08:30:11.86,-24,-864,-240
08:30:11.86,40,-968,-248
08:30:11.86,56,-1104,-256
08:30:11.86,-88,-920,-240
08:30:11.86,-8,-896,-192
08:30:11.86,-8,-1016,-144
08:30:11.86,40,-1104,-176
08:30:11.86,32,-896,-16
08:30:11.86,80,-952,-16
08:30:11.86,56,-1032,-8
08:30:11.86,96,-1056,56
08:30:12.89,24,-1096,48
08:30:12.89,-8,-1088,8
08:30:12.89,8,-992,40
08:30:12.89,-8,-928,-16
08:30:12.89,32,-872,24
08:30:12.89,16,-968,-64
08:30:12.89,-24,-992,-120
08:30:12.89,-40,-1016,-240
08:30:12.89,-8,-1040,-288
08:30:12.89,-48,-912,-248
08:30:12.89,48,-1096,-152
08:30:12.89,32,-1072,-144
08:30:12.89,-112,-888,-32
08:30:12.89,-160,-792,-48
08:30:12.89,-112,-1056,-96
08:30:12.89,-72,-856,80
08:30:12.89,8,-1064,-128
08:30:12.89,8,-928,48
08:30:12.89,72,-1072,-16
08:30:12.89,24,-984,120
08:30:12.89,24,-928,120
08:30:12.89,64,-968,56
08:30:12.89,144,-960,96
08:30:12.89,248,-1072,72
08:30:12.89,368,-1048,104
08:30:13.86,280,-1200,8
08:30:13.86,288,-1056,-16
08:30:13.86,248,-944,32
08:30:13.86,160,-1032,-176
08:30:13.86,88,-1120,-360
08:30:13.86,-56,-952,-272
08:30:13.86,-48,-984,-288
08:30:13.86,-48,-1032,-248
08:30:13.86,8,-880,-104
08:30:13.86,-72,-1000,-208
08:30:13.86,8,-1112,16
08:30:13.86,8,-1264,88
08:30:13.86,-200,-1072,456
08:30:13.86,24,-440,552
08:30:13.86,160,-800,296
08:30:13.86,280,-840,592
08:30:13.86,56,-488,664
08:30:13.86,304,-984,832
08:30:13.86,24,-1304,240
08:30:13.86,88,-672,600
08:30:13.86,72,-824,688
08:30:13.86,24,-720,584
08:30:13.86,192,-672,576
08:30:13.86,184,-776,696
08:30:13.86,112,-712,624
08:30:14.93,160,-776,656
08:30:14.93,136,-816,704
08:30:14.93,96,-896,720
08:30:14.93,112,-696,712
08:30:14.93,64,-720,784
08:30:14.93,152,-640,696
08:30:14.93,232,-480,784
08:30:14.93,320,-72,792
08:30:14.93,256,0,744
08:30:14.93,120,-96,648
08:30:14.93,40,0,632
08:30:14.93,-8,-752,592
08:30:14.93,-8,-480,624
08:30:14.93,-32,-1560,400
08:30:14.93,160,-1000,608
08:30:14.93,288,-880,696
08:30:14.93,384,-752,800
08:30:14.93,336,-576,880
08:30:14.93,248,-272,848
08:30:14.93,184,-1064,552
08:30:14.93,64,-600,592
08:30:14.93,208,-808,672
08:30:14.93,208,-1032,544
08:30:14.93,184,-816,480
08:30:14.93,304,-880,712
08:30:15.91,176,-896,680
08:30:15.91,80,-696,528
08:30:15.91,248,-2120,696
08:30:15.91,192,-552,480
08:30:15.91,208,-872,816
08:30:15.91,208,-776,600
08:30:15.91,264,-504,632
08:30:15.91,224,-600,720
08:30:15.91,120,-352,736
08:30:15.91,128,-480,864
08:30:15.91,-48,-608,544
08:30:15.91,-88,-816,616
08:30:15.91,-104,-640,592
08:30:15.91,-48,-840,672
08:30:15.91,-80,-792,576
08:30:15.91,-32,-976,544
08:30:15.91,-16,-976,576
08:30:15.91,8,-840,552
08:30:15.91,24,-616,632
08:30:15.91,48,-712,608
08:30:15.91,80,-872,768
08:30:15.91,-8,-720,552
08:30:15.91,-56,-736,560
08:30:15.91,-72,-776,568
08:30:15.91,-72,-944,424
08:30:16.88,-64,-704,376
08:30:16.88,32,-824,592
08:30:16.88,32,-656,472
08:30:16.88,0,-584,312
08:30:16.88,8,-560,160
08:30:16.88,104,-720,200
08:30:16.88,120,-1032,128
08:30:16.88,104,-1024,128
08:30:16.88,136,-1192,-16
08:30:16.88,56,-1248,-208
08:30:16.88,184,-1200,0
08:30:16.88,160,-1064,40
08:30:16.88,192,-1056,8
08:30:16.88,384,-1056,56
08:30:16.88,384,-1048,120
08:30:16.88,384,-896,72
08:30:16.88,496,-888,352
08:30:16.88,424,-832,256
08:30:16.88,504,-792,360
08:30:16.88,464,-848,328
08:30:16.88,424,-1016,280
08:30:16.88,424,-1016,240
08:30:16.88,352,-944,200
08:30:16.88,392,-1008,96
08:30:16.88,488,-1072,16
08:30:17.91,456,-1048,40
08:30:17.91,288,-1032,-56
08:30:17.91,128,-904,8
08:30:17.91,-32,-864,-40
08:30:17.91,-120,-856,-64
08:30:17.91,-104,-960,32
08:30:17.91,-136,-904,24
08:30:17.91,-72,-1088,-96
08:30:17.91,-144,-992,32
08:30:17.91,-80,-1104,-88
08:30:17.91,-32,-1016,-328
08:30:17.91,40,-1040,-136
08:30:17.91,-80,-1104,-176
08:30:17.91,-104,-1000,-248
08:30:17.91,-24,-1016,-168
08:30:17.91,-40,-920,-120
08:30:17.91,-88,-1056,-184
08:30:17.91,-112,-1000,-176
08:30:17.91,-136,-960,-128
08:30:17.91,-152,-1040,-40
08:30:17.91,-160,-968,-40
08:30:17.91,-192,-1048,8
08:30:17.91,-168,-976,56
08:30:17.91,-192,-992,120
08:30:17.91,-216,-984,96
08:30:18.93,-168,-968,192
08:30:18.93,-176,-936,224
08:30:18.93,-192,-936,264
08:30:18.93,-200,-888,264
08:30:18.93,-200,-928,296
08:30:18.93,-208,-960,352
08:30:18.93,-248,-880,408
08:30:18.93,-264,-904,448
08:30:18.93,-280,-832,536
08:30:18.93,-296,-816,520
08:30:18.93,-320,-832,520
08:30:18.93,-296,-704,512
08:30:18.93,-272,-664,512
08:30:18.93,-248,-768,512
08:30:18.93,-248,-640,608
08:30:18.93,-256,-728,576
08:30:18.93,-296,-760,576
08:30:18.93,-280,-696,616
08:30:18.93,-288,-784,600
08:30:18.93,-304,-768,560
08:30:18.93,-280,-832,512
08:30:18.93,-240,-832,488
08:30:18.93,-256,-880,352
08:30:18.93,-288,-848,312
08:30:18.93,-344,-824,248
08:30:19.91,-296,-856,72
08:30:19.91,-224,224,-608
08:30:19.91,696,544,720
08:30:19.91,1480,-1816,928
08:30:19.91,664,-1728,232
08:30:19.91,-240,-976,-64
08:30:19.91,-232,-1832,-640
08:30:19.91,136,-776,-224
08:30:19.91,696,-880,-160
08:30:19.91,544,-1016,-40
08:30:19.91,200,-1192,-368
08:30:19.91,232,-736,-504
08:30:19.91,304,-880,-472
08:30:19.91,280,-768,-472
08:30:19.91,240,-800,-336
08:30:19.91,328,-872,-384
08:30:19.91,216,-872,-544
08:30:19.91,192,-520,-544
08:30:19.91,200,-648,-672
08:30:19.91,216,-504,-872
08:30:19.91,208,-576,-824
08:30:19.91,280,-568,-864
08:30:19.91,224,-552,-840
08:30:19.91,176,-512,-952
08:30:19.91,136,-560,-968
08:30:20.93,72,-464,-904
08:30:20.93,40,-424,-912
08:30:20.93,32,-384,-880
08:30:20.93,8,-384,-888
08:30:20.93,8,-392,-856
08:30:20.93,-48,-376,-832
08:30:20.93,-8,-472,-800
08:30:20.93,-96,-416,-880
08:30:20.93,-112,-472,-840
08:30:20.93,-88,-488,-768
08:30:20.93,8,-480,-784
08:30:20.93,-136,-520,-824
08:30:20.93,-8,-624,-672
08:30:20.93,-8,-664,-832
08:30:20.93,48,-864,-704
08:30:20.93,32,-760,-680
08:30:20.93,32,-840,-632
08:30:20.93,40,-872,-536
08:30:20.93,56,-856,-536
08:30:20.93,48,-856,-552
08:30:20.93,48,-928,-512
08:30:20.93,56,-928,-496
08:30:20.93,48,-904,-496
08:30:20.93,48,-944,-432
08:30:20.93,32,-952,-416
08:30:21.91,24,-920,-328
08:30:21.91,16,-984,-328
08:30:21.91,-40,-960,-328
08:30:21.91,-72,-936,-312
08:30:21.91,-88,-1016,-312
08:30:21.91,-56,-912,-224
08:30:21.91,-104,-912,-192
08:30:21.91,-112,-1080,-176
08:30:21.91,-120,-896,-136
08:30:21.91,-80,-1016,-80
08:30:21.91,-64,-1000,8
08:30:21.91,-104,-928,56
08:30:21.91,-112,-936,64
08:30:21.91,-56,-1024,184
08:30:21.91,-120,-960,216
08:30:21.91,-112,-1032,224
08:30:21.91,-128,-960,208
08:30:21.91,-136,-1032,192
08:30:21.91,-168,-944,256
08:30:21.91,-160,-1008,304
08:30:21.91,-168,-904,384
08:30:21.91,-168,-864,360
08:30:21.91,-152,-800,416
08:30:21.91,-144,-824,424
08:30:21.91,-144,-824,368
08:30:22.93,-152,-1000,352
08:30:22.93,-184,-888,344
08:30:22.93,-208,-896,336
08:30:22.93,-208,-944,328
08:30:22.93,-168,-1008,352
08:30:22.93,-160,-832,328
08:30:22.93,-128,-888,248
08:30:22.93,-104,-928,200
08:30:22.93,-112,-872,56
08:30:22.93,-96,-896,-40
08:30:22.93,-56,-896,-288
08:30:22.93,-64,-816,-480
08:30:22.93,-48,-744,-664
08:30:22.93,-64,-608,-920
08:30:22.93,-104,-792,-960
08:30:22.93,-56,-656,-840
08:30:22.93,-24,-576,-816
08:30:22.93,24,-544,-816
08:30:22.93,32,-528,-832
08:30:22.93,56,-448,-904
08:30:22.93,56,-384,-928
08:30:22.93,88,-384,-1000
08:30:22.93,128,-384,-976
08:30:22.93,168,-448,-944
08:30:22.93,200,-456,-976
08:30:23.95,232,-472,-928
08:30:23.95,264,-472,-920
08:30:23.95,264,-496,-904
08:30:23.95,192,-480,-864
08:30:23.95,160,-464,-912
08:30:23.95,144,-416,-880
08:30:23.95,160,-392,-912
08:30:23.95,160,-392,-904
08:30:23.95,168,-368,-904
08:30:23.95,168,-376,-920
08:30:23.95,136,-384,-904
08:30:23.95,112,-416,-872
08:30:23.95,88,-440,-832
08:30:23.95,88,-456,-848
08:30:23.95,88,-496,-848
08:30:23.95,104,-512,-880
08:30:23.95,136,-512,-880
08:30:23.95,160,-520,-848
08:30:23.95,176,-520,-864
08:30:23.95,168,-504,-824
08:30:23.95,176,-496,-824
08:30:23.95,168,-504,-816
08:30:23.95,168,-504,-832
08:30:23.95,152,-520,-840
08:30:23.95,168,-536,-824
08:30:24.93,176,-520,-840
08:30:24.93,152,-512,-864
08:30:24.93,144,-504,-864
08:30:24.93,160,-480,-872
08:30:24.93,160,-496,-856
08:30:24.93,144,-512,-872
08:30:24.93,128,-496,-872
08:30:24.93,120,-504,-872
08:30:24.93,160,-504,-856
08:30:24.93,192,-496,-840
08:30:24.93,192,-512,-816
08:30:24.93,144,-504,-824
08:30:24.93,104,-488,-816
08:30:24.93,112,-480,-840
08:30:24.93,136,-504,-840
08:30:24.93,176,-496,-840
08:30:24.93,184,-528,-840
08:30:24.93,200,-536,-848
08:30:24.93,160,-536,-832
08:30:24.93,136,-544,-832
08:30:24.93,104,-528,-840
08:30:24.93,88,-496,-880
08:30:24.93,112,-496,-880
08:30:24.93,144,-456,-904
08:30:24.93,136,-472,-896
08:30:25.95,112,-480,-832
08:30:25.95,96,-464,-848
08:30:25.95,96,-488,-848
08:30:25.95,104,-472,-832
08:30:25.95,120,-456,-824
08:30:25.95,136,-512,-888
08:30:25.95,136,-488,-888
08:30:25.95,168,-496,-888
08:30:25.95,168,-520,-880
08:30:25.95,168,-480,-864
08:30:25.95,176,-504,-832
08:30:25.95,160,-488,-840
08:30:25.95,160,-504,-832
08:30:25.95,144,-512,-832
08:30:25.95,136,-520,-832
08:30:25.95,120,-472,-848
08:30:25.95,136,-480,-864
08:30:25.95,144,-504,-904
08:30:25.95,112,-456,-904
08:30:25.95,88,-456,-912
08:30:25.95,96,-464,-904
08:30:25.95,96,-464,-864
08:30:25.95,120,-464,-880
08:30:25.95,120,-448,-864
08:30:25.95,144,-464,-864
08:30:26.97,128,-464,-864
08:30:26.97,160,-496,-872
08:30:26.97,136,-496,-880
08:30:26.97,136,-480,-872
08:30:26.97,128,-448,-848
08:30:26.97,128,-456,-864
08:30:26.97,104,-464,-864
08:30:26.97,112,-496,-896
08:30:26.97,120,-496,-880
08:30:26.97,136,-480,-864
08:30:26.97,160,-496,-848
08:30:26.97,168,-472,-832
08:30:26.97,168,-480,-832
08:30:26.97,168,-440,-832
08:30:26.97,176,-456,-824
08:30:26.97,176,-528,-848
08:30:26.97,152,-528,-872
08:30:26.97,120,-528,-904
08:30:26.97,152,-504,-944
08:30:26.97,144,-496,-920
08:30:26.97,128,-448,-880
08:30:26.97,104,-440,-856
08:30:26.97,88,-432,-864
08:30:26.97,64,-408,-840
08:30:26.97,56,-400,-840
08:30:27.95,96,-432,-872
08:30:27.95,128,-432,-896
08:30:27.95,144,-488,-904
08:30:27.95,176,-528,-888
08:30:27.95,192,-568,-864
08:30:27.95,160,-528,-848
08:30:27.95,128,-520,-840
08:30:27.95,160,-496,-856
08:30:27.95,160,-448,-880
08:30:27.95,152,-456,-888
08:30:27.95,144,-472,-880
08:30:27.95,136,-488,-840
08:30:27.95,128,-496,-816
08:30:27.95,96,-504,-808
08:30:27.95,104,-512,-848
08:30:27.95,128,-504,-880
08:30:27.95,136,-488,-904
08:30:27.95,136,-472,-872
08:30:27.95,136,-448,-848
08:30:27.95,144,-464,-832
08:30:27.95,128,-464,-808
08:30:27.95,120,-504,-816
08:30:27.95,128,-512,-848
08:30:27.95,144,-536,-896
08:30:27.95,136,-536,-888
08:30:28.98,104,-512,-888
08:30:28.98,96,-464,-896
08:30:28.98,96,-440,-880
08:30:28.98,104,-432,-864
08:30:28.98,96,-432,-864
08:30:28.98,112,-456,-864
08:30:28.98,144,-480,-872
08:30:28.98,160,-488,-888
08:30:28.98,128,-472,-888
08:30:28.98,120,-504,-920
08:30:28.98,112,-480,-864
08:30:28.98,136,-472,-912
08:30:28.98,96,-528,-968
08:30:28.98,64,-552,-976
08:30:28.98,56,-600,-912
08:30:28.98,16,-672,-800
08:30:28.98,-24,-712,-752
08:30:28.98,-32,-712,-672
08:30:28.98,-56,-760,-608
08:30:28.98,-56,-728,-552
08:30:28.98,-72,-776,-496
08:30:28.98,-104,-816,-520
08:30:28.98,-112,-824,-488
08:30:28.98,-104,-872,-424
08:30:28.98,-144,-928,-424
