08:24:20.42,-1064,368,-680
08:24:20.42,-904,-80,-64
08:24:20.42,-904,-240,-264
08:24:20.42,-816,-104,-336
08:24:20.42,-776,-16,-536
08:24:20.42,-872,-16,-544
08:24:20.42,-744,-384,-544
08:24:20.42,-760,88,-568
08:24:20.42,-896,96,-688
08:24:20.42,-1008,296,-720
08:24:20.42,-1016,216,-464
08:24:20.42,-1016,328,-392
08:24:20.42,-768,472,-856
08:24:20.42,-736,272,-528
08:24:20.42,-536,560,-1176
08:24:20.42,-624,504,-632
08:24:20.42,-984,680,-600
08:24:20.42,-1096,72,-744
08:24:20.42,-832,80,-344
08:24:20.42,-784,0,-448
08:24:20.42,-744,144,-488
08:24:20.42,-680,176,-752
08:24:20.42,-832,104,-624
08:24:20.42,-856,16,-608
08:24:20.42,-912,16,-512
08:24:21.44,-968,-240,-288
08:24:21.44,-920,-152,-160
08:24:21.44,-1248,-176,64
08:24:21.44,-1320,-128,-208
08:24:21.44,-1312,96,-240
08:24:21.44,-1200,-56,-392
08:24:21.44,-1056,-256,-344
08:24:21.44,-984,-280,-264
08:24:21.44,-984,-224,-248
08:24:21.44,-960,-192,-184
08:24:21.44,-952,-184,-176
08:24:21.44,-960,-176,-144
08:24:21.44,-976,-248,-72
08:24:21.44,-992,-288,-8
08:24:21.44,-976,-288,80
08:24:21.44,-968,-272,208
08:24:21.44,-904,-240,280
08:24:21.44,-904,-288,320
08:24:21.44,-952,-296,336
08:24:21.44,-1040,-296,328
08:24:21.44,-1056,-312,336
08:24:21.44,-1016,-296,216
08:24:21.44,-984,-296,152
08:24:21.44,-984,-304,88
08:24:21.44,-992,-216,40
08:24:22.41,-1000,-248,40
08:24:22.41,-1016,-272,32
08:24:22.41,-1000,-240,0
08:24:22.41,-1032,-232,0
08:24:22.41,-1168,-240,24
08:24:22.41,-1312,-264,32
08:24:22.41,-1128,-248,40
08:24:22.41,-960,-224,40
08:24:22.41,-1064,-232,24
08:24:22.41,-1224,-232,24
08:24:22.41,-1312,-144,-32
08:24:22.41,-1264,-104,-48
08:24:22.41,-1128,-208,8
08:24:22.41,-1064,-384,144
08:24:22.41,-1000,-600,256
08:24:22.41,-864,-904,384
08:24:22.41,-800,-1576,72
08:24:22.41,-744,-1904,-64
08:24:22.41,-408,-1824,-248
08:24:22.41,-64,-1400,-296
08:24:22.41,184,-880,-240
08:24:22.41,344,-424,-392
08:24:22.41,424,64,-312
08:24:22.41,400,104,-152
08:24:22.41,392,520,104
08:24:23.44,432,512,440
08:24:23.44,504,496,544
08:24:23.44,288,176,1008
08:24:23.44,616,184,664
08:24:23.44,736,480,776
08:24:23.44,624,472,736
08:24:23.44,360,192,768
08:24:23.44,400,488,488
08:24:23.44,392,384,368
08:24:23.44,520,528,600
08:24:23.44,592,320,768
08:24:23.44,600,368,872
08:24:23.44,536,440,784
08:24:23.44,744,392,472
08:24:23.44,432,592,640
08:24:23.44,512,600,464
08:24:23.44,504,720,584
08:24:23.44,480,488,432
08:24:23.44,512,720,408
08:24:23.44,568,824,264
08:24:23.44,776,704,248
08:24:23.44,800,272,384
08:24:23.44,864,152,448
08:24:23.44,944,248,408
08:24:23.44,960,184,384
08:24:24.46,992,168,488
08:24:24.46,1008,184,504
08:24:24.46,952,216,552
08:24:24.46,880,232,536
08:24:24.46,864,256,392
08:24:24.46,936,200,328
08:24:24.46,896,96,360
08:24:24.46,864,-16,368
08:24:24.46,736,-96,424
08:24:24.46,608,-224,392
08:24:24.46,496,-216,208
08:24:24.46,272,-360,176
08:24:24.46,48,-416,208
08:24:24.46,-256,-488,200
08:24:24.46,-712,-912,144
08:24:24.46,-1072,-848,160
08:24:24.46,-1288,-880,192
08:24:24.46,-1680,-920,216
08:24:24.46,-1664,-808,216
08:24:24.46,-1672,-360,216
08:24:24.46,-1720,-384,392
08:24:24.46,-1640,-376,240
08:24:24.46,-1528,-624,144
08:24:24.46,-1352,-704,96
08:24:24.46,-1128,-648,64
08:24:25.44,-1032,-464,72
08:24:25.44,-968,-360,104
08:24:25.44,-952,-360,96
08:24:25.44,-984,-360,72
08:24:25.44,-1080,-392,48
08:24:25.44,-1344,-368,80
08:24:25.44,-1360,-336,120
08:24:25.44,-1208,-224,120
08:24:25.44,-1144,-96,112
08:24:25.44,-1096,-96,56
08:24:25.44,-1168,-152,24
08:24:25.44,-1168,-152,-40
08:24:25.44,-1096,-168,-96
08:24:25.44,-1064,-160,-128
08:24:25.44,-920,-208,-128
08:24:25.44,-744,-264,-112
08:24:25.44,-696,-344,-104
08:24:25.44,-728,-400,-112
08:24:25.44,-768,-488,-112
08:24:25.44,-800,-584,-152
08:24:25.44,-880,-600,-112
08:24:25.44,-920,-600,-56
08:24:25.44,-960,-608,8
08:24:25.44,-968,-608,152
08:24:25.44,-936,-552,176
08:24:26.46,-952,-504,168
08:24:26.46,-944,-464,136
08:24:26.46,-1008,-384,80
08:24:26.46,-1072,-328,16
08:24:26.46,-1224,-336,-40
08:24:26.46,-1224,-360,-32
08:24:26.46,-968,-320,24
08:24:26.46,-736,-296,48
08:24:26.46,-752,-272,16
08:24:26.46,-880,-216,-80
08:24:26.46,-992,-216,-120
08:24:26.46,-1088,-200,-120
08:24:26.46,-1056,-272,-64
08:24:26.46,-936,-336,16
08:24:26.46,-896,-280,24
08:24:26.46,-976,-304,48
08:24:26.46,-1032,-280,72
08:24:26.46,-1056,-248,88
08:24:26.46,-1072,-280,144
08:24:26.46,-1080,-296,160
08:24:26.46,-1048,-296,136
08:24:26.46,-1016,-280,120
08:24:26.46,-1000,-248,96
08:24:26.46,-992,-248,80
08:24:26.46,-1000,-224,48
08:24:27.49,-1024,-160,-16
08:24:27.49,-1048,-136,-8
08:24:27.49,-1064,-48,-16
08:24:27.49,-1072,-72,-40
08:24:27.49,-1120,-112,-40
08:24:27.49,-1064,-104,-32
08:24:27.49,-1048,-88,-40
08:24:27.49,-1000,-144,-8
08:24:27.49,-984,-200,24
08:24:27.49,-952,-208,16
08:24:27.49,-952,-248,8
08:24:27.49,-1008,-272,16
08:24:27.49,-1048,-272,24
08:24:27.49,-1072,-168,-16
08:24:27.49,-1080,-72,-64
08:24:27.49,-1056,-168,-104
08:24:27.49,-1040,-248,-136
08:24:27.49,-1024,-272,-168
08:24:27.49,-984,-272,-240
08:24:27.49,-928,-240,-264
08:24:27.49,-984,-288,-200
08:24:27.49,-1024,-344,-104
08:24:27.49,-1000,-352,-72
08:24:27.49,-1008,-376,-56
08:24:27.49,-1008,-288,-24
08:24:28.46,-1008,-256,-40
08:24:28.46,-1128,-240,-48
08:24:28.46,-1128,-272,-24
08:24:28.46,-1008,-344,80
08:24:28.46,-944,-280,144
08:24:28.46,-904,-224,160
08:24:28.46,-960,-104,112
08:24:28.46,-1104,-88,80
08:24:28.46,-1104,-128,112
08:24:28.46,-1040,-208,112
08:24:28.46,-1096,-256,80
08:24:28.46,-1080,-264,96
08:24:28.46,-992,-256,120
08:24:28.46,-928,-296,88
08:24:28.46,-880,-80,16
08:24:28.46,-944,-160,120
08:24:28.46,-832,24,72
08:24:28.46,-1008,-128,152
08:24:28.46,-1024,-112,8
08:24:28.46,-1104,-320,32
08:24:28.46,-1008,-304,72
08:24:28.46,-1032,-360,64
08:24:28.46,-984,-352,-8
08:24:28.46,-1008,-384,48
08:24:28.46,-1048,-376,56
08:24:29.49,-1112,-416,184
08:24:29.49,-1000,-352,288
08:24:29.49,-648,-288,480
08:24:29.49,-760,-144,256
08:24:29.49,-976,-80,0
08:24:29.49,-1152,-152,-248
08:24:29.49,-1320,-272,-416
08:24:29.49,-1376,-384,-232
08:24:29.49,-1136,-440,224
08:24:29.49,-784,-400,656
08:24:29.49,-456,-136,664
08:24:29.49,-640,-128,248
08:24:29.49,-984,-232,-128
08:24:29.49,-1112,-440,-368
08:24:29.49,-1528,-536,-552
08:24:29.49,-1472,-472,-464
08:24:29.49,-1144,-504,-200
08:24:29.49,-832,-280,32
08:24:29.49,-208,-152,544
08:24:29.49,-360,-200,464
08:24:29.49,-984,-568,104
08:24:29.49,-1528,-848,-496
08:24:29.49,-1352,-832,-544
08:24:29.49,-1056,-648,-184
08:24:29.49,-832,-512,400
08:24:30.63,-80,-400,544
08:24:30.63,-776,-568,-144
08:24:30.63,-1384,-656,-880
08:24:30.63,-1176,-600,-1032
08:24:30.63,-1056,-720,-560
08:24:30.63,-704,-752,496
08:24:30.63,-352,-712,1104
08:24:30.63,-784,-744,704
08:24:30.63,-1032,-480,-40
08:24:30.63,-1344,-264,-768
08:24:30.63,-960,-256,-992
08:24:30.63,-904,-568,-720
08:24:30.63,-760,-880,144
08:24:30.63,-736,-976,968
08:24:30.63,-728,-936,880
08:24:30.63,-960,-704,240
08:24:30.63,-1096,-368,-448
08:24:30.63,-1032,-208,-848
08:24:30.63,-680,-304,-720
08:24:30.63,-560,-624,-112
08:24:30.63,-800,-960,608
08:24:30.63,-680,-1192,1080
08:24:30.63,-640,-952,960
08:24:30.63,-648,-424,320
08:24:30.63,-1296,-192,-656
08:24:31.48,-1072,-352,-896
08:24:31.48,-672,-704,-440
08:24:31.48,-528,-1272,368
08:24:31.48,-648,-1544,872
08:24:31.48,-680,-1248,664
08:24:31.48,-760,-680,216
08:24:31.48,-1016,-232,-344
08:24:31.48,-1040,-24,-856
08:24:31.48,-816,-592,-600
08:24:31.48,-768,-1064,312
08:24:31.48,-744,-1416,1312
08:24:31.48,-704,-1296,1112
08:24:31.48,-760,-920,480
08:24:31.48,-808,-624,-112
08:24:31.48,-1032,-272,-736
08:24:31.48,-664,-168,-760
08:24:31.48,-496,-392,-344
08:24:31.48,-696,-840,352
08:24:31.48,-856,-1232,952
08:24:31.48,-864,-1032,848
08:24:31.48,-944,-824,424
08:24:31.48,-1120,-464,-72
08:24:31.48,-1120,-168,-464
08:24:31.48,-800,-240,-456
08:24:31.48,-632,-256,-328
08:24:32.51,-688,-368,-192
08:24:32.51,-824,-368,-136
08:24:32.51,-992,-360,-64
08:24:32.51,-1064,-312,-32
08:24:32.51,-1112,-328,16
08:24:32.51,-1152,-280,24
08:24:32.51,-1152,-232,16
08:24:32.51,-1096,-160,-80
08:24:32.51,-1080,-192,-200
08:24:32.51,-1056,-224,-224
08:24:32.51,-1000,-248,-232
08:24:32.51,-1016,-240,-184
08:24:32.51,-1032,-216,-128
08:24:32.51,-1008,-208,-128
08:24:32.51,-936,-208,-96
08:24:32.51,-912,-232,-72
08:24:32.51,-936,-248,-128
08:24:32.51,-912,-288,-144
08:24:32.51,-1000,-288,-112
08:24:32.51,-1048,-288,-72
08:24:32.51,-1088,-256,-64
08:24:32.51,-984,-224,-80
08:24:32.51,-1056,-176,-40
08:24:32.51,-1000,-208,-32
08:24:32.51,-1008,-240,-32
08:24:33.53,-1048,-216,-72
08:24:33.53,-968,-248,-80
08:24:33.53,-1144,-200,-88
08:24:33.53,-1032,-168,-112
08:24:33.53,-1112,-208,-72
08:24:33.53,-1000,-168,-112
08:24:33.53,-952,-280,-88
08:24:33.53,-1048,-280,-96
08:24:33.53,-1048,-232,-112
08:24:33.53,-1080,-264,-88
08:24:33.53,-1064,-328,-64
08:24:33.53,-968,-352,-16
08:24:33.53,-936,-352,16
08:24:33.53,-968,-272,16
08:24:33.53,-984,-160,-24
08:24:33.53,-1040,-104,-32
08:24:33.53,-1144,-80,-40
08:24:33.53,-1144,-120,-56
08:24:33.53,-1056,-208,-64
08:24:33.53,-952,-256,-40
08:24:33.53,-840,-264,-24
08:24:33.53,-776,-288,-32
08:24:33.53,-808,-296,-48
08:24:33.53,-880,-288,-16
08:24:33.53,-984,-304,8
08:24:34.51,-1072,-320,24
08:24:34.51,-1112,-336,96
08:24:34.51,-1048,-288,80
08:24:34.51,-1016,-264,96
08:24:34.51,-1000,-264,96
08:24:34.51,-1008,-304,88
08:24:34.51,-1024,-288,64
08:24:34.51,-992,-272,56
08:24:34.51,-936,-272,56
08:24:34.51,-952,-272,24
08:24:34.51,-992,-288,-8
08:24:34.51,-1104,-256,-32
08:24:34.51,-1192,-216,-24
08:24:34.51,-1312,-192,-40
08:24:34.51,-1144,-160,0
08:24:34.51,-1128,-224,32
08:24:34.51,-1296,-296,40
08:24:34.51,-1312,-528,88
08:24:34.51,-1192,-456,120
08:24:34.51,-944,-704,80
08:24:34.51,-704,-1048,-56
08:24:34.51,-624,-688,152
08:24:34.51,-456,-896,16
08:24:34.51,-440,-1032,408
08:24:34.51,-120,-856,136
08:24:35.53,-128,-904,360
08:24:35.53,72,-776,304
08:24:35.53,72,-848,384
08:24:35.53,136,-648,424
08:24:35.53,128,-536,456
08:24:35.53,120,-448,480
08:24:35.53,176,-376,568
08:24:35.53,304,-280,632
08:24:35.53,400,-328,696
08:24:35.53,608,-440,824
08:24:35.53,720,-424,904
08:24:35.53,696,-408,968
08:24:35.53,680,-344,856
08:24:35.53,584,-336,816
08:24:35.53,496,-320,784
08:24:35.53,480,-368,728
08:24:35.53,400,-328,816
08:24:35.53,392,-400,808
08:24:35.53,432,-248,760
08:24:35.53,512,-352,664
08:24:35.53,504,-312,728
08:24:35.53,520,-328,624
08:24:35.53,424,-64,832
08:24:35.53,496,-288,720
08:24:35.53,544,-416,664
08:24:36.55,608,-464,648
08:24:36.55,608,-440,712
08:24:36.55,656,-464,664
08:24:36.55,672,-496,624
08:24:36.55,688,-368,528
08:24:36.55,680,-368,464
08:24:36.55,664,-464,528
08:24:36.55,712,-472,528
08:24:36.55,720,-520,496
08:24:36.55,656,-656,384
08:24:36.55,568,-720,416
08:24:36.55,616,-632,392
08:24:36.55,680,-648,408
08:24:36.55,648,-688,440
08:24:36.55,656,-600,400
08:24:36.55,680,-568,312
08:24:36.55,688,-608,320
08:24:36.55,720,-648,296
08:24:36.55,728,-688,344
08:24:36.55,816,-608,336
08:24:36.55,824,-616,368
08:24:36.55,840,-488,384
08:24:36.55,840,-464,376
08:24:36.55,784,-408,456
08:24:36.55,736,-408,432
08:24:37.53,752,-344,424
08:24:37.53,664,-536,432
08:24:37.53,664,-536,440
08:24:37.53,632,-592,464
08:24:37.53,576,-672,440
08:24:37.53,680,-680,472
08:24:37.53,704,-760,472
08:24:37.53,672,-680,512
08:24:37.53,632,-560,480
08:24:37.53,616,-552,448
08:24:37.53,584,-600,488
08:24:37.53,632,-576,496
08:24:37.53,648,-544,536
08:24:37.53,640,-536,512
08:24:37.53,576,-496,568
08:24:37.53,568,-488,576
08:24:37.53,616,-528,568
08:24:37.53,592,-632,584
08:24:37.53,608,-576,576
08:24:37.53,592,-520,592
08:24:37.53,616,-456,616
08:24:37.53,600,-456,568
08:24:37.53,608,-464,480
08:24:37.53,664,-448,368
08:24:37.53,592,-544,400
08:24:38.55,568,-584,320
08:24:38.55,656,-408,144
08:24:38.55,616,-664,320
08:24:38.55,624,-616,232
08:24:38.55,752,-576,136
08:24:38.55,696,-648,240
08:24:38.55,584,-704,288
08:24:38.55,712,-856,104
08:24:38.55,712,-872,136
08:24:38.55,640,-872,200
08:24:38.55,608,-832,224
08:24:38.55,456,-824,312
08:24:38.55,360,-800,296
08:24:38.55,224,-736,336
08:24:38.55,200,-432,256
08:24:38.55,-232,-192,256
08:24:38.55,-928,-224,-8
08:24:38.55,-1776,-648,-96
08:24:38.55,-2680,-536,-80
08:24:38.55,-1592,-384,-104
08:24:38.55,-1000,-8,40
08:24:38.55,-1328,-360,0
08:24:38.55,-1376,-616,-96
08:24:38.55,-1160,-496,-32
08:24:38.55,-1016,-248,-72
08:24:39.58,-976,-368,-56
08:24:39.58,-1056,-472,-48
08:24:39.58,-1104,-496,-8
08:24:39.58,-968,-464,56
08:24:39.58,-880,-552,88
08:24:39.58,-824,-624,160
08:24:39.58,-880,-728,192
08:24:39.58,-952,-768,208
08:24:39.58,-968,-696,168
08:24:39.58,-1064,-648,224
08:24:39.58,-1216,-544,160
08:24:39.58,-1296,-520,120
08:24:39.58,-1336,-368,40
08:24:39.58,-1512,-296,-88
08:24:39.58,-1584,-240,-160
08:24:39.58,-1424,-216,-240
08:24:39.58,-1248,-216,-240
08:24:39.58,-1112,-216,-272
08:24:39.58,-992,-176,-288
08:24:39.58,-944,-192,-280
08:24:39.58,-944,-184,-280
08:24:39.58,-992,-232,-280
08:24:39.58,-1080,-232,-272
08:24:39.58,-1184,-216,-272
08:24:39.58,-1312,-208,-264
08:24:40.55,-1368,-272,-232
08:24:40.55,-1432,-432,-216
08:24:40.55,-1392,-496,-176
08:24:40.55,-1488,-496,-280
08:24:40.55,-1600,-496,-80
08:24:40.55,-1392,-696,-80
08:24:40.55,-1248,-616,-64
08:24:40.55,-1056,-560,-104
08:24:40.55,-832,-584,-64
08:24:40.55,-576,-440,24
08:24:40.55,-480,-552,56
08:24:40.55,-512,-704,168
08:24:40.55,-128,-664,120
08:24:40.55,-312,-840,160
08:24:40.55,-512,-1080,264
08:24:40.55,-504,-848,120
08:24:40.55,-512,-840,152
08:24:40.55,-456,-776,192
08:24:40.55,-504,-720,240
08:24:40.55,-552,-1024,232
08:24:40.55,-568,-920,304
08:24:40.55,-624,-840,264
08:24:40.55,-648,-1312,136
08:24:40.55,-504,-552,208
08:24:40.55,-416,-808,376
08:24:41.58,-344,-704,264
08:24:41.58,-224,-792,352
08:24:41.58,-64,-944,288
08:24:41.58,16,-992,216
08:24:41.58,-8,-976,376
08:24:41.58,-304,-1080,440
08:24:41.58,-320,-1048,456
08:24:41.58,-296,-824,384
08:24:41.58,-40,-848,184
08:24:41.58,-232,-1120,264
08:24:41.58,-128,-1008,176
08:24:41.58,-248,-1008,104
08:24:41.58,-224,-944,248
08:24:41.58,-144,-944,168
08:24:41.58,-104,-1016,272
08:24:41.58,-80,-1096,176
08:24:41.58,-96,-1024,160
08:24:41.58,-88,-896,192
08:24:41.58,-152,-760,160
08:24:41.58,-160,-608,32
08:24:41.58,-128,-648,-16
08:24:41.58,-176,-576,-56
08:24:41.58,-320,-664,-136
08:24:41.58,-544,-648,-88
08:24:41.58,-1088,-408,-136
08:24:42.55,-1872,-648,-424
08:24:42.55,-1824,-480,-448
08:24:42.55,-1216,-504,-232
08:24:42.55,-1128,-488,72
08:24:42.55,-1088,-56,-144
08:24:42.55,-1248,-432,-168
08:24:42.55,-1176,-424,-288
08:24:42.55,-984,-56,-152
08:24:42.55,-856,-184,-152
08:24:42.55,-840,-488,-184
08:24:42.55,-1056,-720,80
08:24:42.55,-888,-296,8
08:24:42.55,-944,-600,40
08:24:42.55,-1072,-728,248
08:24:42.55,-1112,-616,272
08:24:42.55,-1256,-528,40
08:24:42.55,-1352,-360,-80
08:24:42.55,-1216,-184,-72
08:24:42.55,-1128,-152,-32
08:24:42.55,-1072,-168,-16
08:24:42.55,-1008,-232,-72
08:24:42.55,-960,-216,-96
08:24:42.55,-944,-200,-80
08:24:42.55,-888,-176,-96
08:24:42.55,-880,-208,-72
08:24:43.58,-880,-216,-40
08:24:43.58,-904,-248,0
08:24:43.58,-960,-296,40
08:24:43.58,-984,-320,64
08:24:43.58,-1040,-320,120
08:24:43.58,-1104,-336,200
08:24:43.58,-1096,-392,176
08:24:43.58,-1120,-504,184
08:24:43.58,-1008,-680,56
08:24:43.58,-1000,-352,64
08:24:43.58,-976,-288,0
08:24:43.58,-976,-224,-32
08:24:43.58,-936,-256,-32
08:24:43.58,-848,-256,-24
08:24:43.58,-680,-240,24
08:24:43.58,-472,-184,96
08:24:43.58,-320,-392,184
08:24:43.58,-632,-816,296
08:24:43.58,-760,-1136,216
08:24:43.58,-840,-1192,352
08:24:43.58,-560,-1296,240
08:24:43.58,-328,-1096,152
08:24:43.58,216,-1120,200
08:24:43.58,400,-1040,552
08:24:43.58,-40,-1016,320
08:24:44.60,-664,-656,-80
08:24:44.60,-928,-976,544
08:24:44.60,-1000,-448,432
08:24:44.60,-1040,-528,232
08:24:44.60,-1056,336,152
08:24:44.60,-96,1480,-256
08:24:44.60,-544,1624,-760
08:24:44.60,-1896,-1240,232
08:24:44.60,-3112,-4080,3336
08:24:44.60,136,16,544
08:24:44.60,-1672,-1448,1592
08:24:44.60,712,-464,1464
08:24:44.60,1400,-232,-224
08:24:44.60,1184,-1128,-1184
08:24:44.60,176,-1200,320
08:24:44.60,88,-1120,96
08:24:44.60,160,-928,152
08:24:44.60,152,-800,0
08:24:44.60,296,-872,144
08:24:44.60,360,-936,272
08:24:44.60,408,-920,232
08:24:44.60,320,-960,224
08:24:44.60,312,-920,208
08:24:44.60,312,-912,160
08:24:44.60,248,-920,192
08:24:45.57,280,-952,184
08:24:45.57,288,-960,176
08:24:45.57,288,-944,200
08:24:45.57,296,-952,184
08:24:45.57,304,-944,176
08:24:45.57,288,-944,200
08:24:45.57,280,-928,200
08:24:45.57,272,-936,208
08:24:45.57,296,-920,232
08:24:45.57,288,-928,224
08:24:45.57,288,-944,208
08:24:45.57,288,-912,240
08:24:45.57,288,-928,216
08:24:45.57,288,-944,232
08:24:45.57,288,-920,240
08:24:45.57,312,-904,232
08:24:45.57,312,-920,256
08:24:45.57,304,-928,224
08:24:45.57,288,-920,248
08:24:45.57,272,-920,272
08:24:45.57,280,-912,264
08:24:45.57,288,-920,256
08:24:45.57,288,-920,256
08:24:45.57,288,-928,264
08:24:45.57,304,-920,256
08:24:46.60,304,-920,248
08:24:46.60,296,-928,256
08:24:46.60,296,-920,240
08:24:46.60,272,-920,248
08:24:46.60,280,-928,256
08:24:46.60,288,-920,248
08:24:46.60,272,-928,264
08:24:46.60,296,-928,248
08:24:46.60,296,-912,240
08:24:46.60,296,-936,248
08:24:46.60,296,-912,256
08:24:46.60,288,-920,248
08:24:46.60,288,-912,272
08:24:46.60,288,-920,256
08:24:46.60,296,-920,256
08:24:46.60,288,-920,256
08:24:46.60,296,-904,248
08:24:46.60,296,-928,248
08:24:46.60,288,-928,240
08:24:46.60,296,-928,256
08:24:46.60,296,-936,240
08:24:46.60,296,-928,256
08:24:46.60,296,-920,256
08:24:46.60,288,-912,256
08:24:46.60,288,-928,264
08:24:47.62,280,-928,248
08:24:47.62,280,-920,272
08:24:47.62,280,-920,256
08:24:47.62,296,-920,256
08:24:47.62,288,-912,264
08:24:47.62,296,-928,264
08:24:47.62,288,-912,272
08:24:47.62,312,-912,256
08:24:47.62,288,-920,248
08:24:47.62,304,-936,264
08:24:47.62,280,-920,256
08:24:47.62,296,-912,272
08:24:47.62,288,-928,264
08:24:47.62,288,-912,256
08:24:47.62,296,-912,240
08:24:47.62,296,-928,248
08:24:47.62,280,-928,248
08:24:47.62,288,-920,256
08:24:47.62,288,-912,264
08:24:47.62,296,-920,256
08:24:47.62,280,-928,256
08:24:47.62,288,-920,248
08:24:47.62,288,-920,272
08:24:47.62,288,-920,248
08:24:47.62,288,-928,264
08:24:48.60,288,-920,248
08:24:48.60,288,-920,248
08:24:48.60,272,-920,248
08:24:48.60,288,-928,256
08:24:48.60,288,-928,256
08:24:48.60,296,-920,256
08:24:48.60,296,-920,264
08:24:48.60,288,-920,256
08:24:48.60,280,-920,264
08:24:48.60,296,-928,256
08:24:48.60,280,-928,256
08:24:48.60,304,-928,256
08:24:48.60,296,-920,288
08:24:48.60,296,-944,248
08:24:48.60,280,-928,256
08:24:48.60,280,-920,288
08:24:48.60,296,-904,240
08:24:48.60,304,-912,248
08:24:48.60,280,-920,288
08:24:48.60,288,-920,248
08:24:48.60,288,-904,264
08:24:48.60,288,-912,224
08:24:48.60,288,-928,256
08:24:48.60,312,-912,232
08:24:48.60,304,-920,248
08:24:49.62,304,-912,240
08:24:49.62,304,-904,256
08:24:49.62,304,-912,248
08:24:49.62,312,-920,248
08:24:49.62,304,-920,264
08:24:49.62,304,-912,232
08:24:49.62,296,-920,248
08:24:49.62,296,-920,248
08:24:49.62,304,-920,256
08:24:49.62,296,-912,248
08:24:49.62,304,-920,232
08:24:49.62,312,-912,232
08:24:49.62,304,-920,240
08:24:49.62,312,-904,240
08:24:49.62,320,-920,240
08:24:49.62,296,-920,248
08:24:49.62,312,-920,248
08:24:49.62,312,-912,264
08:24:49.62,320,-912,240
08:24:49.62,320,-912,240
08:24:49.62,304,-920,248
08:24:49.62,296,-920,256
08:24:49.62,312,-912,240
08:24:49.62,312,-920,240
08:24:49.62,312,-928,256
08:24:50.64,288,-912,224
08:24:50.64,232,-848,248
08:24:50.64,208,-752,200
08:24:50.64,424,-1016,88
08:24:50.64,368,-872,424
08:24:50.64,464,-888,320
08:24:50.64,416,-944,200
08:24:50.64,392,-856,304
08:24:50.64,376,-880,312
08:24:50.64,400,-920,360
08:24:50.64,384,-896,400
08:24:50.64,368,-840,472
08:24:50.64,344,-808,568
08:24:50.64,456,-752,552
08:24:50.64,448,-624,560
08:24:50.64,536,-584,528
08:24:50.64,504,-624,584
08:24:50.64,544,-536,536
08:24:50.64,224,-760,400
08:24:50.64,-136,-880,800
08:24:50.64,232,-832,552
08:24:50.64,256,-376,104
08:24:50.64,448,-144,-240
08:24:50.64,1120,-48,840
08:24:50.64,88,-104,2216
08:24:51.62,536,-624,984
08:24:51.62,496,-680,632
08:24:51.62,304,-912,688
08:24:51.62,136,-1080,576
08:24:51.62,440,-800,120
08:24:51.62,328,-912,264
08:24:51.62,440,-392,496
08:24:51.62,32,-176,336
08:24:51.62,208,1016,1272
08:24:51.62,-528,400,1792
08:24:51.62,48,-336,720
08:24:51.62,-232,-408,1104
08:24:51.62,-520,-248,1536
08:24:51.62,-824,712,912
08:24:51.62,-1352,-1960,1000
08:24:51.62,-1208,-424,888
08:24:51.62,-880,336,392
08:24:51.62,-952,8,-176
08:24:51.62,-824,-24,-248
08:24:51.62,-712,-112,-184
08:24:51.62,-768,-328,200
08:24:51.62,-504,-112,48
08:24:51.62,-504,-768,104
08:24:51.62,-752,-1056,424
08:24:51.62,-664,-1096,224
08:24:52.64,-1072,-1440,240
08:24:52.64,-824,-1056,288
08:24:52.64,-944,-872,512
08:24:52.64,-872,-656,496
08:24:52.64,-904,-784,280
08:24:52.64,-824,-720,184
08:24:52.64,-648,-688,192
08:24:52.64,-496,-680,176
08:24:52.64,-656,-688,80
08:24:52.64,-864,-680,48
08:24:52.64,-984,-648,32
08:24:52.64,-1040,-488,-32
08:24:52.64,-936,-616,104
08:24:52.64,-1008,-408,80
08:24:52.64,-1216,-432,8
08:24:52.64,-1480,-392,-40
08:24:52.64,-1544,-288,-16
08:24:52.64,-1328,-248,144
08:24:52.64,-1200,-368,248
08:24:52.64,-1112,-360,224
08:24:52.64,-1112,-304,136
08:24:52.64,-1008,-304,248
08:24:52.64,-1048,-264,288
08:24:52.64,-1032,-296,328
08:24:52.64,-1088,-232,304
08:24:53.67,-1176,-136,192
08:24:53.67,-1208,-144,104
08:24:53.67,-1232,-256,72
08:24:53.67,-1104,-288,56
08:24:53.67,-912,-240,0
08:24:53.67,-752,-144,16
08:24:53.67,-608,-56,8
08:24:53.67,-608,-24,0
08:24:53.67,-712,-24,16
08:24:53.67,-688,16,-16
08:24:53.67,-712,-8,16
08:24:53.67,-816,-16,56
08:24:53.67,-864,-56,88
08:24:53.67,-976,-96,120
08:24:53.67,-976,-72,152
08:24:53.67,-920,-96,184
08:24:53.67,-1008,-120,208
08:24:53.67,-984,-176,240
08:24:53.67,-1168,-192,240
08:24:53.67,-1288,-256,256
08:24:53.67,-1008,-312,184
08:24:53.67,-936,-336,96
08:24:53.67,-1104,-304,32
08:24:53.67,-1144,-216,-24
08:24:53.67,-1120,-240,0
08:24:54.64,-1136,-224,-16
08:24:54.64,-1112,-224,-88
08:24:54.64,-1096,-264,-136
08:24:54.64,-1088,-280,-136
08:24:54.64,-1008,-160,-96
08:24:54.64,-952,-136,-56
08:24:54.64,-904,-176,8
08:24:54.64,-968,-200,64
08:24:54.64,-952,-192,112
08:24:54.64,-912,-240,88
08:24:54.64,-1056,-272,80
08:24:54.64,-1056,-264,72
08:24:54.64,-896,-352,128
08:24:54.64,-872,-432,104
08:24:54.64,-1176,-496,24
08:24:54.64,-1440,-408,-64
08:24:54.64,-1416,-176,-136
08:24:54.64,-1248,-240,-32
08:24:54.64,-1104,-336,48
08:24:54.64,-1008,-440,32
08:24:54.64,-920,-488,8
08:24:54.64,-880,-400,32
08:24:54.64,-896,-288,24
08:24:54.64,-992,-224,-48
08:24:54.64,-1016,-184,-120
08:24:55.67,-1056,-184,-112
08:24:55.67,-1000,-248,-120
08:24:55.67,-1248,-280,-232
08:24:55.67,-1328,-240,-272
08:24:55.67,-1144,-120,-240
08:24:55.67,-1000,-96,-176
08:24:55.67,-1312,-144,-232
08:24:55.67,-1200,-128,-240
08:24:55.67,-1232,-72,-232
08:24:55.67,-992,-104,-200
08:24:55.67,-856,-176,-104
08:24:55.67,-760,-256,-88
08:24:55.67,-808,-280,-24
08:24:55.67,-896,-264,56
08:24:55.67,-912,-240,-8
08:24:55.67,-992,-240,32
08:24:55.67,-1016,-224,112
08:24:55.67,-1120,-264,96
08:24:55.67,-1216,-280,16
08:24:55.67,-1248,-312,-32
08:24:55.67,-1248,-312,-48
08:24:55.67,-1064,-320,-56
08:24:55.67,-992,-320,-40
08:24:55.67,-960,-272,-96
08:24:55.67,-968,-256,-152
08:24:56.69,-1056,-248,-136
08:24:56.69,-1056,-272,-104
08:24:56.69,-976,-368,-40
08:24:56.69,-896,-328,-48
08:24:56.69,-968,-400,-8
08:24:56.69,-1064,-312,24
08:24:56.69,-1128,-384,48
08:24:56.69,-1136,-368,-24
08:24:56.69,-1216,-352,-32
08:24:56.69,-1376,-216,-24
08:24:56.69,-1256,32,56
08:24:56.69,-1112,-152,-72
08:24:56.69,-952,-400,-200
08:24:56.69,-1008,-320,-192
08:24:56.69,-1016,-216,-264
08:24:56.69,-1032,-280,-312
08:24:56.69,-1000,-256,-320
08:24:56.69,-976,-208,-280
08:24:56.69,-1016,-328,-288
08:24:56.69,-1016,-224,-312
08:24:56.69,-1024,-256,-304
08:24:56.69,-1064,-272,-264
08:24:56.69,-1048,-224,-272
08:24:56.69,-1104,-256,-264
08:24:56.69,-1120,-168,-256
08:24:57.66,-1136,-144,-232
08:24:57.66,-1216,-168,-232
08:24:57.66,-1472,-168,-232
08:24:57.66,-1200,-136,-168
08:24:57.66,-1184,-176,-120
08:24:57.66,-1304,-184,-96
08:24:57.66,-1176,-160,-80
08:24:57.66,-1032,-152,-72
08:24:57.66,-896,-120,-32
08:24:57.66,-784,-144,-8
08:24:57.66,-768,-200,-16
08:24:57.66,-816,-232,-32
08:24:57.66,-896,-280,-8
08:24:57.66,-1056,-312,32
08:24:57.66,-1184,-304,24
08:24:57.66,-1128,-240,-24
08:24:57.66,-1104,-136,56
08:24:57.66,-1000,-288,32
08:24:57.66,-1032,-200,48
08:24:57.66,-992,-200,0
08:24:57.66,-1104,-216,-56
08:24:57.66,-1248,-232,-64
08:24:57.66,-1176,-256,-56
08:24:57.66,-816,-264,-16
08:24:57.66,-912,-248,0
08:24:58.69,-1144,-224,-56
08:24:58.69,-1112,-192,-96
08:24:58.69,-1040,-168,-80
08:24:58.69,-1048,-152,-64
08:24:58.69,-984,-224,-80
08:24:58.69,-936,-232,-96
08:24:58.69,-960,-240,-96
08:24:58.69,-984,-272,-72
08:24:58.69,-968,-232,-72
08:24:58.69,-928,-280,-32
08:24:58.69,-920,-328,24
08:24:58.69,-912,-352,56
08:24:58.69,-928,-368,72
08:24:58.69,-960,-392,56
08:24:58.69,-1080,-368,32
08:24:58.69,-1128,-328,24
08:24:58.69,-1144,-320,64
08:24:58.69,-1080,-304,48
08:24:58.69,-1000,-264,56
08:24:58.69,-984,-200,16
08:24:58.69,-1024,-144,-16
08:24:58.69,-1104,-136,-48
08:24:58.69,-1136,-152,-48
08:24:58.69,-1080,-152,-56
08:24:58.69,-1000,-176,-40
08:24:59.71,-936,-184,-16
08:24:59.71,-864,-240,64
08:24:59.71,-816,-288,168
08:24:59.71,-744,-296,232
08:24:59.71,-768,-200,296
08:24:59.71,-880,-208,304
08:24:59.71,-992,-280,256
08:24:59.71,-1096,-240,160
08:24:59.71,-1064,-400,128
08:24:59.71,-1056,-184,32
08:24:59.71,-1168,-336,-24
08:24:59.71,-1152,-336,-80
08:24:59.71,-1200,-312,-56
08:24:59.71,-1088,-360,-104
08:24:59.71,-1040,-192,48
08:24:59.71,-976,-88,80
08:24:59.71,-1008,-152,24
08:24:59.71,-1096,-192,-80
08:24:59.71,-1104,-88,-184
08:24:59.71,-1008,-176,-160
08:24:59.71,-968,-48,-160
08:24:59.71,-984,-160,-216
08:24:59.71,-1040,-88,-120
08:24:59.71,-1048,-112,-184
08:24:59.71,-1072,96,-48
08:25:00.69,-1040,-224,-104
08:25:00.69,-984,-312,-216
08:25:00.69,-936,-304,-136
08:25:00.69,-920,-232,-136
08:25:00.69,-912,-168,-200
08:25:00.69,-984,-312,-232
08:25:00.69,-992,-320,-200
08:25:00.69,-1000,-304,-256
08:25:00.69,-1008,-320,-88
08:25:00.69,-976,-296,-152
08:25:00.69,-1000,-272,-80
08:25:00.69,-992,-216,-40
08:25:00.69,-1032,-128,168
08:25:00.69,-1008,-168,40
08:25:00.69,-1080,-672,-64
08:25:00.69,-1200,-656,-8
08:25:00.69,-1192,-456,-96
08:25:00.69,-1128,-544,-200
08:25:00.69,-1032,-448,-232
08:25:00.69,-920,-312,-272
08:25:00.69,-752,-504,-472
08:25:00.69,-632,-504,-536
08:25:00.69,-576,-488,-408
08:25:00.69,-560,-472,-216
08:25:00.69,-392,-560,-432
08:25:01.71,-288,-896,-784
08:25:01.71,-312,-1192,-576
08:25:01.71,-376,-528,-416
08:25:01.71,-456,-512,-176
08:25:01.71,-472,-1048,-288
08:25:01.71,-368,-880,-288
08:25:01.71,-376,-1008,-432
08:25:01.71,-536,-976,-136
08:25:01.71,-320,-936,-272
08:25:01.71,-160,-992,-392
08:25:01.71,-312,-896,-184
08:25:01.71,-368,-936,-24
08:25:01.71,-136,-832,-96
08:25:01.71,-104,-840,-152
08:25:01.71,-32,-952,-208
08:25:01.71,88,-880,-440
08:25:01.71,48,-976,-208
08:25:01.71,40,-952,-272
08:25:01.71,-48,-864,-376
08:25:01.71,16,-808,-424
08:25:01.71,24,-896,-552
08:25:01.71,16,-824,-536
08:25:01.71,-64,-936,-536
08:25:01.71,-48,-1024,-600
08:25:01.71,-40,-976,-616
08:25:02.73,24,-856,-584
08:25:02.73,-72,-1088,-552
08:25:02.73,-160,-944,-512
08:25:02.73,-352,-960,-408
08:25:02.73,-128,-760,-448
08:25:02.73,472,-760,-560
08:25:02.73,480,-736,-432
08:25:02.73,576,-576,-456
08:25:02.73,488,-800,-544
08:25:02.73,8,-920,-368
08:25:02.73,-248,-1376,-360
08:25:02.73,-104,-1016,-440
08:25:02.73,24,-936,-448
08:25:02.73,-24,-1032,-336
08:25:02.73,120,-800,-440
08:25:02.73,312,-752,-352
08:25:02.73,384,-808,-280
08:25:02.73,328,-792,-320
08:25:02.73,456,-768,-184
08:25:02.73,144,-1016,-272
08:25:02.73,-104,-1376,-296
08:25:02.73,-432,-1208,-96
08:25:02.73,-448,-1288,-48
08:25:02.73,-104,-1064,16
08:25:02.73,-128,-976,-40
08:25:03.71,-48,-1008,-32
08:25:03.71,88,-808,-128
08:25:03.71,120,-920,-32
08:25:03.71,152,-808,40
08:25:03.71,128,-784,-56
08:25:03.71,312,-872,-224
08:25:03.71,-72,-1272,24
08:25:03.71,-512,-1368,-56
08:25:03.71,-480,-1160,8
08:25:03.71,-288,-1232,-88
08:25:03.71,-40,-992,-176
08:25:03.71,184,-728,-176
08:25:03.71,376,-648,-80
08:25:03.71,368,-744,-144
08:25:03.71,296,-1032,-216
08:25:03.71,120,-1216,-336
08:25:03.71,-256,-1152,-480
08:25:03.71,-1008,-1432,-144
08:25:03.71,-880,-1088,24
08:25:03.71,-552,-1240,-272
08:25:03.71,-168,-904,-560
08:25:03.71,16,-752,-608
08:25:03.71,176,-992,-480
08:25:03.71,56,-976,-280
08:25:03.71,-16,-688,-208
08:25:04.73,128,-760,-304
08:25:04.73,72,-888,-192
08:25:04.73,104,-984,-176
08:25:04.73,-160,-1400,-192
08:25:04.73,-560,-1304,-192
08:25:04.73,-480,-1152,-296
08:25:04.73,-184,-1056,-336
08:25:04.73,-16,-1192,-208
08:25:04.73,280,-792,-424
08:25:04.73,480,-712,-384
08:25:04.73,672,-904,-168
08:25:04.73,664,-768,-24
08:25:04.73,592,-888,0
08:25:04.73,464,-824,-96
08:25:04.73,16,-968,-8
08:25:04.73,-32,-1400,-168
08:25:04.73,96,-1256,-392
08:25:04.73,-48,-952,-192
08:25:04.73,56,-968,-248
08:25:04.73,-176,-1128,-160
08:25:04.73,8,-928,-192
08:25:04.73,-168,-1096,-232
08:25:04.73,-152,-1160,-168
08:25:04.73,-136,-1040,-40
08:25:04.73,64,-992,-96
08:25:05.76,32,-928,-360
08:25:05.76,128,-768,-320
08:25:05.76,368,-752,-384
08:25:05.76,328,-1016,-272
08:25:05.76,152,-944,-88
08:25:05.76,208,-984,-136
08:25:05.76,24,-840,-120
08:25:05.76,-176,-1216,-64
08:25:05.76,-168,-1232,-104
08:25:05.76,-248,-816,0
08:25:05.76,-256,-1064,-96
08:25:05.76,-152,-992,-128
08:25:05.76,-8,-728,-208
08:25:05.76,256,-808,-264
08:25:05.76,400,-944,24
08:25:05.76,320,-1104,8
08:25:05.76,208,-936,-32
08:25:05.76,168,-968,-72
08:25:05.76,-104,-1144,56
08:25:05.76,-288,-1224,16
08:25:05.76,-112,-1208,-24
08:25:05.76,-16,-960,8
08:25:05.76,-112,-1016,40
08:25:05.76,-72,-904,0
08:25:05.76,-32,-760,-184
08:25:06.73,-64,-1040,-320
08:25:06.73,120,-1032,-328
08:25:06.73,144,-968,-304
08:25:06.73,240,-824,-408
08:25:06.73,88,-888,-368
08:25:06.73,72,-1136,-416
08:25:06.73,8,-1088,-424
08:25:06.73,-16,-1104,-472
08:25:06.73,96,-1032,-480
08:25:06.73,72,-784,-472
08:25:06.73,120,-864,-376
08:25:06.73,208,-760,-480
08:25:06.73,328,-776,-432
08:25:06.73,384,-880,-320
08:25:06.73,344,-912,-304
08:25:06.73,256,-832,-328
08:25:06.73,240,-1056,-320
08:25:06.73,-144,-968,-88
08:25:06.73,8,-1080,-192
08:25:06.73,152,-856,-248
08:25:06.73,184,-1056,-272
08:25:06.73,256,-928,-368
08:25:06.73,240,-800,-224
08:25:06.73,168,-672,-312
08:25:06.73,224,-1000,-384
08:25:07.76,0,-1104,-352
08:25:07.76,80,-1104,-456
08:25:07.76,288,-912,-384
08:25:07.76,272,-1008,-336
08:25:07.76,192,-808,-320
08:25:07.76,120,-968,-256
08:25:07.76,152,-1000,-352
08:25:07.76,200,-968,-488
08:25:07.76,152,-992,-472
08:25:07.76,32,-952,-360
08:25:07.76,-72,-1200,-312
08:25:07.76,-48,-880,-304
08:25:07.76,-88,-976,-216
08:25:07.76,-24,-840,-168
08:25:07.76,0,-808,-144
08:25:07.76,0,-760,-80
08:25:07.76,16,-904,-112
08:25:07.76,8,-960,-192
08:25:07.76,-24,-928,-208
08:25:07.76,-80,-888,-328
08:25:07.76,-192,-824,-272
08:25:07.76,-248,-808,-312
08:25:07.76,-384,-1008,-440
08:25:07.76,-304,-1288,-504
08:25:07.76,-288,-1024,-368
08:25:08.78,-296,-896,-288
08:25:08.78,-232,-848,-320
08:25:08.78,-304,-912,-368
08:25:08.78,-360,-840,-192
08:25:08.78,-432,-840,40
08:25:08.78,-592,-384,-128
08:25:08.78,-816,-480,-112
08:25:08.78,-1080,-528,-48
08:25:08.78,-1160,-144,40
08:25:08.78,-1288,64,144
08:25:08.78,-1416,-88,136
08:25:08.78,-1360,-248,96
08:25:08.78,-1200,-328,104
08:25:08.78,-1024,-400,168
08:25:08.78,-872,-400,168
08:25:08.78,-768,-392,136
08:25:08.78,-768,-320,120
08:25:08.78,-856,-288,136
08:25:08.78,-888,-296,80
08:25:08.78,-968,-328,40
08:25:08.78,-1096,-288,8
08:25:08.78,-1264,-208,-40
08:25:08.78,-1320,-160,-96
08:25:08.78,-1384,-144,-88
08:25:08.78,-1496,-88,-104
08:25:09.80,-1440,-168,-120
08:25:09.80,-1344,-160,-120
08:25:09.80,-1168,-240,-120
08:25:09.80,-1000,-256,-88
08:25:09.80,-832,-248,-48
08:25:09.80,-688,-256,32
08:25:09.80,-616,-272,64
08:25:09.80,-616,-288,88
08:25:09.80,-752,-296,88
08:25:09.80,-928,-312,96
08:25:09.80,-1248,-320,88
08:25:09.80,-1472,-336,96
08:25:09.80,-1472,-336,152
08:25:09.80,-1256,-264,168
08:25:09.80,-1104,-200,136
08:25:09.80,-1120,-192,96
08:25:09.80,-1008,-272,64
08:25:09.80,-1016,-304,72
08:25:09.80,-1048,-280,104
08:25:09.80,-1048,-152,160
08:25:09.80,-1048,-80,200
08:25:09.80,-920,-104,352
08:25:09.80,-904,-112,336
08:25:09.80,-944,-120,232
08:25:09.80,-976,-72,208
08:25:10.78,-984,-96,200
08:25:10.78,-936,-120,224
08:25:10.78,-896,-168,200
08:25:10.78,-856,-216,168
08:25:10.78,-880,-232,184
08:25:10.78,-880,-208,192
08:25:10.78,-952,-216,208
08:25:10.78,-1048,-176,200
08:25:10.78,-1120,-120,152
08:25:10.78,-1088,-40,104
08:25:10.78,-1216,-48,48
08:25:10.78,-1264,-64,24
08:25:10.78,-1224,-56,16
08:25:10.78,-1160,-88,24
08:25:10.78,-1056,-144,-24
08:25:10.78,-1072,-168,-72
08:25:10.78,-1008,-208,-152
08:25:10.78,-1032,-208,-160
08:25:10.78,-1000,-200,-184
08:25:10.78,-1008,-216,-224
08:25:10.78,-944,-256,-200
08:25:10.78,-968,-248,-144
08:25:10.78,-992,-248,-120
08:25:10.78,-1040,-240,-120
08:25:10.78,-1136,-248,-80
08:25:11.75,-1160,-304,24
08:25:11.75,-1112,-320,112
08:25:11.75,-1096,-392,200
08:25:11.75,-1080,-472,280
08:25:11.75,-1104,-360,304
08:25:11.75,-1200,-296,328
08:25:11.75,-1152,-288,240
08:25:11.75,-1200,-256,160
08:25:11.75,-1144,-168,104
08:25:11.75,-1152,-248,24
08:25:11.75,-1056,-272,-16
08:25:11.75,-1088,-240,-32
08:25:11.75,-1000,-184,-80
08:25:11.75,-928,-192,-56
08:25:11.75,-912,-192,-32
08:25:11.75,-864,-216,-24
08:25:11.75,-872,-224,8
08:25:11.75,-896,-240,48
08:25:11.75,-944,-280,128
08:25:11.75,-976,-280,184
08:25:11.75,-1000,-288,232
08:25:11.75,-1048,-296,272
08:25:11.75,-1064,-288,288
08:25:11.75,-1096,-304,264
08:25:11.75,-1064,-312,240
08:25:12.78,-1008,-280,208
08:25:12.78,-960,-304,192
08:25:12.78,-968,-288,152
08:25:12.78,-952,-304,112
08:25:12.78,-944,-304,104
08:25:12.78,-952,-320,64
08:25:12.78,-984,-280,40
08:25:12.78,-984,-248,8
08:25:12.78,-1000,-248,0
08:25:12.78,-1032,-232,-24
08:25:12.78,-1048,-232,-32
08:25:12.78,-1088,-232,-48
08:25:12.78,-1040,-224,-40
08:25:12.78,-976,-224,-32
08:25:12.78,-944,-224,-40
08:25:12.78,-1000,-344,-64
08:25:12.78,-1088,-368,-56
08:25:12.78,-1016,-328,-56
08:25:12.78,-992,-344,-48
08:25:12.78,-944,-464,-32
08:25:12.78,-952,-480,-8
08:25:12.78,-928,-512,16
08:25:12.78,-928,-504,8
08:25:12.78,-880,-480,56
08:25:12.78,-864,-496,48
08:25:13.80,-864,-440,40
08:25:13.80,-856,-472,16
08:25:13.80,-768,-424,32
08:25:13.80,-672,-456,32
08:25:13.80,-624,-456,8
08:25:13.80,-576,-480,32
08:25:13.80,-536,-408,104
08:25:13.80,-496,-448,168
08:25:13.80,-504,-368,256
08:25:13.80,-400,-336,160
08:25:13.80,-528,-400,160
08:25:13.80,-648,-424,232
08:25:13.80,-936,-568,168
08:25:13.80,-1056,-648,296
08:25:13.80,-1264,-808,272
08:25:13.80,-1152,-1056,56
08:25:13.80,-1008,-728,248
08:25:13.80,-1176,-128,72
08:25:13.80,-960,80,208
08:25:13.80,-1096,88,88
08:25:13.80,-696,-80,-104
08:25:13.80,-928,-776,-408
08:25:13.80,-448,-4040,-48
08:25:13.80,-464,-1384,-2272
08:25:13.80,-1104,-2152,264
08:25:14.78,-1744,-872,1736
08:25:14.78,200,-768,1216
08:25:14.78,848,-1200,-1600
08:25:14.78,-120,-1592,-984
08:25:14.78,448,-240,304
08:25:14.78,688,504,-480
08:25:14.78,968,272,-408
08:25:14.78,632,464,-432
08:25:14.78,488,520,-272
08:25:14.78,592,480,-384
08:25:14.78,872,360,-632
08:25:14.78,792,344,-704
08:25:14.78,784,304,-512
08:25:14.78,792,208,-424
08:25:14.78,784,240,-544
08:25:14.78,792,240,-592
08:25:14.78,808,240,-568
08:25:14.78,800,240,-576
08:25:14.78,816,200,-504
08:25:14.78,840,184,-624
08:25:14.78,928,104,-664
08:25:14.78,864,-112,-616
08:25:14.78,800,304,-464
08:25:14.78,840,-72,-296
08:25:14.78,816,-120,-88
08:25:15.80,776,-224,96
08:25:15.80,752,-88,-72
08:25:15.80,776,208,-472
08:25:15.80,760,168,-880
08:25:15.80,816,264,-808
08:25:15.80,864,304,-840
08:25:15.80,816,200,-760
08:25:15.80,728,128,-552
08:25:15.80,760,88,-520
08:25:15.80,768,112,-536
08:25:15.80,768,144,-584
08:25:15.80,776,136,-616
08:25:15.80,792,144,-640
08:25:15.80,800,128,-656
08:25:15.80,808,112,-616
08:25:15.80,800,104,-568
08:25:15.80,800,88,-504
08:25:15.80,800,88,-480
08:25:15.80,808,64,-472
08:25:15.80,824,88,-488
08:25:15.80,824,104,-536
08:25:15.80,824,112,-544
08:25:15.80,832,128,-528
08:25:15.80,840,136,-528
08:25:15.80,840,120,-520
08:25:16.82,832,112,-480
08:25:16.82,840,104,-456
08:25:16.82,832,112,-448
08:25:16.82,840,104,-472
08:25:16.82,840,136,-488
08:25:16.82,848,136,-504
08:25:16.82,840,128,-528
08:25:16.82,840,128,-512
08:25:16.82,840,112,-488
08:25:16.82,840,112,-448
08:25:16.82,848,120,-456
08:25:16.82,856,120,-472
08:25:16.82,856,128,-480
08:25:16.82,856,128,-488
08:25:16.82,848,144,-496
08:25:16.82,848,136,-488
08:25:16.82,864,128,-472
08:25:16.82,856,128,-456
08:25:16.82,856,120,-440
08:25:16.82,840,128,-440
08:25:16.82,872,136,-424
08:25:16.82,856,144,-424
08:25:16.82,872,152,-440
08:25:16.82,848,144,-456
08:25:16.82,856,168,-456
08:25:17.80,864,160,-440
08:25:17.80,864,152,-432
08:25:17.80,864,160,-424
08:25:17.80,864,160,-424
08:25:17.80,872,152,-448
08:25:17.80,864,160,-448
08:25:17.80,864,160,-424
08:25:17.80,856,160,-432
08:25:17.80,864,152,-448
08:25:17.80,856,152,-440
08:25:17.80,848,160,-440
08:25:17.80,864,152,-448
08:25:17.80,864,160,-448
08:25:17.80,872,168,-424
08:25:17.80,872,168,-424
08:25:17.80,856,168,-432
08:25:17.80,864,160,-432
08:25:17.80,872,168,-456
08:25:17.80,864,168,-424
08:25:17.80,864,160,-440
08:25:17.80,872,160,-432
08:25:17.80,864,184,-424
08:25:17.80,864,176,-432
08:25:17.80,864,176,-440
08:25:17.80,872,184,-440
08:25:18.82,864,176,-448
08:25:18.82,872,184,-424
08:25:18.82,856,184,-432
08:25:18.82,864,176,-424
08:25:18.82,864,184,-432
08:25:18.82,864,184,-448
08:25:18.82,864,176,-440
08:25:18.82,856,168,-456
08:25:18.82,872,176,-440
08:25:18.82,864,176,-432
08:25:18.82,864,176,-424
08:25:18.82,856,176,-424
08:25:18.82,848,192,-416
08:25:18.82,856,184,-424
08:25:18.82,864,184,-448
08:25:18.82,864,184,-456
08:25:18.82,872,184,-464
08:25:18.82,856,176,-448
08:25:18.82,856,168,-424
08:25:18.82,864,184,-440
08:25:18.82,856,176,-432
08:25:18.82,856,176,-432
08:25:18.82,872,168,-416
08:25:18.82,856,176,-408
08:25:18.82,856,192,-432
08:25:19.84,872,184,-456
08:25:19.84,864,160,-464
08:25:19.84,856,168,-440
08:25:19.84,856,168,-424
08:25:19.84,856,176,-416
08:25:19.84,864,176,-432
08:25:19.84,872,184,-440
08:25:19.84,864,184,-432
08:25:19.84,856,176,-416
08:25:19.84,840,184,-424
08:25:19.84,872,168,-440
08:25:19.84,864,184,-448
08:25:19.84,848,176,-456
08:25:19.84,864,176,-440
08:25:19.84,864,176,-448
08:25:19.84,864,168,-448
08:25:19.84,864,176,-424
08:25:19.84,872,168,-432
08:25:19.84,864,160,-440
08:25:19.84,872,168,-432
08:25:19.84,864,176,-440
08:25:19.84,872,168,-448
08:25:19.84,880,176,-440
08:25:19.84,872,160,-432
08:25:19.84,880,168,-408
08:25:20.82,880,160,-400
08:25:20.82,856,160,-408
08:25:20.82,872,168,-376
08:25:20.82,872,184,-408
08:25:20.82,872,200,-416
08:25:20.82,880,192,-424
08:25:20.82,880,192,-440
08:25:20.82,880,168,-440
08:25:20.82,912,168,-464
08:25:20.82,928,152,-480
08:25:20.82,944,152,-520
08:25:20.82,912,168,-424
08:25:20.82,872,160,-288
08:25:20.82,864,168,-216
08:25:20.82,840,152,-160
08:25:20.82,880,200,-192
08:25:20.82,928,216,-200
08:25:20.82,928,232,-248
08:25:20.82,952,256,-248
08:25:20.82,928,240,-224
08:25:20.82,912,248,-232
08:25:20.82,920,200,-256
08:25:20.82,912,224,-248
08:25:20.82,912,216,-256
08:25:20.82,936,208,-272
08:25:21.84,920,224,-264
08:25:21.84,936,224,-280
08:25:21.84,904,216,-232
08:25:21.84,888,224,-208
08:25:21.84,872,208,-176
08:25:21.84,880,208,-168
08:25:21.84,888,192,-232
08:25:21.84,880,184,-320
08:25:21.84,880,184,-360
08:25:21.84,872,184,-408
08:25:21.84,872,184,-432
08:25:21.84,872,216,-528
08:25:21.84,864,200,-568
08:25:21.84,848,184,-568
08:25:21.84,840,176,-552
08:25:21.84,832,160,-528
08:25:21.84,840,136,-488
08:25:21.84,832,152,-496
08:25:21.84,832,160,-504
08:25:21.84,840,176,-520
08:25:21.84,832,160,-512
08:25:21.84,824,176,-504
08:25:21.84,824,160,-488
08:25:21.84,816,168,-472
08:25:21.84,816,168,-472
08:25:22.87,800,200,-480
08:25:22.87,792,232,-512
08:25:22.87,784,240,-584
08:25:22.87,792,216,-616
08:25:22.87,800,184,-600
08:25:22.87,800,176,-568
08:25:22.87,800,168,-544
08:25:22.87,784,168,-536
08:25:22.87,784,184,-560
08:25:22.87,784,192,-552
08:25:22.87,792,168,-552
08:25:22.87,792,184,-544
08:25:22.87,792,176,-544
08:25:22.87,800,168,-552
08:25:22.87,784,168,-552
08:25:22.87,784,168,-544
08:25:22.87,792,176,-544
08:25:22.87,776,168,-552
08:25:22.87,784,168,-544
08:25:22.87,792,160,-560
08:25:22.87,792,168,-552
08:25:22.87,792,160,-552
08:25:22.87,792,168,-560
08:25:22.87,808,160,-544
08:25:22.87,792,168,-560
08:25:23.84,800,168,-536
08:25:23.84,792,168,-544
08:25:23.84,800,168,-536
08:25:23.84,792,160,-528
08:25:23.84,800,160,-528
08:25:23.84,800,168,-544
08:25:23.84,800,152,-544
08:25:23.84,800,160,-528
08:25:23.84,800,168,-528
08:25:23.84,800,168,-544
08:25:23.84,808,144,-544
08:25:23.84,800,160,-528
08:25:23.84,808,160,-552
08:25:23.84,808,144,-544
08:25:23.84,800,152,-544
08:25:23.84,800,160,-544
08:25:23.84,800,168,-536
08:25:23.84,800,160,-552
08:25:23.84,800,160,-544
08:25:23.84,800,152,-552
08:25:23.84,792,144,-552
08:25:23.84,800,152,-536
08:25:23.84,800,152,-544
08:25:23.84,792,152,-552
08:25:23.84,784,160,-552
08:25:24.86,800,160,-552
08:25:24.86,792,136,-536
08:25:24.86,808,144,-544
08:25:24.86,816,144,-544
08:25:24.86,800,144,-552
08:25:24.86,792,128,-544
08:25:24.86,808,144,-552
08:25:24.86,792,152,-536
08:25:24.86,800,160,-544
08:25:24.86,792,144,-552
08:25:24.86,792,128,-536
08:25:24.86,792,136,-552
08:25:24.86,792,128,-560
08:25:24.86,792,120,-576
08:25:24.86,792,128,-584
08:25:24.86,792,128,-568
08:25:24.86,792,128,-568
08:25:24.86,792,128,-552
08:25:24.86,792,128,-552
08:25:24.86,776,128,-552
08:25:24.86,792,120,-544
08:25:24.86,792,136,-544
08:25:24.86,800,120,-584
08:25:24.86,792,128,-616
08:25:24.86,792,112,-608
08:25:25.89,784,112,-576
08:25:25.89,784,120,-552
08:25:25.89,784,120,-568
08:25:25.89,784,120,-576
08:25:25.89,776,128,-568
08:25:25.89,784,128,-560
08:25:25.89,784,128,-568
08:25:25.89,792,136,-576
08:25:25.89,800,112,-552
08:25:25.89,784,128,-576
08:25:25.89,784,128,-568
08:25:25.89,784,120,-568
08:25:25.89,800,112,-568
08:25:25.89,784,128,-568
08:25:25.89,800,120,-560
08:25:25.89,800,128,-560
08:25:25.89,784,128,-560
08:25:25.89,792,112,-552
08:25:25.89,792,120,-576
08:25:25.89,792,128,-568
08:25:25.89,800,128,-552
08:25:25.89,792,120,-560
08:25:25.89,800,120,-552
08:25:25.89,808,120,-560
08:25:25.89,792,120,-552
08:25:26.87,808,120,-568
08:25:26.87,808,136,-560
08:25:26.87,800,128,-544
08:25:26.87,800,120,-552
08:25:26.87,800,128,-560
08:25:26.87,784,120,-552
08:25:26.87,800,128,-552
08:25:26.87,792,128,-544
08:25:26.87,800,128,-552
08:25:26.87,800,128,-552
08:25:26.87,800,120,-560
08:25:26.87,808,112,-552
08:25:26.87,800,120,-560
08:25:26.87,792,120,-552
08:25:26.87,808,136,-552
08:25:26.87,792,120,-560
08:25:26.87,816,120,-552
08:25:26.87,800,120,-552
08:25:26.87,800,120,-544
08:25:26.87,792,112,-536
08:25:26.87,808,120,-536
08:25:26.87,800,112,-552
08:25:26.87,792,112,-544
08:25:26.87,808,120,-560
08:25:26.87,800,128,-544
08:25:27.89,808,112,-544
08:25:27.89,784,120,-536
08:25:27.89,792,112,-552
08:25:27.89,800,112,-544
08:25:27.89,800,112,-552
08:25:27.89,800,104,-552
08:25:27.89,800,112,-552
08:25:27.89,800,112,-536
08:25:27.89,816,120,-544
08:25:27.89,808,104,-544
08:25:27.89,800,112,-552
08:25:27.89,808,112,-544
08:25:27.89,808,120,-544
08:25:27.89,792,104,-544
08:25:27.89,800,120,-552
08:25:27.89,800,112,-544
08:25:27.89,816,112,-528
08:25:27.89,800,120,-552
08:25:27.89,792,120,-544
08:25:27.89,792,104,-544
08:25:27.89,808,112,-544
08:25:27.89,816,112,-552
08:25:27.89,808,104,-560
08:25:27.89,824,112,-544
08:25:27.89,816,120,-560
08:25:28.91,800,120,-552
08:25:28.91,800,112,-536
08:25:28.91,808,112,-544
08:25:28.91,800,120,-552
08:25:28.91,800,112,-552
08:25:28.91,808,104,-544
08:25:28.91,800,104,-544
08:25:28.91,800,104,-544
08:25:28.91,808,120,-544
08:25:28.91,808,112,-552
08:25:28.91,800,96,-552
08:25:28.91,792,112,-552
08:25:28.91,808,112,-552
08:25:28.91,800,112,-560
08:25:28.91,808,112,-552
08:25:28.91,808,104,-552
08:25:28.91,808,104,-544
08:25:28.91,800,112,-552
08:25:28.91,800,112,-568
08:25:28.91,800,120,-536
08:25:28.91,800,104,-560
08:25:28.91,800,104,-552
08:25:28.91,808,120,-552
08:25:28.91,808,120,-552
08:25:28.91,808,104,-536
08:25:29.94,792,112,-536
08:25:29.94,816,112,-544
08:25:29.94,800,104,-536
08:25:29.94,800,128,-552
08:25:29.94,808,104,-552
08:25:29.94,808,120,-552
08:25:29.94,792,112,-552
08:25:29.94,800,104,-536
08:25:29.94,792,104,-552
08:25:29.94,784,96,-536
08:25:29.94,792,64,-520
08:25:29.94,768,48,-536
08:25:29.94,776,24,-560
08:25:29.94,760,8,-584
08:25:29.94,744,0,-600
08:25:29.94,800,-16,-704
08:25:29.94,800,-16,-672
08:25:29.94,752,-24,-608
08:25:29.94,752,-32,-648
08:25:29.94,752,-24,-704
08:25:29.94,728,-32,-656
08:25:29.94,736,-48,-640
08:25:29.94,760,-64,-680
08:25:29.94,776,-72,-672
08:25:29.94,728,-40,-624
08:25:30.91,736,-40,-640
08:25:30.91,736,-40,-656
08:25:30.91,744,-56,-680
08:25:30.91,744,-32,-680
08:25:30.91,744,-32,-664
08:25:30.91,736,-32,-656
08:25:30.91,736,-40,-648
08:25:30.91,736,-32,-640
08:25:30.91,752,-40,-656
08:25:30.91,736,-32,-656
08:25:30.91,736,-32,-648
08:25:30.91,736,-40,-640
08:25:30.91,736,-32,-640
08:25:30.91,744,-32,-664
08:25:30.91,744,-32,-656
08:25:30.91,744,-32,-656
08:25:30.91,736,-32,-656
08:25:30.91,752,-16,-624
08:25:30.91,744,-24,-648
08:25:30.91,752,-24,-648
08:25:30.91,736,-32,-640
08:25:30.91,744,-24,-616
08:25:30.91,744,-16,-648
08:25:30.91,744,-24,-648
08:25:30.91,744,-16,-656
08:25:31.94,752,-16,-656
08:25:31.94,736,-24,-648
08:25:31.94,744,-32,-632
08:25:31.94,736,-24,-664
08:25:31.94,736,-24,-664
08:25:31.94,736,-16,-656
08:25:31.94,752,-24,-656
08:25:31.94,744,-16,-640
08:25:31.94,744,-24,-648
08:25:31.94,736,-32,-648
08:25:31.94,744,-24,-656
08:25:31.94,744,-24,-664
08:25:31.94,736,-24,-640
08:25:31.94,744,-24,-656
08:25:31.94,744,-16,-640
08:25:31.94,736,-16,-648
08:25:31.94,752,-32,-656
08:25:31.94,736,-24,-656
08:25:31.94,744,-32,-656
08:25:31.94,728,-16,-648
08:25:31.94,752,-24,-656
08:25:31.94,736,-16,-640
08:25:31.94,744,-16,-656
08:25:31.94,736,-24,-640
08:25:31.94,744,-24,-664
08:25:32.91,728,-24,-648
08:25:32.91,736,-16,-648
08:25:32.91,744,-16,-640
08:25:32.91,736,-16,-648
08:25:32.91,736,-16,-664
08:25:32.91,744,-16,-648
08:25:32.91,744,-16,-640
08:25:32.91,752,-16,-648
08:25:32.91,744,-16,-648
08:25:32.91,736,-16,-648
08:25:32.91,744,-32,-648
08:25:32.91,736,-16,-648
08:25:32.91,752,-16,-640
08:25:32.91,736,-16,-648
08:25:32.91,736,-24,-656
08:25:32.91,736,-16,-648
08:25:32.91,744,-16,-656
08:25:32.91,744,-8,-656
08:25:32.91,736,-8,-632
08:25:32.91,736,-8,-656
08:25:32.91,736,-16,-656
08:25:32.91,744,-16,-640
08:25:32.91,744,-16,-648
08:25:32.91,744,-16,-664
08:25:32.91,744,-24,-648
08:25:33.94,752,-24,-648
08:25:33.94,736,-8,-640
08:25:33.94,744,-24,-656
08:25:33.94,728,-24,-648
08:25:33.94,744,-16,-648
08:25:33.94,744,-16,-656
08:25:33.94,752,-24,-640
08:25:33.94,736,-16,-648
08:25:33.94,744,-24,-648
08:25:33.94,736,-24,-640
08:25:33.94,736,-16,-656
08:25:33.94,744,-24,-656
08:25:33.94,736,-16,-656
08:25:33.94,744,-24,-656
08:25:33.94,736,-24,-648
08:25:33.94,736,-16,-640
08:25:33.94,744,-24,-648
08:25:33.94,744,-16,-648
08:25:33.94,736,-24,-656
08:25:33.94,736,-24,-648
08:25:33.94,736,-24,-648
08:25:33.94,736,-24,-640
08:25:33.94,752,-16,-648
08:25:33.94,744,-16,-656
08:25:33.94,736,-24,-640
08:25:34.96,744,-32,-648
08:25:34.96,736,-8,-656
08:25:34.96,744,-8,-640
08:25:34.96,736,-32,-648
08:25:34.96,760,-16,-640
08:25:34.96,736,-16,-648
08:25:34.96,728,-16,-648
08:25:34.96,744,-24,-664
08:25:34.96,736,-16,-648
08:25:34.96,736,-24,-656
08:25:34.96,736,-24,-648
08:25:34.96,736,-16,-648
08:25:34.96,744,-16,-640
08:25:34.96,736,-16,-648
08:25:34.96,744,-16,-640
08:25:34.96,736,-16,-648
08:25:34.96,744,-24,-640
08:25:34.96,744,-8,-656
08:25:34.96,736,-32,-648
08:25:34.96,744,-16,-648
08:25:34.96,744,-32,-640
08:25:34.96,736,-16,-640
08:25:34.96,736,-16,-648
08:25:34.96,744,-16,-656
08:25:34.96,768,-16,-640
08:25:35.93,744,-24,-648
08:25:35.93,736,-16,-648
08:25:35.93,752,-8,-640
08:25:35.93,752,-16,-656
08:25:35.93,736,-16,-640
08:25:35.93,728,-16,-640
08:25:35.93,752,-16,-648
08:25:35.93,736,-8,-648
08:25:35.93,752,-24,-648
08:25:35.93,736,-16,-640
08:25:35.93,744,-16,-648
08:25:35.93,744,-24,-656
08:25:35.93,744,-16,-648
08:25:35.93,744,-16,-624
08:25:35.93,744,-24,-640
08:25:35.93,744,-16,-640
08:25:35.93,752,-16,-632
08:25:35.93,736,-16,-648
08:25:35.93,744,-16,-632
08:25:35.93,744,-16,-632
08:25:35.93,736,-8,-648
08:25:35.93,752,-16,-632
08:25:35.93,744,-16,-648
08:25:35.93,744,-16,-648
08:25:35.93,744,-8,-640
08:25:36.96,744,-16,-632
08:25:36.96,752,-24,-656
08:25:36.96,760,-16,-664
08:25:36.96,752,-16,-672
08:25:36.96,776,-16,-768
08:25:36.96,784,-32,-720
08:25:36.96,800,0,-632
08:25:36.96,840,56,-608
08:25:36.96,800,24,-520
08:25:36.96,792,56,-520
08:25:36.96,832,32,-496
08:25:36.96,848,40,-432
08:25:36.96,848,-48,-360
08:25:36.96,888,-72,-400
08:25:36.96,904,-64,-376
08:25:36.96,904,-40,-368
08:25:36.96,904,-40,-384
08:25:36.96,904,-72,-320
08:25:36.96,920,8,-384
08:25:36.96,968,32,-432
08:25:36.96,920,48,-328
08:25:36.96,872,-104,-176
08:25:36.96,904,-64,-272
08:25:36.96,944,-32,-368
08:25:36.96,928,16,-336
08:25:37.98,928,16,-304
08:25:37.98,936,40,-352
08:25:37.98,936,0,-344
08:25:37.98,944,32,-368
08:25:37.98,928,16,-344
08:25:37.98,944,24,-320
08:25:37.98,928,40,-288
08:25:37.98,936,32,-320
08:25:37.98,944,8,-328
08:25:37.98,952,16,-304
08:25:37.98,928,24,-312
08:25:37.98,936,8,-336
08:25:37.98,928,40,-320
08:25:37.98,936,32,-304
08:25:37.98,936,32,-336
08:25:37.98,920,8,-320
08:25:37.98,936,32,-336
08:25:37.98,936,8,-320
08:25:37.98,928,24,-320
08:25:37.98,944,24,-320
08:25:37.98,936,32,-320
08:25:37.98,920,16,-304
08:25:37.98,928,16,-296
08:25:37.98,928,24,-312
08:25:37.98,936,24,-336
08:25:38.96,912,16,-304
08:25:38.96,936,8,-368
08:25:38.96,944,32,-368
08:25:38.96,936,32,-352
08:25:38.96,920,16,-296
08:25:38.96,920,56,-312
08:25:38.96,912,72,-312
08:25:38.96,920,56,-344
08:25:38.96,936,72,-400
08:25:38.96,936,64,-360
08:25:38.96,928,64,-336
08:25:38.96,920,48,-344
08:25:38.96,904,48,-320
08:25:38.96,920,64,-344
08:25:38.96,936,72,-368
08:25:38.96,920,56,-368
08:25:38.96,920,64,-368
08:25:38.96,920,80,-352
08:25:38.96,912,96,-360
08:25:38.96,920,88,-368
08:25:38.96,904,88,-360
08:25:38.96,904,88,-376
08:25:38.96,912,80,-376
08:25:38.96,904,96,-344
08:25:38.96,912,80,-352
08:25:39.98,912,96,-360
08:25:39.98,904,96,-352
08:25:39.98,904,96,-336
08:25:39.98,912,128,-368
08:25:39.98,880,144,-408
08:25:39.98,904,144,-408
08:25:39.98,904,136,-400
08:25:39.98,872,168,-408
08:25:39.98,904,160,-392
08:25:39.98,872,184,-408
08:25:39.98,888,184,-376
08:25:39.98,880,192,-376
08:25:39.98,872,208,-384
08:25:39.98,880,224,-400
08:25:39.98,872,208,-416
08:25:39.98,888,200,-400
08:25:39.98,872,184,-408
08:25:39.98,880,192,-432
08:25:39.98,920,216,-408
08:25:39.98,872,200,-376
08:25:39.98,904,176,-352
08:25:39.98,880,144,-328
08:25:39.98,880,144,-336
08:25:39.98,864,160,-352
08:25:39.98,848,168,-416
08:25:41.00,864,176,-472
08:25:41.00,856,200,-472
08:25:41.00,872,200,-496
08:25:41.00,848,192,-464
08:25:41.00,848,168,-464
08:25:41.00,864,168,-472
08:25:41.00,864,152,-496
08:25:41.00,856,144,-472
08:25:41.00,856,136,-448
08:25:41.00,856,128,-440
08:25:41.00,848,136,-448
08:25:41.00,856,152,-472
08:25:41.00,864,144,-472
08:25:41.00,856,144,-456
08:25:41.00,856,144,-472
08:25:41.00,856,152,-464
08:25:41.00,856,152,-448
08:25:41.00,864,152,-456
08:25:41.00,840,144,-456
08:25:41.00,840,144,-472
08:25:41.00,856,152,-472
08:25:41.00,864,144,-472
08:25:41.00,848,152,-464
08:25:41.00,856,136,-456
08:25:41.00,864,136,-472
08:25:41.98,864,144,-480
08:25:41.98,856,144,-480
08:25:41.98,864,128,-464
08:25:41.98,864,120,-432
08:25:41.98,864,112,-432
08:25:41.98,872,96,-432
08:25:41.98,864,80,-424
08:25:41.98,864,88,-408
08:25:41.98,856,96,-424
08:25:41.98,864,96,-440
08:25:41.98,872,112,-472
08:25:41.98,872,128,-488
08:25:41.98,848,112,-464
08:25:41.98,856,112,-464
08:25:41.98,864,120,-456
08:25:41.98,864,104,-432
08:25:41.98,856,104,-432
08:25:41.98,856,104,-448
08:25:41.98,848,120,-464
08:25:41.98,864,136,-488
08:25:41.98,856,152,-496
08:25:41.98,848,152,-480
08:25:41.98,856,144,-488
08:25:41.98,840,144,-480
08:25:41.98,856,136,-488
08:25:43.00,848,136,-480
08:25:43.00,840,144,-488
08:25:43.00,856,136,-488
08:25:43.00,832,136,-472
08:25:43.00,840,152,-488
08:25:43.00,840,136,-496
08:25:43.00,848,128,-488
08:25:43.00,832,136,-480
08:25:43.00,856,144,-488
08:25:43.00,832,136,-496
08:25:43.00,840,128,-480
08:25:43.00,840,152,-480
08:25:43.00,856,144,-480
08:25:43.00,848,136,-480
08:25:43.00,848,144,-480
08:25:43.00,848,136,-488
08:25:43.00,848,144,-488
08:25:43.00,840,152,-496
08:25:43.00,840,136,-496
08:25:43.00,824,136,-488
08:25:43.00,848,128,-496
08:25:43.00,840,128,-512
08:25:43.00,848,128,-488
08:25:43.00,848,136,-472
08:25:43.00,848,136,-472
08:25:44.02,840,136,-488
08:25:44.02,848,128,-480
08:25:44.02,848,136,-480
08:25:44.02,832,144,-480
08:25:44.02,856,136,-496
08:25:44.02,832,128,-480
08:25:44.02,848,136,-496
08:25:44.02,856,120,-480
08:25:44.02,832,136,-504
08:25:44.02,848,136,-488
08:25:44.02,840,120,-488
08:25:44.02,848,136,-488
08:25:44.02,840,120,-504
08:25:44.02,840,128,-488
08:25:44.02,840,128,-472
08:25:44.02,856,120,-480
08:25:44.02,840,128,-480
08:25:44.02,848,120,-488
08:25:44.02,832,128,-480
08:25:44.02,840,120,-496
08:25:44.02,840,120,-480
08:25:44.02,840,128,-496
08:25:44.02,840,128,-496
08:25:44.02,840,128,-496
08:25:44.02,840,120,-488
08:25:45.00,832,128,-496
08:25:45.00,840,112,-496
08:25:45.00,832,104,-512
08:25:45.00,856,104,-488
08:25:45.00,840,104,-496
08:25:45.00,832,112,-488
08:25:45.00,840,112,-504
08:25:45.00,848,104,-496
08:25:45.00,848,104,-496
08:25:45.00,832,104,-488
08:25:45.00,848,112,-480
08:25:45.00,840,120,-496
08:25:45.00,840,112,-504
08:25:45.00,840,104,-488
08:25:45.00,848,112,-496
08:25:45.00,848,104,-488
08:25:45.00,848,112,-496
08:25:45.00,848,112,-496
08:25:45.00,848,112,-480
08:25:45.00,840,104,-504
08:25:45.00,840,112,-488
08:25:45.00,848,104,-488
08:25:45.00,840,120,-496
08:25:45.00,840,120,-504
08:25:45.00,840,104,-496
08:25:46.03,840,104,-488
08:25:46.03,840,120,-496
08:25:46.03,848,120,-472
08:25:46.03,848,120,-504
08:25:46.03,840,104,-504
08:25:46.03,848,112,-496
08:25:46.03,840,104,-480
08:25:46.03,832,112,-488
08:25:46.03,832,104,-504
08:25:46.03,832,104,-488
08:25:46.03,840,104,-488
08:25:46.03,824,112,-496
08:25:46.03,840,120,-488
08:25:46.03,840,104,-488
08:25:46.03,832,120,-512
08:25:46.03,840,112,-496
08:25:46.03,832,112,-496
08:25:46.03,840,104,-480
08:25:46.03,832,104,-488
08:25:46.03,840,104,-496
08:25:46.03,840,112,-504
08:25:46.03,840,120,-504
08:25:46.03,856,104,-496
08:25:46.03,848,112,-496
08:25:46.03,840,104,-488
08:25:47.05,840,112,-480
08:25:47.05,856,104,-496
08:25:47.05,848,104,-512
08:25:47.05,832,104,-496
08:25:47.05,848,104,-480
08:25:47.05,840,112,-456
08:25:47.05,848,104,-480
08:25:47.05,848,96,-488
08:25:47.05,848,96,-504
08:25:47.05,848,112,-496
08:25:47.05,840,112,-496
08:25:47.05,840,104,-504
08:25:47.05,848,112,-488
08:25:47.05,848,112,-488
08:25:47.05,840,112,-496
08:25:47.05,840,112,-496
08:25:47.05,856,104,-488
08:25:47.05,848,112,-504
08:25:47.05,840,112,-488
08:25:47.05,848,112,-504
08:25:47.05,848,104,-496
08:25:47.05,840,120,-504
08:25:47.05,848,104,-480
08:25:47.05,840,112,-488
08:25:47.05,840,112,-496
08:25:48.02,840,104,-504
08:25:48.02,840,112,-520
08:25:48.02,840,112,-496
08:25:48.02,832,88,-488
08:25:48.02,848,112,-496
08:25:48.02,848,104,-504
08:25:48.02,832,112,-480
08:25:48.02,840,112,-488
08:25:48.02,824,120,-496
08:25:48.02,832,120,-512
08:25:48.02,832,112,-504
08:25:48.02,848,112,-504
08:25:48.02,840,120,-504
08:25:48.02,832,128,-488
08:25:48.02,824,128,-504
08:25:48.02,832,128,-504
08:25:48.02,840,128,-512
08:25:48.02,840,128,-504
08:25:48.02,832,120,-504
08:25:48.02,840,128,-504
08:25:48.02,832,128,-520
08:25:48.02,832,120,-496
08:25:48.02,832,128,-512
08:25:48.02,840,128,-528
08:25:48.02,840,120,-520
08:25:49.05,832,128,-496
08:25:49.05,832,120,-512
08:25:49.05,824,120,-504
08:25:49.05,840,128,-512
08:25:49.05,840,120,-504
08:25:49.05,840,120,-512
08:25:49.05,832,128,-504
08:25:49.05,824,128,-496
08:25:49.05,840,112,-504
08:25:49.05,848,112,-520
08:25:49.05,832,112,-512
08:25:49.05,824,120,-520
08:25:49.05,832,112,-504
08:25:49.05,824,120,-496
08:25:49.05,832,112,-520
08:25:49.05,848,112,-512
08:25:49.05,840,112,-504
08:25:49.05,832,128,-512
08:25:49.05,832,120,-520
08:25:49.05,832,120,-512
08:25:49.05,840,112,-512
08:25:49.05,840,120,-496
08:25:49.05,840,120,-496
08:25:49.05,840,112,-480
08:25:49.05,848,112,-504
08:25:50.07,848,120,-504
08:25:50.07,856,112,-512
08:25:50.07,848,104,-504
08:25:50.07,840,112,-480
08:25:50.07,848,112,-456
08:25:50.07,856,112,-432
08:25:50.07,840,120,-440
08:25:50.07,848,112,-472
08:25:50.07,864,120,-480
08:25:50.07,856,104,-472
08:25:50.07,848,112,-480
08:25:50.07,856,104,-480
08:25:50.07,856,104,-472
08:25:50.07,848,112,-480
08:25:50.07,832,104,-472
08:25:50.07,848,96,-480
08:25:50.07,848,112,-480
08:25:50.07,848,112,-504
08:25:50.07,856,104,-496
08:25:50.07,848,104,-504
08:25:50.07,848,104,-480
08:25:50.07,832,96,-488
08:25:50.07,848,88,-496
08:25:50.07,848,88,-504
08:25:50.07,848,88,-504
08:25:51.05,840,96,-504
08:25:51.05,840,88,-496
08:25:51.05,840,88,-488
08:25:51.05,848,88,-488
08:25:51.05,832,80,-496
08:25:51.05,840,88,-480
08:25:51.05,840,80,-496
08:25:51.05,832,104,-496
08:25:51.05,840,104,-520
08:25:51.05,832,96,-520
08:25:51.05,840,96,-520
08:25:51.05,832,96,-512
08:25:51.05,832,96,-496
08:25:51.05,832,96,-504
08:25:51.05,832,104,-504
08:25:51.05,832,104,-512
08:25:51.05,840,96,-512
08:25:51.05,832,112,-520
08:25:51.05,832,104,-512
08:25:51.05,840,96,-512
08:25:51.05,840,88,-504
08:25:51.05,840,96,-496
08:25:51.05,832,104,-504
08:25:51.05,832,120,-528
08:25:51.05,824,104,-504
08:25:52.07,832,112,-512
08:25:52.07,832,112,-520
08:25:52.07,832,96,-504
08:25:52.07,832,112,-512
08:25:52.07,832,96,-496
08:25:52.07,832,112,-512
08:25:52.07,832,104,-520
08:25:52.07,824,112,-512
08:25:52.07,824,104,-496
08:25:52.07,840,96,-520
08:25:52.07,832,104,-520
08:25:52.07,832,104,-512
08:25:52.07,832,104,-504
08:25:52.07,832,112,-512
08:25:52.07,824,104,-512
08:25:52.07,840,88,-512
08:25:52.07,832,96,-512
08:25:52.07,832,104,-512
08:25:52.07,824,112,-512
08:25:52.07,840,104,-512
08:25:52.07,848,104,-536
08:25:52.07,848,96,-504
08:25:52.07,832,88,-512
08:25:52.07,848,72,-488
08:25:52.07,832,72,-488
08:25:53.09,848,72,-480
08:25:53.09,848,80,-496
08:25:53.09,848,88,-504
08:25:53.09,840,80,-512
08:25:53.09,848,72,-472
08:25:53.09,856,88,-488
08:25:53.09,864,80,-480
08:25:53.09,848,80,-512
08:25:53.09,848,72,-496
08:25:53.09,840,72,-496
08:25:53.09,848,80,-488
08:25:53.09,856,72,-504
08:25:53.09,848,88,-496
08:25:53.09,848,88,-488
08:25:53.09,848,72,-504
08:25:53.09,840,64,-504
08:25:53.09,848,56,-496
08:25:53.09,848,64,-480
08:25:53.09,840,72,-504
08:25:53.09,840,64,-504
08:25:53.09,840,56,-528
08:25:53.09,840,72,-504
08:25:53.09,840,64,-504
08:25:53.09,840,72,-496
08:25:53.09,840,72,-488
08:25:54.07,840,72,-496
08:25:54.07,840,80,-512
08:25:54.07,840,80,-512
08:25:54.07,848,64,-496
08:25:54.07,848,72,-496
08:25:54.07,856,56,-496
08:25:54.07,840,64,-504
08:25:54.07,848,56,-472
08:25:54.07,840,64,-472
08:25:54.07,848,72,-480
08:25:54.07,840,72,-496
08:25:54.07,848,80,-504
08:25:54.07,848,64,-496
08:25:54.07,840,56,-480
08:25:54.07,848,72,-480
08:25:54.07,840,56,-480
08:25:54.07,856,56,-496
08:25:54.07,840,64,-496
08:25:54.07,840,72,-504
08:25:54.07,856,64,-536
08:25:54.07,840,72,-512
08:25:54.07,856,64,-520
08:25:54.07,840,56,-512
08:25:54.07,840,72,-496
08:25:54.07,848,64,-496
08:25:55.09,856,48,-496
08:25:55.09,840,64,-488
08:25:55.09,848,56,-504
08:25:55.09,848,72,-504
08:25:55.09,840,64,-496
08:25:55.09,848,64,-488
08:25:55.09,840,64,-496
08:25:55.09,840,64,-496
08:25:55.09,848,72,-520
08:25:55.09,832,72,-528
08:25:55.09,848,64,-512
08:25:55.09,840,56,-504
08:25:55.09,840,56,-496
08:25:55.09,840,64,-504
08:25:55.09,840,64,-520
08:25:55.09,832,64,-512
08:25:55.09,840,64,-512
08:25:55.09,824,56,-520
08:25:55.09,840,56,-512
08:25:55.09,832,56,-528
08:25:55.09,832,56,-528
08:25:55.09,832,64,-536
08:25:55.09,832,64,-520
08:25:55.09,848,48,-520
08:25:55.09,832,64,-528
08:25:56.12,832,56,-536
08:25:56.12,824,56,-528
08:25:56.12,824,56,-536
08:25:56.12,840,48,-528
08:25:56.12,840,48,-504
08:25:56.12,832,40,-520
08:25:56.12,832,56,-520
08:25:56.12,832,40,-528
08:25:56.12,824,48,-520
08:25:56.12,824,48,-512
08:25:56.12,832,48,-520
08:25:56.12,832,48,-520
08:25:56.12,832,48,-544
08:25:56.12,824,32,-528
08:25:56.12,824,48,-528
08:25:56.12,824,56,-528
08:25:56.12,816,48,-512
08:25:56.12,832,56,-520
08:25:56.12,832,48,-504
08:25:56.12,840,48,-512
08:25:56.12,832,48,-520
08:25:56.12,832,64,-528
08:25:56.12,832,48,-520
08:25:56.12,824,48,-512
08:25:56.12,832,48,-520
08:25:57.09,832,40,-512
08:25:57.09,840,40,-520
08:25:57.09,832,48,-536
08:25:57.09,840,48,-520
08:25:57.09,824,40,-520
08:25:57.09,832,40,-528
08:25:57.09,832,48,-520
08:25:57.09,832,40,-504
08:25:57.09,832,56,-512
08:25:57.09,840,56,-520
08:25:57.09,832,56,-536
08:25:57.09,832,48,-512
08:25:57.09,824,40,-512
08:25:57.09,848,40,-512
08:25:57.09,840,48,-496
08:25:57.09,832,64,-520
08:25:57.09,832,40,-528
08:25:57.09,832,40,-520
08:25:57.09,832,40,-528
08:25:57.09,840,40,-512
08:25:57.09,840,56,-520
08:25:57.09,832,32,-520
08:25:57.09,832,40,-520
08:25:57.09,832,48,-504
08:25:57.09,840,40,-512
08:25:58.11,848,40,-512
08:25:58.11,840,40,-504
08:25:58.11,832,48,-520
08:25:58.11,840,48,-512
08:25:58.11,824,48,-520
08:25:58.11,824,40,-520
08:25:58.11,832,40,-528
08:25:58.11,832,48,-528
08:25:58.11,840,32,-504
08:25:58.11,824,32,-504
08:25:58.11,840,40,-512
08:25:58.11,840,40,-512
08:25:58.11,824,40,-504
08:25:58.11,832,32,-520
08:25:58.11,840,40,-528
08:25:58.11,832,40,-528
08:25:58.11,832,40,-520
08:25:58.11,832,48,-512
08:25:58.11,824,40,-512
08:25:58.11,832,40,-512
08:25:58.11,840,40,-536
08:25:58.11,832,32,-512
08:25:58.11,832,16,-528
08:25:58.11,832,32,-504
08:25:58.11,824,40,-512
08:25:59.14,840,32,-520
08:25:59.14,832,32,-528
08:25:59.14,832,24,-504
08:25:59.14,832,8,-520
08:25:59.14,832,24,-512
08:25:59.14,840,24,-504
08:25:59.14,824,32,-528
08:25:59.14,832,32,-520
08:25:59.14,840,24,-520
08:25:59.14,840,24,-520
08:25:59.14,832,16,-512
08:25:59.14,832,8,-528
08:25:59.14,840,16,-504
08:25:59.14,840,24,-512
08:25:59.14,832,16,-512
08:25:59.14,840,24,-512
08:25:59.14,840,16,-504
08:25:59.14,832,16,-512
08:25:59.14,848,16,-528
08:25:59.14,832,16,-512
08:25:59.14,832,16,-520
08:25:59.14,840,16,-504
08:25:59.14,848,16,-536
08:25:59.14,832,16,-528
08:25:59.14,840,16,-528
08:26:00.11,840,8,-504
08:26:00.11,840,16,-512
08:26:00.11,840,8,-512
08:26:00.11,832,24,-528
08:26:00.11,848,16,-528
08:26:00.11,832,16,-512
08:26:00.11,840,16,-520
08:26:00.11,840,16,-520
08:26:00.11,832,24,-512
08:26:00.11,832,16,-520
08:26:00.11,832,16,-512
08:26:00.11,848,16,-536
08:26:00.11,832,16,-528
08:26:00.11,824,16,-528
08:26:00.11,832,16,-512
08:26:00.11,840,8,-528
08:26:00.11,832,16,-520
08:26:00.11,824,16,-520
08:26:00.11,840,8,-520
08:26:00.11,832,8,-512
08:26:00.11,840,16,-512
08:26:00.11,840,16,-512
08:26:00.11,840,16,-520
08:26:00.11,848,16,-512
08:26:00.11,840,24,-512
08:26:01.14,832,16,-520
08:26:01.14,840,24,-504
08:26:01.14,840,24,-520
08:26:01.14,840,16,-504
08:26:01.14,840,24,-520
08:26:01.14,840,24,-504
08:26:01.14,840,16,-512
08:26:01.14,840,16,-520
08:26:01.14,840,24,-520
08:26:01.14,832,16,-528
08:26:01.14,848,24,-512
08:26:01.14,840,8,-504
08:26:01.14,832,16,-520
08:26:01.14,840,8,-512
08:26:01.14,824,32,-520
08:26:01.14,840,24,-520
08:26:01.14,832,8,-512
08:26:01.14,832,16,-520
08:26:01.14,840,16,-504
08:26:01.14,832,16,-512
08:26:01.14,832,24,-528
08:26:01.14,832,24,-528
08:26:01.14,832,8,-504
08:26:01.14,840,8,-504
08:26:01.14,832,24,-520
08:26:02.16,848,16,-512
08:26:02.16,832,16,-512
08:26:02.16,832,24,-504
08:26:02.16,848,16,-520
08:26:02.16,840,24,-520
08:26:02.16,832,16,-512
08:26:02.16,840,8,-512
08:26:02.16,832,8,-504
08:26:02.16,832,24,-512
08:26:02.16,832,16,-536
08:26:02.16,832,16,-536
08:26:02.16,832,8,-512
08:26:02.16,832,24,-520
08:26:02.16,832,24,-512
08:26:02.16,832,16,-528
08:26:02.16,840,8,-504
08:26:02.16,840,16,-504
08:26:02.16,840,16,-512
08:26:02.16,832,16,-520
08:26:02.16,832,16,-520
08:26:02.16,840,16,-520
08:26:02.16,832,8,-520
08:26:02.16,832,16,-504
08:26:02.16,840,8,-512
08:26:02.16,832,8,-528
08:26:03.14,840,24,-520
08:26:03.14,832,16,-520
08:26:03.14,832,-8,-528
08:26:03.14,840,16,-528
08:26:03.14,840,8,-512
08:26:03.14,840,0,-504
08:26:03.14,840,16,-504
08:26:03.14,840,16,-496
08:26:03.14,848,8,-528
08:26:03.14,832,8,-528
08:26:03.14,824,8,-520
08:26:03.14,832,0,-528
08:26:03.14,832,8,-512
08:26:03.14,848,16,-520
08:26:03.14,832,8,-512
08:26:03.14,840,8,-512
08:26:03.14,848,16,-520
08:26:03.14,848,-8,-520
08:26:03.14,840,8,-520
08:26:03.14,824,16,-520
08:26:03.14,832,24,-520
08:26:03.14,840,32,-528
08:26:03.14,832,32,-512
08:26:03.14,832,24,-504
08:26:03.14,832,8,-528
08:26:04.16,840,8,-520
08:26:04.16,840,16,-520
08:26:04.16,832,24,-520
08:26:04.16,824,16,-520
08:26:04.16,832,24,-504
08:26:04.16,832,32,-520
08:26:04.16,824,32,-512
08:26:04.16,824,40,-536
08:26:04.16,832,40,-544
08:26:04.16,832,32,-544
08:26:04.16,832,32,-512
08:26:04.16,816,32,-528
08:26:04.16,824,32,-544
08:26:04.16,824,48,-536
08:26:04.16,832,32,-520
08:26:04.16,824,40,-536
08:26:04.16,840,40,-520
08:26:04.16,824,32,-536
08:26:04.16,832,32,-528
08:26:04.16,832,40,-536
08:26:04.16,824,32,-544
08:26:04.16,824,32,-536
08:26:04.16,840,40,-536
08:26:04.16,840,32,-536
08:26:04.16,832,32,-528
