04:55.641	,-400,-904,-120
04:55.641	,-376,-880,-192
04:55.641	,-368,-920,-160
04:55.641	,-392,-896,-128
04:55.641	,-424,-888,-88
04:55.641	,-424,-872,-96
04:55.641	,-432,-896,-136
04:55.641	,-408,-904,-96
04:55.641	,-400,-904,-88
04:55.641	,-416,-936,-72
04:55.641	,-416,-928,-72
04:55.641	,-448,-880,-128
04:55.641	,-456,-896,-168
04:55.641	,-456,-896,-200
04:55.641	,-472,-864,-176
04:55.641	,-496,-944,-240
04:55.641	,-528,-912,-288
04:55.641	,-480,-928,-288
04:55.641	,-456,-952,-288
04:55.641	,-392,-904,-208
04:55.641	,-392,-840,-240
04:55.641	,-384,-840,-304
04:55.641	,-344,-832,-320
04:55.641	,-360,-856,-320
04:55.641	,-296,-928,-272
04:56.665	,-320,-968,-232
04:56.665	,-336,-864,-152
04:56.665	,-336,-888,-144
04:56.665	,-352,-872,-216
04:56.665	,-416,-880,-272
04:56.665	,-400,-904,-272
04:56.665	,-376,-928,-280
04:56.665	,-400,-904,-280
04:56.665	,-416,-936,-248
04:56.665	,-416,-928,-216
04:56.665	,-432,-904,-184
04:56.665	,-464,-904,-224
04:56.665	,-448,-880,-176
04:56.665	,-440,-904,-144
04:56.665	,-416,-912,-104
04:56.665	,-400,-968,-104
04:56.665	,-408,-952,-136
04:56.665	,-416,-984,-184
04:56.665	,-360,-992,-240
04:56.665	,-360,-880,-280
04:56.665	,-384,-1008,-280
04:56.665	,-384,-992,-384
04:56.665	,-376,-832,-224
04:56.665	,-368,-944,-192
04:56.665	,-360,-880,-200
04:57.640	,-392,-888,-192
04:57.640	,-384,-864,-184
04:57.640	,-448,-880,-192
04:57.640	,-472,-920,-240
04:57.640	,-416,-784,-168
04:57.640	,-448,-864,-40
04:57.640	,-368,-984,-32
04:57.640	,-312,-920,-64
04:57.640	,-360,-1024,-112
04:57.640	,-424,-912,-56
04:57.640	,-408,-888,-16
04:57.640	,-480,-904,-24
04:57.640	,-512,-952,16
04:57.640	,-488,-856,-16
04:57.640	,-480,-936,-24
04:57.640	,-416,-880,-64
04:57.640	,-432,-952,-88
04:57.640	,-432,-944,-72
04:57.640	,-360,-976,-112
04:57.640	,-344,-952,-56
04:57.640	,-288,-952,-56
04:57.640	,-312,-1008,-64
04:57.640	,-296,-888,-16
04:57.640	,-264,-912,-72
04:57.640	,-184,-904,-64
04:58.665	,-280,-1024,-120
04:58.665	,-336,-992,-88
04:58.665	,-408,-944,-120
04:58.665	,-440,-880,-72
04:58.665	,-408,-880,-32
04:58.665	,-376,-848,16
04:58.665	,-320,-952,-48
04:58.665	,-264,-992,-40
04:58.665	,-312,-1008,8
04:58.665	,-384,-864,-16
04:58.665	,-488,-992,-56
04:58.665	,-480,-920,-40
04:58.665	,-424,-976,-40
04:58.665	,-328,-928,80
04:58.665	,-304,-1032,-40
04:58.665	,-400,-1008,-80
04:58.665	,-408,-1064,-144
04:58.665	,-352,-984,-160
04:58.665	,-352,-944,-184
04:58.665	,-344,-896,-160
04:58.665	,-336,-912,-152
04:58.665	,-336,-904,-184
04:58.665	,-336,-936,-224
04:58.665	,-352,-920,-232
04:58.665	,-384,-976,-208
04:59.689	,-368,-920,-128
04:59.689	,-360,-872,-32
04:59.689	,-360,-784,64
04:59.689	,-320,-856,112
04:59.689	,-312,-792,128
04:59.689	,-296,-696,160
04:59.689	,-272,-704,144
04:59.689	,-216,-592,168
04:59.689	,-72,-584,144
04:59.689	,192,-832,104
04:59.689	,360,-576,88
04:59.689	,848,-976,8
04:59.689	,1016,-608,-8
04:59.689	,1296,-728,0
04:59.689	,1560,-792,0
04:59.689	,1504,-600,-16
04:59.689	,1200,-424,72
04:59.689	,1000,-480,168
04:59.689	,824,-480,128
04:59.689	,760,-488,40
04:59.689	,816,-480,8
04:59.689	,920,-384,48
04:59.689	,1000,-368,72
04:59.689	,1008,-400,120
04:59.689	,920,-424,144
05:00.666	,920,-392,152
05:00.666	,936,-368,144
05:00.666	,936,-352,152
05:00.666	,904,-344,272
05:00.666	,800,-136,232
05:00.666	,760,-432,176
05:00.666	,800,-336,160
05:00.666	,912,-408,112
05:00.666	,1000,-352,104
05:00.666	,1056,-376,104
05:00.666	,1144,-384,120
05:00.666	,1128,-400,112
05:00.666	,1016,-368,80
05:00.666	,904,-336,96
05:00.666	,864,-344,64
05:00.666	,840,-344,56
05:00.666	,856,-368,32
05:00.666	,920,-368,0
05:00.666	,1008,-368,-32
05:00.666	,1080,-320,-32
05:00.666	,1008,-264,-40
05:00.666	,912,-256,-8
05:00.666	,872,-320,40
05:00.666	,864,-344,32
05:00.666	,872,-320,48
05:01.690	,872,-320,40
05:01.690	,840,-312,56
05:01.690	,824,-296,88
05:01.690	,856,-352,104
05:01.690	,912,-360,112
05:01.690	,992,-384,104
05:01.690	,1040,-512,104
05:01.690	,992,-552,48
05:01.690	,1016,-768,-48
05:01.690	,1064,-824,-72
05:01.690	,1008,-776,-48
05:01.690	,888,-760,-48
05:01.690	,792,-760,-56
05:01.690	,832,-720,-80
05:01.690	,1048,-816,-136
05:01.690	,992,-856,-144
05:01.690	,848,-800,-136
05:01.690	,632,-704,-96
05:01.690	,456,-720,-72
05:01.690	,240,-624,-64
05:01.690	,96,-616,-96
05:01.690	,16,-840,-160
05:01.690	,-16,-760,-176
05:01.690	,-24,-888,-168
05:01.690	,-120,-928,-176
05:02.665	,-184,-1000,-232
05:02.665	,-232,-1008,-328
05:02.665	,-200,-904,-256
05:02.665	,-192,-888,-272
05:02.665	,-240,-1000,-392
05:02.665	,-232,-936,-336
05:02.665	,-240,-1000,-376
05:02.665	,-264,-984,-464
05:02.665	,-256,-896,-408
05:02.665	,-256,-856,-392
05:02.665	,-248,-888,-368
05:02.665	,-296,-872,-424
05:02.665	,-280,-872,-424
05:02.665	,-352,-800,-432
05:02.665	,-360,-856,-432
05:02.665	,-416,-848,-464
05:02.665	,-368,-928,-432
05:02.665	,-376,-824,-320
05:02.665	,-416,-816,-296
05:02.665	,-440,-832,-336
05:02.665	,-456,-792,-336
05:02.665	,-480,-760,-320
05:02.665	,-480,-816,-344
05:02.665	,-440,-816,-296
05:02.665	,-456,-808,-264
05:03.688	,-456,-864,-296
05:03.688	,-464,-848,-304
05:03.688	,-488,-832,-304
05:03.688	,-488,-896,-376
05:03.688	,-488,-968,-392
05:03.688	,-408,-1000,-352
05:03.688	,-320,-928,-320
05:03.688	,-296,-848,-312
05:03.688	,-288,-784,-336
05:03.688	,-288,-816,-376
05:03.688	,-264,-872,-400
05:03.688	,-264,-944,-360
05:03.688	,-280,-952,-304
05:03.688	,-296,-920,-224
05:03.688	,-352,-864,-232
05:03.688	,-392,-896,-296
05:03.688	,-392,-880,-304
05:03.688	,-384,-856,-312
05:03.688	,-376,-864,-304
05:03.688	,-384,-864,-296
05:03.688	,-392,-872,-280
05:03.688	,-408,-872,-288
05:03.688	,-416,-920,-304
05:03.688	,-384,-920,-296
05:03.688	,-384,-912,-320
05:04.713	,-360,-960,-344
05:04.713	,-400,-1000,-416
05:04.713	,-360,-992,-408
05:04.713	,-296,-928,-384
05:04.713	,-272,-888,-368
05:04.713	,-264,-872,-368
05:04.713	,-272,-840,-360
05:04.713	,-288,-856,-400
05:04.713	,-288,-864,-440
05:04.713	,-272,-872,-440
05:04.713	,-264,-896,-432
05:04.713	,-272,-872,-376
05:04.713	,-272,-880,-304
05:04.713	,-280,-880,-288
05:04.713	,-288,-872,-328
05:04.713	,-320,-872,-352
05:04.713	,-344,-888,-368
05:04.713	,-344,-888,-360
05:04.713	,-344,-888,-320
05:04.713	,-352,-872,-288
05:04.713	,-376,-880,-296
05:04.713	,-400,-848,-336
05:04.713	,-408,-856,-352
05:04.713	,-416,-888,-344
05:04.713	,-416,-896,-352
05:05.687	,-400,-936,-344
05:05.687	,-376,-992,-368
05:05.687	,-360,-968,-328
05:05.687	,-296,-944,-320
05:05.687	,-232,-920,-336
05:05.687	,-176,-880,-368
05:05.687	,-152,-864,-360
05:05.687	,-144,-864,-392
05:05.687	,-144,-912,-400
05:05.687	,-168,-920,-376
05:05.687	,-192,-952,-320
05:05.687	,-240,-976,-288
05:05.687	,-280,-944,-280
05:05.687	,-296,-920,-264
05:05.687	,-304,-920,-296
05:05.687	,-304,-904,-304
05:05.687	,-296,-888,-320
05:05.687	,-304,-912,-304
05:05.687	,-304,-912,-280
05:05.687	,-320,-920,-208
05:05.687	,-344,-936,-192
05:05.687	,-328,-952,-192
05:05.687	,-344,-992,-232
05:05.687	,-328,-1016,-344
05:05.687	,-304,-952,-384
05:06.711	,-288,-880,-400
05:06.711	,-296,-864,-376
05:06.711	,-328,-856,-368
05:06.711	,-336,-872,-392
05:06.711	,-328,-880,-392
05:06.711	,-304,-880,-416
05:06.711	,-296,-848,-424
05:06.711	,-296,-856,-448
05:06.711	,-296,-840,-432
05:06.711	,-288,-832,-376
05:06.711	,-360,-824,-368
05:06.711	,-392,-848,-336
05:06.711	,-400,-856,-320
05:06.711	,-424,-904,-344
05:06.711	,-400,-904,-352
05:06.711	,-400,-888,-344
05:06.711	,-392,-888,-336
05:06.711	,-400,-848,-344
05:06.711	,-392,-848,-352
05:06.711	,-376,-864,-376
05:06.711	,-376,-912,-416
05:06.711	,-344,-952,-424
05:06.711	,-328,-1016,-432
05:06.711	,-296,-984,-368
05:06.711	,-264,-912,-296
05:07.734	,-256,-872,-296
05:07.734	,-216,-872,-384
05:07.734	,-168,-888,-400
05:07.734	,-128,-888,-352
05:07.734	,-152,-896,-336
05:07.734	,-200,-888,-312
05:07.734	,-248,-864,-280
05:07.734	,-296,-896,-312
05:07.734	,-304,-912,-320
05:07.734	,-296,-912,-312
05:07.734	,-296,-920,-304
05:07.734	,-312,-904,-288
05:07.734	,-344,-888,-264
05:07.734	,-376,-912,-288
05:07.734	,-368,-944,-344
05:07.734	,-320,-928,-360
05:07.734	,-336,-960,-376
05:07.734	,-352,-1000,-416
05:07.734	,-320,-1024,-480
05:07.734	,-248,-968,-432
05:07.734	,-232,-912,-384
05:07.734	,-232,-872,-360
05:07.734	,-240,-808,-344
05:07.734	,-240,-824,-400
05:07.734	,-232,-856,-432
05:08.709	,-224,-856,-448
05:08.709	,-216,-872,-472
05:08.709	,-224,-880,-448
05:08.709	,-248,-864,-368
05:08.709	,-288,-872,-320
05:08.709	,-320,-872,-320
05:08.709	,-352,-856,-320
05:08.709	,-360,-872,-336
05:08.709	,-352,-872,-352
05:08.709	,-344,-864,-368
05:08.709	,-344,-880,-376
05:08.709	,-344,-896,-432
05:08.709	,-312,-872,-392
05:08.709	,-352,-928,-424
05:08.709	,-344,-968,-448
05:08.709	,-344,-1000,-448
05:08.709	,-296,-992,-416
05:08.709	,-272,-920,-368
05:08.709	,-240,-872,-368
05:08.709	,-216,-824,-392
05:08.709	,-184,-816,-432
05:08.709	,-160,-848,-456
05:08.709	,-160,-888,-424
05:08.709	,-176,-904,-352
05:08.709	,-240,-896,-328
05:09.733	,-304,-872,-328
05:09.733	,-344,-872,-336
05:09.733	,-336,-896,-360
05:09.733	,-312,-888,-352
05:09.733	,-312,-888,-368
05:09.733	,-304,-888,-368
05:09.733	,-320,-872,-368
05:09.733	,-320,-880,-376
05:09.733	,-320,-904,-392
05:09.733	,-272,-928,-392
05:09.733	,-248,-936,-400
05:09.733	,-256,-944,-376
05:09.733	,-256,-984,-400
05:09.733	,-256,-976,-416
05:09.733	,-240,-944,-424
05:09.733	,-232,-912,-456
05:09.733	,-208,-872,-440
05:09.733	,-200,-872,-440
05:09.733	,-208,-872,-408
05:09.733	,-232,-872,-400
05:09.733	,-264,-864,-408
05:09.733	,-280,-856,-432
05:09.733	,-296,-848,-464
05:09.733	,-304,-872,-480
05:09.733	,-280,-848,-416
05:10.756	,-288,-840,-368
05:10.756	,-336,-840,-328
05:10.756	,-408,-864,-312
05:10.756	,-416,-880,-312
05:10.756	,-480,-872,-296
05:10.756	,-424,-872,-312
05:10.756	,-424,-840,-296
05:10.756	,-424,-872,-360
05:10.756	,-400,-880,-368
05:10.756	,-384,-936,-384
05:10.756	,-392,-976,-440
05:10.756	,-344,-1024,-464
05:10.756	,-264,-1000,-352
05:10.756	,-224,-872,-248
05:10.756	,-232,-816,-272
05:10.756	,-224,-824,-368
05:10.756	,-208,-864,-384
05:10.756	,-208,-928,-336
05:10.756	,-240,-944,-272
05:10.756	,-288,-904,-240
05:10.756	,-336,-896,-312
05:10.756	,-368,-888,-328
05:10.756	,-368,-880,-280
05:10.756	,-368,-896,-272
05:10.756	,-400,-904,-272
05:11.731	,-392,-888,-288
05:11.731	,-376,-888,-288
05:11.731	,-376,-888,-312
05:11.731	,-376,-896,-320
05:11.731	,-352,-928,-296
05:11.731	,-336,-912,-280
05:11.731	,-336,-936,-296
05:11.731	,-328,-960,-336
05:11.731	,-344,-1008,-400
05:11.731	,-264,-1008,-432
05:11.731	,-200,-936,-328
05:11.731	,-208,-888,-304
05:11.731	,-232,-912,-336
05:11.731	,-248,-904,-384
05:11.731	,-224,-912,-392
05:11.731	,-192,-880,-376
05:11.731	,-224,-880,-376
05:11.731	,-248,-872,-384
05:11.731	,-280,-872,-352
05:11.731	,-312,-880,-344
05:11.731	,-312,-888,-312
05:11.731	,-328,-888,-352
05:11.731	,-352,-904,-352
05:11.731	,-360,-912,-360
05:11.731	,-352,-880,-336
05:12.759	,-368,-872,-336
05:12.759	,-384,-848,-328
05:12.759	,-408,-864,-352
05:12.759	,-424,-880,-344
05:12.759	,-416,-888,-344
05:12.759	,-424,-880,-320
05:12.759	,-416,-896,-312
05:12.759	,-424,-912,-328
05:12.759	,-416,-928,-376
05:12.759	,-384,-968,-408
05:12.759	,-360,-984,-376
05:12.759	,-296,-928,-304
05:12.759	,-288,-880,-248
05:12.759	,-296,-856,-304
05:12.759	,-264,-864,-352
05:12.759	,-200,-840,-368
05:12.759	,-168,-880,-384
05:12.759	,-168,-928,-328
05:12.759	,-224,-944,-280
05:12.759	,-296,-952,-248
05:12.759	,-328,-936,-248
05:12.759	,-344,-912,-272
05:12.759	,-360,-912,-288
05:12.759	,-352,-896,-272
05:12.759	,-352,-904,-264
05:13.779	,-352,-896,-248
05:13.779	,-360,-904,-232
05:13.779	,-368,-912,-264
05:13.779	,-368,-920,-280
05:13.779	,-336,-944,-312
05:13.779	,-296,-960,-320
05:13.779	,-304,-976,-344
05:13.779	,-296,-1008,-416
05:13.779	,-272,-992,-408
05:13.779	,-224,-952,-392
05:13.779	,-232,-920,-368
05:13.779	,-232,-904,-328
05:13.779	,-240,-856,-344
05:13.779	,-248,-856,-376
05:13.779	,-248,-864,-424
05:13.779	,-224,-856,-432
05:13.779	,-200,-872,-488
05:13.779	,-200,-872,-488
05:13.779	,-224,-848,-400
05:13.779	,-264,-840,-376
05:13.779	,-312,-848,-384
05:13.779	,-344,-864,-416
05:13.779	,-344,-888,-456
05:13.779	,-344,-888,-456
05:13.779	,-328,-912,-448
05:14.754	,-352,-888,-440
05:14.754	,-368,-848,-408
05:14.754	,-360,-848,-416
05:14.754	,-352,-808,-408
05:14.754	,-360,-808,-424
05:14.754	,-400,-824,-488
05:14.754	,-384,-840,-456
05:14.754	,-368,-872,-400
05:14.754	,-360,-880,-376
05:14.754	,-376,-888,-360
05:14.754	,-360,-896,-376
05:14.754	,-304,-864,-408
05:14.754	,-272,-848,-392
05:14.754	,-256,-896,-400
05:14.754	,-248,-944,-352
05:14.754	,-240,-920,-304
05:14.754	,-272,-936,-272
05:14.754	,-296,-936,-296
05:14.754	,-328,-896,-344
05:14.754	,-352,-880,-328
05:14.754	,-368,-872,-304
05:14.754	,-368,-880,-264
05:14.754	,-384,-896,-280
05:14.754	,-392,-880,-256
05:14.754	,-408,-912,-272
05:15.779	,-408,-944,-288
05:15.779	,-376,-960,-296
05:15.779	,-336,-960,-296
05:15.779	,-328,-992,-336
05:15.779	,-312,-1008,-384
05:15.779	,-280,-1000,-408
05:15.779	,-216,-888,-360
05:15.779	,-240,-872,-368
05:15.779	,-288,-912,-408
05:15.779	,-280,-864,-424
05:15.779	,-288,-824,-408
05:15.779	,-320,-824,-424
05:15.779	,-320,-824,-440
05:15.779	,-304,-840,-480
05:15.779	,-296,-840,-456
05:15.779	,-304,-840,-384
05:15.779	,-352,-840,-328
05:15.779	,-392,-856,-288
05:15.779	,-432,-864,-320
05:15.779	,-416,-880,-336
05:15.779	,-392,-912,-312
05:15.779	,-392,-880,-304
05:15.779	,-408,-856,-304
05:15.779	,-416,-840,-320
05:15.779	,-424,-864,-328
05:16.800	,-432,-920,-368
05:16.800	,-448,-984,-408
05:16.800	,-392,-984,-384
05:16.800	,-328,-928,-280
05:16.800	,-312,-880,-256
05:16.800	,-320,-848,-336
05:16.800	,-272,-856,-352
05:16.800	,-224,-912,-352
05:16.800	,-216,-928,-304
05:16.800	,-272,-936,-256
05:16.800	,-304,-944,-264
05:16.800	,-352,-888,-256
05:16.800	,-368,-864,-248
05:16.800	,-384,-864,-272
05:16.800	,-376,-888,-304
05:16.800	,-376,-880,-272
05:16.800	,-376,-888,-264
05:16.800	,-400,-880,-264
05:16.800	,-408,-880,-256
05:16.800	,-392,-864,-256
05:16.800	,-392,-888,-264
05:16.800	,-376,-912,-288
05:16.800	,-352,-912,-304
05:16.800	,-320,-928,-320
05:16.800	,-360,-952,-336
05:17.777	,-400,-976,-352
05:17.777	,-360,-1000,-360
05:17.777	,-320,-992,-368
05:17.777	,-296,-944,-320
05:17.777	,-296,-912,-320
05:17.777	,-336,-872,-312
05:17.777	,-352,-864,-344
05:17.777	,-336,-840,-392
05:17.777	,-328,-840,-432
05:17.777	,-304,-872,-456
05:17.777	,-264,-816,-424
05:17.777	,-304,-808,-376
05:17.777	,-352,-816,-312
05:17.777	,-376,-832,-288
05:17.777	,-408,-840,-296
05:17.777	,-384,-888,-320
05:17.777	,-344,-896,-312
05:17.777	,-352,-896,-320
05:17.777	,-368,-912,-360
05:17.777	,-352,-904,-352
05:17.777	,-368,-928,-368
05:17.777	,-408,-992,-448
05:17.777	,-352,-1024,-464
05:17.777	,-288,-952,-344
05:17.777	,-264,-896,-264
05:18.801	,-232,-856,-264
05:18.801	,-224,-840,-312
05:18.801	,-216,-912,-344
05:18.801	,-216,-920,-272
05:18.801	,-232,-952,-216
05:18.801	,-304,-936,-224
05:18.801	,-368,-920,-272
05:18.801	,-416,-880,-312
05:18.801	,-424,-896,-312
05:18.801	,-384,-920,-296
05:18.801	,-368,-912,-272
05:18.801	,-384,-904,-256
05:18.801	,-376,-896,-272
05:18.801	,-352,-848,-248
05:18.801	,-336,-848,-248
05:18.801	,-344,-848,-256
05:18.801	,-336,-840,-256
05:18.801	,-376,-856,-256
05:18.801	,-416,-880,-280
05:18.801	,-416,-952,-312
05:18.801	,-400,-984,-376
05:18.801	,-336,-968,-360
05:18.801	,-320,-976,-376
05:18.801	,-288,-936,-328
05:18.801	,-280,-928,-296
05:19.824	,-288,-920,-280
05:19.824	,-280,-912,-336
05:19.824	,-248,-936,-400
05:19.824	,-200,-912,-408
05:19.824	,-184,-896,-440
05:19.824	,-192,-880,-416
05:19.824	,-208,-856,-352
05:19.824	,-232,-848,-336
05:19.824	,-304,-840,-376
05:19.824	,-320,-848,-360
05:19.824	,-344,-856,-352
05:19.824	,-384,-888,-376
05:19.824	,-392,-888,-336
05:19.824	,-408,-896,-336
05:19.824	,-424,-896,-352
05:19.824	,-440,-840,-352
05:19.824	,-424,-848,-392
05:19.824	,-400,-872,-384
05:19.824	,-400,-936,-400
05:19.824	,-408,-1016,-456
05:19.824	,-328,-1040,-408
05:19.824	,-288,-1000,-288
05:19.824	,-264,-904,-296
05:19.824	,-208,-816,-336
05:19.824	,-160,-800,-432
05:20.800	,-136,-848,-464
05:20.800	,-144,-880,-384
05:20.800	,-216,-888,-288
05:20.800	,-312,-888,-240
05:20.800	,-376,-880,-240
05:20.800	,-392,-880,-256
05:20.800	,-400,-888,-280
05:20.800	,-392,-896,-296
05:20.800	,-392,-888,-264
05:20.800	,-400,-896,-280
05:20.800	,-416,-936,-344
05:20.800	,-376,-952,-360
05:20.800	,-320,-936,-320
05:20.800	,-344,-992,-328
05:20.800	,-336,-1008,-376
05:20.800	,-288,-1008,-416
05:20.800	,-216,-944,-384
05:20.800	,-192,-864,-336
05:20.800	,-216,-872,-368
05:20.800	,-224,-840,-384
05:20.800	,-240,-856,-392
05:20.800	,-264,-872,-424
05:20.800	,-264,-896,-432
05:20.800	,-248,-912,-448
05:20.800	,-224,-888,-408
05:21.823	,-256,-896,-384
05:21.823	,-272,-896,-360
05:21.823	,-264,-856,-352
05:21.823	,-272,-872,-360
05:21.823	,-304,-880,-368
05:21.823	,-296,-880,-368
05:21.823	,-280,-864,-344
05:21.823	,-320,-856,-336
05:21.823	,-352,-832,-336
05:21.823	,-368,-864,-344
05:21.823	,-376,-872,-376
05:21.823	,-376,-896,-360
05:21.823	,-376,-928,-368
05:21.823	,-368,-1008,-400
05:21.823	,-368,-1056,-472
05:21.823	,-288,-1032,-440
05:21.823	,-264,-952,-352
05:21.823	,-224,-872,-320
05:21.823	,-192,-800,-352
05:21.823	,-184,-800,-400
05:21.823	,-160,-816,-432
05:21.823	,-176,-824,-376
05:21.823	,-224,-864,-304
05:21.823	,-288,-880,-304
05:21.823	,-344,-872,-304
05:22.798	,-376,-872,-296
05:22.798	,-376,-912,-360
05:22.798	,-352,-920,-328
05:22.798	,-352,-912,-320
05:22.798	,-360,-888,-304
05:22.798	,-384,-904,-280
05:22.798	,-392,-880,-304
05:22.798	,-400,-936,-336
05:22.798	,-416,-936,-336
05:22.798	,-376,-920,-328
05:22.798	,-400,-960,-288
05:22.798	,-416,-928,-312
05:22.798	,-408,-976,-360
05:22.798	,-392,-976,-384
05:22.798	,-336,-872,-288
05:22.798	,-328,-864,-264
05:22.798	,-344,-840,-264
05:22.798	,-376,-848,-320
05:22.798	,-376,-848,-344
05:22.798	,-416,-808,-416
05:22.798	,-424,-816,-400
05:22.798	,-408,-864,-464
05:22.798	,-480,-784,-440
05:22.798	,-456,-832,-328
05:22.798	,-464,-768,-288
05:23.820	,-528,-800,-344
05:23.820	,-480,-800,-312
05:23.820	,-536,-800,-360
05:23.820	,-480,-800,-272
05:23.820	,-528,-768,-320
05:23.820	,-504,-848,-272
05:23.820	,-528,-752,-272
05:23.820	,-560,-832,-328
05:23.820	,-568,-752,-272
05:23.820	,-528,-840,-200
05:23.820	,-528,-872,-312
05:23.820	,-488,-952,-320
05:23.820	,-528,-1008,-368
05:23.820	,-488,-952,-320
05:23.820	,-408,-920,-296
05:23.820	,-384,-848,-256
05:23.820	,-320,-784,-256
05:23.820	,-344,-840,-336
05:23.820	,-328,-872,-400
05:23.820	,-328,-976,-328
05:23.820	,-336,-896,-264
05:23.820	,-432,-896,-256
05:23.820	,-456,-824,-248
05:23.820	,-472,-816,-312
05:23.820	,-480,-832,-296
05:24.843	,-424,-832,-264
05:24.843	,-424,-824,-304
05:24.843	,-432,-840,-336
05:24.843	,-408,-856,-312
05:24.843	,-432,-864,-336
05:24.843	,-432,-856,-344
05:24.843	,-408,-872,-360
05:24.843	,-392,-904,-336
05:24.843	,-408,-920,-360
05:24.843	,-408,-880,-312
05:24.843	,-384,-888,-320
05:24.843	,-448,-968,-376
05:24.843	,-400,-952,-384
05:24.843	,-384,-856,-424
05:24.843	,-408,-832,-432
05:24.843	,-392,-840,-432
05:24.843	,-416,-816,-448
05:24.843	,-392,-816,-392
05:24.843	,-400,-800,-360
05:24.843	,-440,-776,-392
05:24.843	,-440,-784,-392
05:24.843	,-464,-792,-432
05:24.843	,-464,-744,-416
05:24.843	,-496,-776,-416
05:24.843	,-480,-760,-432
05:25.819	,-520,-776,-416
05:25.819	,-408,-752,-408
05:25.819	,-512,-800,-488
05:25.819	,-496,-784,-408
05:25.819	,-528,-800,-464
05:25.819	,-512,-800,-456
05:25.819	,-496,-808,-392
05:25.819	,-496,-824,-392
05:25.819	,-488,-808,-432
05:25.819	,-416,-736,-368
05:25.819	,-488,-744,-472
05:25.819	,-520,-816,-480
05:25.819	,-496,-728,-408
05:25.819	,-520,-808,-440
05:25.819	,-536,-848,-432
05:25.819	,-504,-784,-352
05:25.819	,-456,-840,-272
05:25.819	,-504,-912,-368
05:25.819	,-424,-840,-272
05:25.819	,-400,-864,-232
05:25.819	,-376,-904,-336
05:25.819	,-408,-952,-336
05:25.819	,-400,-840,-248
05:25.819	,-424,-856,-240
05:25.819	,-440,-880,-224
05:26.843	,-448,-944,-240
05:26.843	,-448,-928,-200
05:26.843	,-408,-864,-200
05:26.843	,-440,-840,-264
05:26.843	,-424,-832,-248
05:26.843	,-400,-832,-232
05:26.843	,-424,-848,-248
05:26.843	,-408,-864,-192
05:26.843	,-472,-832,-232
05:26.843	,-472,-840,-240
05:26.843	,-472,-840,-224
05:26.843	,-464,-872,-264
05:26.843	,-456,-912,-264
05:26.843	,-416,-944,-312
05:26.843	,-416,-944,-232
05:26.843	,-440,-952,-312
05:26.843	,-440,-1000,-384
05:26.843	,-384,-968,-352
05:26.843	,-392,-920,-352
05:26.843	,-392,-904,-360
05:26.843	,-376,-872,-288
05:26.843	,-368,-808,-288
05:26.843	,-392,-800,-352
05:26.843	,-408,-840,-416
05:26.843	,-384,-856,-416
05:27.868	,-352,-848,-384
05:27.868	,-344,-816,-312
05:27.868	,-408,-840,-256
05:27.868	,-448,-832,-256
05:27.868	,-488,-832,-272
05:27.868	,-488,-864,-280
05:27.868	,-488,-840,-288
05:27.868	,-488,-856,-256
05:27.868	,-480,-848,-224
05:27.868	,-488,-840,-256
05:27.868	,-496,-872,-288
05:27.868	,-480,-888,-304
05:27.868	,-464,-952,-312
05:27.868	,-488,-1000,-344
05:27.868	,-416,-984,-264
05:27.868	,-368,-904,-216
05:27.868	,-328,-840,-192
05:27.868	,-320,-824,-264
05:27.868	,-296,-864,-320
05:27.868	,-272,-896,-312
05:27.868	,-272,-912,-280
05:27.868	,-328,-904,-224
05:27.868	,-400,-888,-224
05:27.868	,-448,-864,-272
05:27.868	,-432,-896,-296
05:28.843	,-384,-920,-272
05:28.843	,-328,-896,-240
05:28.843	,-352,-912,-272
05:28.843	,-360,-888,-264
05:28.843	,-344,-872,-264
05:28.843	,-360,-872,-248
05:28.843	,-368,-872,-232
05:28.843	,-368,-888,-248
05:28.843	,-368,-896,-264
05:28.843	,-384,-936,-304
05:28.843	,-360,-984,-336
05:28.843	,-320,-992,-376
05:28.843	,-272,-992,-368
05:28.843	,-256,-976,-352
05:28.843	,-256,-952,-312
05:28.843	,-256,-920,-256
05:28.843	,-272,-944,-304
05:28.843	,-272,-936,-376
05:28.843	,-240,-920,-400
05:28.843	,-208,-872,-392
05:28.843	,-208,-880,-360
05:28.843	,-256,-848,-336
05:28.843	,-272,-856,-320
05:28.843	,-312,-848,-320
05:28.843	,-352,-856,-304
05:29.867	,-360,-880,-304
05:29.867	,-392,-888,-296
05:29.867	,-384,-872,-312
05:29.867	,-400,-880,-312
05:29.867	,-408,-912,-352
05:29.867	,-400,-904,-352
05:29.867	,-384,-944,-352
05:29.867	,-392,-960,-376
05:29.867	,-384,-1008,-408
05:29.867	,-312,-992,-376
05:29.867	,-272,-936,-296
05:29.867	,-240,-880,-296
05:29.867	,-192,-816,-344
05:29.867	,-176,-856,-376
05:29.867	,-168,-888,-384
05:29.867	,-200,-912,-304
05:29.867	,-264,-928,-264
05:29.867	,-328,-896,-248
05:29.867	,-360,-872,-280
05:29.867	,-360,-880,-328
05:29.867	,-344,-928,-320
05:29.867	,-336,-896,-280
05:29.867	,-336,-904,-280
05:29.867	,-352,-904,-272
05:29.867	,-368,-872,-256
05:30.891	,-360,-880,-296
05:30.891	,-352,-896,-296
05:30.891	,-328,-904,-280
05:30.891	,-360,-936,-296
05:30.891	,-352,-976,-328
05:30.891	,-336,-1000,-352
05:30.891	,-280,-1024,-432
05:30.891	,-200,-984,-432
05:30.891	,-176,-912,-368
05:30.891	,-192,-888,-344
05:30.891	,-208,-848,-352
05:30.891	,-232,-832,-360
05:30.891	,-256,-848,-384
05:30.891	,-272,-864,-432
05:30.891	,-280,-888,-464
05:30.891	,-272,-904,-480
05:30.891	,-280,-872,-368
05:30.891	,-320,-880,-336
05:30.891	,-376,-840,-336
05:30.891	,-376,-832,-352
05:30.891	,-392,-832,-384
05:30.891	,-408,-848,-392
05:30.891	,-384,-864,-384
05:30.891	,-408,-880,-344
05:30.891	,-424,-896,-352
05:31.866	,-464,-912,-352
05:31.866	,-464,-888,-344
05:31.866	,-456,-880,-328
05:31.866	,-416,-872,-320
05:31.866	,-416,-920,-344
05:31.866	,-416,-968,-384
05:31.866	,-360,-976,-400
05:31.866	,-320,-920,-280
05:31.866	,-320,-872,-240
05:31.866	,-296,-816,-280
05:31.866	,-288,-816,-312
05:31.866	,-288,-896,-352
05:31.866	,-280,-920,-352
05:31.866	,-288,-936,-304
05:31.866	,-352,-904,-224
05:31.866	,-400,-864,-248
05:31.866	,-432,-848,-304
05:31.866	,-432,-864,-280
05:31.866	,-424,-848,-288
05:31.866	,-400,-856,-248
05:31.866	,-392,-872,-280
05:31.866	,-376,-856,-280
05:31.866	,-416,-824,-288
05:31.866	,-400,-872,-264
05:31.866	,-408,-896,-296
05:32.890	,-392,-896,-272
05:32.890	,-384,-904,-280
05:32.890	,-416,-944,-328
05:32.890	,-408,-968,-328
05:32.890	,-400,-992,-408
05:32.890	,-344,-968,-400
05:32.890	,-312,-888,-384
05:32.890	,-312,-888,-376
05:32.890	,-296,-880,-384
05:32.890	,-304,-848,-384
05:32.890	,-312,-872,-456
05:32.890	,-248,-880,-496
05:32.890	,-232,-856,-472
05:32.890	,-216,-824,-384
05:32.890	,-248,-832,-344
05:32.890	,-320,-848,-352
05:32.890	,-328,-872,-384
05:32.890	,-344,-880,-352
05:32.890	,-352,-880,-344
05:32.890	,-368,-912,-352
05:32.890	,-392,-888,-360
05:32.890	,-416,-864,-328
05:32.890	,-424,-840,-344
05:32.890	,-432,-840,-376
05:32.890	,-424,-832,-360
05:33.912	,-416,-824,-368
05:33.912	,-440,-848,-368
05:33.912	,-432,-856,-352
05:33.912	,-432,-888,-368
05:33.912	,-424,-944,-408
05:33.912	,-408,-1016,-424
05:33.912	,-352,-1008,-344
05:33.912	,-304,-952,-264
05:33.912	,-272,-864,-288
05:33.912	,-248,-832,-320
05:33.912	,-232,-896,-352
05:33.912	,-208,-920,-360
05:33.912	,-216,-904,-264
05:33.912	,-224,-928,-240
05:33.912	,-360,-848,-288
05:33.912	,-400,-856,-216
05:33.912	,-368,-920,-240
05:33.912	,-392,-904,-312
05:33.912	,-304,-864,-216
05:33.912	,-360,-912,-280
05:33.912	,-328,-840,-240
05:33.912	,-360,-856,-264
05:33.912	,-384,-896,-200
05:33.912	,-384,-928,-256
05:33.912	,-336,-976,-192
05:34.886	,-352,-960,-248
05:34.886	,-360,-944,-264
05:34.886	,-368,-944,-288
05:34.886	,-376,-968,-312
05:34.886	,-376,-968,-336
05:34.886	,-336,-976,-368
05:34.886	,-312,-960,-304
05:34.886	,-328,-888,-312
05:34.886	,-312,-920,-320
05:34.886	,-304,-864,-304
05:34.886	,-296,-832,-328
05:34.886	,-304,-888,-408
05:34.886	,-312,-912,-440
05:34.886	,-296,-848,-376
05:34.886	,-272,-824,-328
05:34.886	,-336,-960,-344
05:34.886	,-344,-840,-288
05:34.886	,-376,-920,-360
05:34.886	,-368,-872,-288
05:34.886	,-400,-848,-336
05:34.886	,-424,-920,-336
05:34.886	,-408,-864,-304
05:34.886	,-432,-824,-312
05:34.886	,-448,-848,-328
05:34.886	,-456,-864,-280
05:35.913	,-464,-856,-296
05:35.913	,-480,-888,-288
05:35.913	,-488,-928,-312
05:35.913	,-472,-984,-328
05:35.913	,-440,-960,-288
05:35.913	,-408,-944,-256
05:35.913	,-368,-880,-224
05:35.913	,-320,-824,-208
05:35.913	,-304,-872,-280
05:35.913	,-264,-912,-320
05:35.913	,-248,-936,-312
05:35.913	,-280,-904,-240
05:35.913	,-336,-888,-192
05:35.913	,-416,-872,-184
05:35.913	,-472,-864,-224
05:35.913	,-448,-864,-224
05:35.913	,-424,-896,-248
05:35.913	,-408,-896,-256
05:35.913	,-400,-904,-272
05:35.913	,-400,-896,-280
05:35.913	,-392,-880,-288
05:35.913	,-384,-856,-288
05:35.913	,-384,-880,-288
05:35.913	,-384,-904,-304
05:35.913	,-368,-928,-312
05:36.936	,-376,-928,-288
05:36.936	,-408,-992,-320
05:36.936	,-384,-984,-336
05:36.936	,-352,-960,-392
05:36.936	,-320,-904,-336
05:36.936	,-344,-856,-360
05:36.936	,-352,-824,-368
05:36.936	,-344,-816,-368
05:36.936	,-344,-808,-360
05:36.936	,-368,-824,-368
05:36.936	,-368,-816,-376
05:36.936	,-376,-824,-392
05:36.936	,-376,-824,-392
05:36.936	,-368,-840,-384
05:36.936	,-384,-856,-416
05:36.936	,-376,-856,-456
05:36.936	,-360,-880,-464
05:36.936	,-352,-888,-472
05:36.936	,-344,-872,-464
05:36.936	,-320,-856,-440
05:36.936	,-336,-864,-456
05:36.936	,-328,-888,-456
05:36.936	,-312,-864,-456
05:36.936	,-312,-888,-464
05:36.936	,-320,-856,-416
05:37.909	,-344,-856,-448
05:37.909	,-336,-856,-432
05:37.909	,-312,-888,-432
05:37.909	,-288,-888,-416
05:37.909	,-288,-872,-400
05:37.909	,-304,-848,-352
05:37.909	,-336,-872,-352
05:37.909	,-352,-896,-336
05:37.909	,-368,-880,-312
05:37.909	,-360,-928,-320
05:37.909	,-392,-904,-320
05:37.909	,-360,-896,-232
05:37.909	,-344,-840,-264
05:37.909	,-344,-1000,-304
05:37.909	,-360,-928,-280
05:37.909	,-312,-912,-224
05:37.909	,-344,-928,-256
05:37.909	,-352,-904,-224
05:37.909	,-384,-880,-304
05:37.909	,-384,-872,-240
05:37.909	,-392,-848,-248
05:37.909	,-392,-896,-216
05:37.909	,-408,-864,-224
05:37.909	,-416,-920,-200
05:37.909	,-408,-864,-232
05:38.932	,-448,-920,-216
05:38.932	,-408,-904,-152
05:38.932	,-376,-960,-216
05:38.932	,-344,-992,-264
05:38.932	,-384,-992,-312
05:38.932	,-400,-1008,-328
05:38.932	,-352,-928,-304
05:38.932	,-328,-872,-280
05:38.932	,-352,-864,-288
05:38.932	,-320,-872,-312
05:38.932	,-360,-848,-392
05:38.932	,-376,-864,-408
05:38.932	,-312,-936,-432
05:38.932	,-352,-840,-360
05:38.932	,-352,-824,-248
05:38.932	,-368,-888,-248
05:38.932	,-432,-880,-256
05:38.932	,-408,-848,-248
05:38.932	,-416,-824,-288
05:38.932	,-424,-880,-248
05:38.932	,-416,-848,-224
05:38.932	,-440,-896,-240
05:38.932	,-448,-864,-240
05:38.932	,-456,-896,-264
05:38.932	,-440,-952,-232
05:39.959	,-440,-936,-256
05:39.959	,-472,-984,-296
05:39.959	,-416,-976,-272
05:39.959	,-384,-944,-232
05:39.959	,-368,-864,-224
05:39.959	,-360,-840,-224
05:39.959	,-344,-864,-256
05:39.959	,-328,-920,-288
05:39.959	,-312,-960,-264
05:39.959	,-312,-936,-240
05:39.959	,-344,-912,-208
05:39.959	,-368,-880,-216
05:39.959	,-392,-888,-224
05:39.959	,-400,-904,-240
05:39.959	,-400,-888,-240
05:39.959	,-368,-888,-200
05:39.959	,-392,-952,-232
05:39.959	,-392,-888,-208
05:39.959	,-416,-904,-208
05:39.959	,-424,-880,-192
05:39.959	,-432,-880,-224
05:39.959	,-424,-904,-224
05:39.959	,-408,-896,-224
05:39.959	,-392,-904,-208
05:39.959	,-400,-880,-200
05:40.934	,-424,-888,-216
05:40.934	,-424,-936,-232
05:40.934	,-424,-984,-288
05:40.934	,-368,-992,-328
05:40.934	,-296,-976,-344
05:40.934	,-272,-912,-272
05:40.934	,-304,-888,-280
05:40.934	,-320,-896,-304
05:40.934	,-312,-936,-312
05:40.934	,-312,-920,-352
05:40.934	,-296,-912,-400
05:40.934	,-304,-888,-360
05:40.934	,-304,-864,-312
05:40.934	,-328,-864,-312
05:40.934	,-384,-872,-312
05:40.934	,-392,-888,-336
05:40.934	,-376,-856,-312
05:40.934	,-408,-840,-312
05:40.934	,-424,-856,-304
05:40.934	,-448,-872,-280
05:40.934	,-424,-880,-296
05:40.934	,-432,-864,-320
05:40.934	,-464,-840,-312
05:40.934	,-456,-816,-328
05:40.934	,-488,-808,-328
05:41.958	,-456,-808,-320
05:41.958	,-448,-800,-344
05:41.958	,-464,-864,-384
05:41.958	,-448,-912,-456
05:41.958	,-352,-888,-384
05:41.958	,-352,-864,-344
05:41.958	,-344,-880,-352
05:41.958	,-288,-888,-376
05:41.958	,-288,-920,-432
05:41.958	,-288,-920,-416
05:41.958	,-288,-912,-368
05:41.958	,-288,-936,-360
05:41.958	,-312,-920,-408
05:41.958	,-312,-904,-400
05:41.958	,-304,-920,-376
05:41.958	,-328,-896,-360
05:41.958	,-320,-864,-384
05:41.958	,-304,-848,-360
05:41.958	,-312,-856,-344
05:41.958	,-304,-840,-368
05:41.958	,-296,-840,-360
05:41.958	,-288,-896,-336
05:41.958	,-304,-936,-296
05:41.958	,-296,-920,-280
05:41.958	,-288,-976,-288
05:42.981	,-312,-912,-248
05:42.981	,-280,-944,-280
05:42.981	,-264,-1032,-256
05:42.981	,-264,-944,-176
05:42.981	,-216,-1008,-104
05:42.981	,-232,-888,-120
05:42.981	,-208,-840,-24
05:42.981	,-160,-656,32
05:42.981	,-88,-616,8
05:42.981	,8,-544,-8
05:42.981	,232,-888,-72
05:42.981	,376,-664,-112
05:42.981	,600,-760,-144
05:42.981	,888,-704,-192
05:42.981	,1152,-664,-240
05:42.981	,1520,-704,-232
05:42.981	,1512,-608,-264
05:42.981	,1240,-424,-192
05:42.981	,1056,-416,-56
05:42.981	,1032,-472,-32
05:42.981	,960,-496,-96
05:42.981	,872,-520,-136
05:42.981	,840,-496,-120
05:42.981	,880,-464,-56
05:42.981	,896,-416,-32
05:43.959	,976,-448,-40
05:43.959	,1072,-480,-48
05:43.959	,1104,-448,-48
05:43.959	,1056,-416,-32
05:43.959	,1040,-400,0
05:43.959	,1104,-368,-24
05:43.959	,1288,-328,-48
05:43.959	,1232,-240,-32
05:43.959	,1144,-224,16
05:43.959	,1088,-312,32
05:43.959	,1008,-328,24
05:43.959	,872,-336,16
05:43.959	,760,-328,72
05:43.959	,664,-320,152
05:43.959	,592,-352,184
05:43.959	,632,-344,232
05:43.959	,672,-392,232
05:43.959	,800,-408,216
05:43.959	,1032,-440,184
05:43.959	,1280,-432,160
05:43.959	,1384,-416,96
05:43.959	,1264,-408,48
05:43.959	,1176,-432,0
05:43.959	,1112,-464,16
05:43.959	,888,-488,-40
05:45.028	,800,-504,-88
05:45.028	,872,-496,-88
05:45.028	,904,-424,-64
05:45.028	,912,-392,-32
05:45.028	,1000,-432,-32
05:45.028	,1080,-408,-40
05:45.028	,1128,-376,-16
05:45.028	,1144,-344,-8
05:45.028	,1144,-336,-24
05:45.028	,1112,-304,-24
05:45.028	,1016,-248,8
05:45.028	,872,-256,24
05:45.028	,800,-256,56
05:45.028	,776,-280,88
05:45.028	,760,-304,128
05:45.028	,744,-312,144
05:45.028	,832,-344,144
05:45.028	,976,-408,88
05:45.028	,1240,-400,80
05:45.028	,1272,-344,32
05:45.028	,1104,-336,0
05:45.028	,1088,-272,-16
05:45.028	,1040,-264,-40
05:45.028	,1056,-312,-96
05:45.028	,1032,-288,-152
05:46.004	,944,-296,-152
05:46.004	,904,-280,-128
05:46.004	,888,-264,-104
05:46.004	,904,-296,-80
05:46.004	,880,-304,-40
05:46.004	,888,-360,16
05:46.004	,912,-400,56
05:46.004	,992,-440,88
05:46.004	,1008,-464,160
05:46.004	,1008,-496,232
05:46.004	,992,-488,216
05:46.004	,968,-472,216
05:46.004	,944,-464,208
05:46.004	,864,-464,184
05:46.004	,832,-440,168
05:46.004	,832,-392,168
05:46.004	,880,-384,160
05:46.004	,960,-368,128
05:46.004	,1080,-368,136
05:46.004	,1112,-344,120
05:46.004	,1128,-360,96
05:46.004	,1296,-376,56
05:46.004	,1184,-312,24
05:46.004	,1096,-272,0
05:46.004	,1040,-232,-24
05:46.979	,912,-224,-48
05:46.979	,816,-184,-40
05:46.979	,760,-224,-56
05:46.979	,728,-264,-56
05:46.979	,768,-280,-88
05:46.979	,792,-304,-80
05:46.979	,848,-296,-96
05:46.979	,920,-304,-104
05:46.979	,1008,-296,-104
05:46.979	,1096,-320,-136
05:46.979	,1240,-336,-184
05:46.979	,1376,-344,-248
05:46.979	,1264,-336,-232
05:46.979	,1152,-328,-160
05:46.979	,992,-384,-40
05:46.979	,840,-464,32
05:46.979	,832,-424,72
05:46.979	,880,-480,136
05:46.979	,944,-408,216
05:46.979	,904,-472,224
05:46.979	,848,-552,232
05:46.979	,872,-512,272
05:46.979	,912,-488,216
05:46.979	,968,-416,144
05:46.979	,1032,-472,96
05:48.002	,1056,-440,64
05:48.002	,1048,-400,24
05:48.002	,1048,-392,16
05:48.002	,1200,-440,48
05:48.002	,1048,-384,72
05:48.002	,1056,-392,88
05:48.002	,1072,-256,48
05:48.002	,1064,-280,152
05:48.002	,1072,-312,168
05:48.002	,1008,-312,160
05:48.002	,888,-336,136
05:48.002	,808,-296,144
05:48.002	,728,-280,104
05:48.002	,648,-280,64
05:48.002	,664,-296,24
05:48.002	,744,-328,-32
05:48.002	,920,-344,-96
05:48.002	,1152,-352,-176
05:48.002	,1344,-312,-240
05:48.002	,1352,-296,-272
05:48.002	,1376,-264,-280
05:48.002	,1408,-272,-304
05:48.002	,1136,-248,-336
05:48.002	,1024,-264,-320
05:48.002	,968,-288,-296
05:49.026	,928,-344,-248
05:49.026	,832,-312,-176
05:49.026	,672,-400,-88
05:49.026	,672,-496,0
05:49.026	,688,-616,32
05:49.026	,784,-568,24
05:49.026	,808,-640,168
05:49.026	,920,-560,312
05:49.026	,992,-752,456
05:49.026	,1056,-712,496
05:49.026	,1112,-648,312
05:49.026	,960,-376,224
05:49.026	,696,-432,0
05:49.026	,424,-120,-104
05:49.026	,584,120,144
05:49.026	,488,-192,168
05:49.026	,1264,368,-136
05:49.026	,1696,440,24
05:49.026	,1696,816,-544
05:49.026	,4008,672,3344
05:49.026	,-1200,-1184,1704
05:49.026	,1768,24,-400
05:49.026	,888,-632,-176
05:49.026	,1096,-320,160
05:49.026	,864,-384,40
05:50.001	,824,-640,-16
05:50.001	,960,-32,296
05:50.001	,832,-400,-16
05:50.001	,960,232,-40
05:50.001	,1040,176,0
05:50.001	,912,-264,-104
05:50.001	,928,-88,72
05:50.001	,1008,-296,48
05:50.001	,920,24,-120
05:50.001	,1000,-256,-8
05:50.001	,1000,-320,-32
05:50.001	,1008,168,-40
05:50.001	,944,-32,24
05:50.001	,1032,-64,8
05:50.001	,944,-24,-144
05:50.001	,1056,-144,-48
05:50.001	,1008,192,-24
05:50.001	,960,208,112
05:50.001	,920,152,-128
05:50.001	,1032,16,48
05:50.001	,880,264,-8
05:50.001	,1024,208,-24
05:50.001	,1016,56,-88
05:50.001	,872,256,0
05:50.001	,976,112,-16
05:51.025	,904,176,-40
05:51.025	,1008,136,-8
05:51.025	,1008,96,-16
05:51.025	,976,264,-24
05:51.025	,984,80,16
05:51.025	,952,144,-24
05:51.025	,936,72,16
05:51.025	,1000,152,-40
05:51.025	,984,32,-40
05:51.025	,952,64,8
05:51.025	,984,128,-24
05:51.025	,1000,24,8
05:51.025	,976,40,-24
05:51.025	,984,80,-24
05:51.025	,1024,16,-32
05:51.025	,1008,120,-72
05:51.025	,944,-8,0
05:51.025	,992,96,8
05:51.025	,992,112,-16
05:51.025	,968,48,-32
05:51.025	,1024,48,-56
05:51.025	,992,-24,-48
05:51.025	,944,-8,0
05:51.025	,992,32,-80
05:51.025	,976,24,-40
05:52.047	,992,48,-64
05:52.047	,968,8,-16
05:52.047	,984,-8,-48
05:52.047	,984,8,-72
05:52.047	,984,64,-48
05:52.047	,944,40,-72
05:52.047	,936,64,-56
05:52.047	,992,56,-96
05:52.047	,1000,24,-64
05:52.047	,1000,-40,-24
05:52.047	,992,128,-112
05:52.047	,1016,-88,-48
05:52.047	,1000,48,-48
05:52.047	,1016,48,16
05:52.047	,992,8,32
05:52.047	,976,0,40
05:52.047	,992,16,80
05:52.047	,1008,80,40
05:52.047	,984,-16,72
05:52.047	,992,8,88
05:52.047	,968,16,72
05:52.047	,968,-40,104
05:52.047	,968,-32,160
05:52.047	,984,-16,144
05:52.047	,984,-16,112
05:53.021	,976,-24,168
05:53.021	,976,-24,160
05:53.021	,1000,-48,176
05:53.021	,968,-8,176
05:53.021	,968,-80,176
05:53.021	,960,-16,216
05:53.021	,968,-64,192
05:53.021	,976,-16,208
05:53.021	,960,-48,200
05:53.021	,960,-32,200
05:53.021	,960,-56,200
05:53.021	,968,-32,224
05:53.021	,952,-64,200
05:53.021	,952,-72,248
05:53.021	,976,-40,208
05:53.021	,944,-64,248
05:53.021	,960,-56,208
05:53.021	,952,-48,240
05:53.021	,960,-112,248
05:53.021	,936,-72,264
05:53.021	,968,-80,248
05:53.021	,952,-104,264
05:53.021	,936,-104,256
05:53.021	,944,-64,248
05:53.021	,936,-144,296
05:54.047	,928,-96,280
05:54.047	,936,-136,272
05:54.047	,936,-112,296
05:54.047	,936,-104,280
05:54.047	,944,-168,312
05:54.047	,912,-112,312
05:54.047	,936,-136,288
05:54.047	,936,-160,320
05:54.047	,920,-120,304
05:54.047	,920,-168,296
05:54.047	,920,-128,304
05:54.047	,928,-136,304
05:54.047	,944,-160,296
05:54.047	,920,-136,296
05:54.047	,944,-120,288
05:54.047	,912,-128,304
05:54.047	,952,-176,296
05:54.047	,928,-144,296
05:54.047	,936,-144,312
05:54.047	,912,-112,312
05:54.047	,944,-176,272
05:54.047	,920,-120,296
05:54.047	,936,-160,296
05:54.047	,920,-96,296
05:54.047	,920,-152,312
05:55.069	,936,-136,312
05:55.069	,904,-112,312
05:55.069	,928,-152,328
05:55.069	,920,-136,312
05:55.069	,936,-144,328
05:55.069	,928,-96,336
05:55.069	,896,-88,264
05:55.069	,928,-112,304
05:55.069	,904,-96,320
05:55.069	,936,-120,336
05:55.069	,928,-88,312
05:55.069	,944,-160,336
05:55.069	,904,-120,352
05:55.069	,928,-104,328
05:55.069	,928,-96,336
05:55.069	,920,-128,336
05:55.069	,904,-128,368
05:55.069	,936,-112,336
05:55.069	,920,-104,360
05:55.069	,936,-144,344
05:55.069	,928,-96,336
05:55.069	,928,-88,344
05:55.069	,920,-120,352
05:55.069	,936,-104,344
05:55.069	,912,-104,352
05:56.044	,944,-96,344
05:56.044	,912,-72,352
05:56.044	,928,-112,344
05:56.044	,920,-80,360
05:56.044	,904,-112,368
05:56.044	,928,-80,344
05:56.044	,912,-104,344
05:56.044	,904,-88,360
05:56.044	,912,-96,352
05:56.044	,904,-80,344
05:56.044	,928,-104,344
05:56.044	,928,-88,344
05:56.044	,920,-88,352
05:56.044	,920,-104,352
05:56.044	,920,-104,336
05:56.044	,928,-88,352
05:56.044	,912,-104,368
05:56.044	,920,-104,336
05:56.044	,920,-96,344
05:56.044	,928,-88,344
05:56.044	,912,-88,344
05:56.044	,928,-120,336
05:56.044	,912,-96,344
05:56.044	,928,-80,328
05:56.044	,928,-96,328
05:57.070	,912,-112,344
05:57.070	,928,-96,336
05:57.070	,920,-120,352
05:57.070	,928,-88,344
05:57.070	,920,-112,336
05:57.070	,936,-104,352
05:57.070	,912,-104,352
05:57.070	,920,-104,336
05:57.070	,912,-104,352
05:57.070	,912,-96,344
05:57.070	,936,-88,352
05:57.070	,904,-104,360
05:57.070	,920,-128,352
05:57.070	,920,-96,344
05:57.070	,912,-112,352
05:57.070	,912,-120,360
05:57.070	,920,-112,360
05:57.070	,928,-88,352
05:57.070	,920,-160,384
05:57.070	,904,-104,352
05:57.070	,912,-112,368
05:57.070	,920,-144,360
05:57.070	,912,-104,344
05:57.070	,920,-128,376
05:57.070	,904,-128,384
05:58.046	,912,-128,376
05:58.046	,912,-120,352
05:58.046	,912,-112,368
05:58.046	,912,-112,352
05:58.046	,912,-120,376
05:58.046	,920,-96,360
05:58.046	,912,-128,376
05:58.046	,912,-120,368
05:58.046	,912,-112,368
05:58.046	,904,-112,376
05:58.046	,920,-96,360
05:58.046	,904,-104,360
05:58.046	,920,-128,360
05:58.046	,904,-96,368
05:58.046	,920,-112,368
05:58.046	,912,-96,376
05:58.046	,912,-112,352
05:58.046	,912,-112,352
05:58.046	,920,-80,360
05:58.046	,920,-120,360
05:58.046	,912,-96,352
05:58.046	,904,-136,376
05:58.046	,920,-112,360
05:58.046	,912,-112,368
05:58.046	,912,-112,352
05:59.069	,912,-136,384
05:59.069	,920,-112,376
05:59.069	,920,-104,360
05:59.069	,912,-120,368
05:59.069	,904,-104,344
05:59.069	,912,-104,368
05:59.069	,904,-128,368
05:59.069	,904,-88,376
05:59.069	,888,-112,368
05:59.069	,912,-128,376
05:59.069	,920,-104,360
05:59.069	,912,-96,360
05:59.069	,928,-96,368
05:59.069	,920,-128,352
05:59.069	,904,-104,360
05:59.069	,904,-112,368
05:59.069	,904,-96,352
05:59.069	,928,-112,352
05:59.069	,920,-112,352
05:59.069	,912,-104,376
05:59.069	,912,-88,360
05:59.069	,920,-112,352
05:59.069	,920,-104,352
05:59.069	,912,-88,352
05:59.069	,904,-96,352
06:00.092	,920,-96,360
06:00.092	,912,-104,360
06:00.092	,928,-112,360
06:00.092	,912,-112,368
06:00.092	,920,-96,368
06:00.092	,912,-96,344
06:00.092	,920,-104,360
06:00.092	,912,-88,344
06:00.092	,920,-104,376
06:00.092	,912,-120,376
06:00.092	,904,-96,360
06:00.092	,920,-88,360
06:00.092	,936,-104,360
06:00.092	,912,-72,352
06:00.092	,912,-104,368
06:00.092	,896,-56,352
06:00.092	,952,-88,328
06:00.092	,880,-16,312
06:00.092	,928,-128,296
06:00.092	,864,-296,336
06:00.092	,896,-200,328
06:00.092	,904,-216,408
06:00.092	,872,-336,440
06:00.092	,800,-272,424
06:00.092	,832,-312,432
06:01.065	,816,-432,464
06:01.065	,800,-328,464
06:01.065	,808,-384,488
06:01.065	,784,-384,504
06:01.065	,776,-368,520
06:01.065	,776,-368,520
06:01.065	,760,-400,504
06:01.065	,760,-360,520
06:01.065	,744,-376,544
06:01.065	,752,-376,520
06:01.065	,760,-376,520
06:01.065	,776,-352,488
06:01.065	,784,-360,496
06:01.065	,784,-344,480
06:01.065	,800,-352,504
06:01.065	,792,-328,488
06:01.065	,808,-336,472
06:01.065	,784,-328,512
06:01.065	,808,-328,480
06:01.065	,792,-360,488
06:01.065	,816,-312,472
06:01.065	,792,-320,488
06:01.065	,792,-360,480
06:01.065	,824,-304,472
06:01.065	,808,-320,488
06:02.091	,808,-296,480
06:02.091	,808,-328,488
06:02.091	,816,-280,480
06:02.091	,816,-304,488
06:02.091	,840,-264,480
06:02.091	,824,-296,488
06:02.091	,832,-248,472
06:02.091	,832,-288,472
06:02.091	,824,-264,456
06:02.091	,840,-280,480
06:02.091	,824,-272,488
06:02.091	,832,-304,488
06:02.091	,832,-272,480
06:02.091	,816,-272,496
06:02.091	,816,-272,496
06:02.091	,840,-280,480
06:02.091	,880,-288,504
06:02.091	,1008,-296,416
06:02.091	,1048,-312,152
06:02.091	,1344,-600,488
06:02.091	,864,-240,680
06:02.091	,176,424,-664
06:02.091	,568,-112,16
06:02.091	,96,216,-96
06:02.091	,3224,-2696,448
06:03.115	,592,-960,304
06:03.115	,1104,-216,344
06:03.115	,816,-464,128
06:03.115	,976,-208,-24
06:03.115	,920,-200,144
06:03.115	,984,-112,144
06:03.115	,976,-232,72
06:03.115	,968,-168,72
06:03.115	,968,-120,88
06:03.115	,960,-80,88
06:03.115	,976,-144,64
06:03.115	,976,-208,64
06:03.115	,968,-184,88
06:03.115	,968,-160,64
06:03.115	,976,-168,80
06:03.115	,976,-120,88
06:03.115	,976,-160,104
06:03.115	,984,-144,88
06:03.115	,968,-200,88
06:03.115	,960,-176,96
06:03.115	,960,-184,88
06:03.115	,968,-184,112
06:03.115	,968,-184,72
06:03.115	,968,-192,104
06:03.115	,968,-216,104
06:04.090	,976,-168,104
06:04.090	,968,-168,120
06:04.090	,960,-160,104
06:04.090	,960,-176,104
06:04.090	,984,-216,112
06:04.090	,968,-192,96
06:04.090	,960,-208,112
06:04.090	,968,-216,112
06:04.090	,936,-208,136
06:04.090	,960,-248,152
06:04.090	,944,-88,144
06:04.090	,896,-56,232
06:04.090	,960,-56,160
06:04.090	,720,-632,-32
06:04.090	,1368,-1592,-504
06:04.090	,488,-904,-304
06:04.090	,16,-416,224
06:04.090	,16,-440,304
06:04.090	,88,-648,528
06:04.090	,-112,-24,280
06:04.090	,856,-4080,1128
06:04.090	,-112,64,648
06:04.090	,800,-608,144
06:04.090	,760,-784,136
06:04.090	,760,-480,88
06:05.115	,800,-648,120
06:05.115	,752,-616,136
06:05.115	,816,-576,152
06:05.115	,768,-584,184
06:05.115	,816,-560,72
06:05.115	,768,-584,80
06:05.115	,840,-528,56
06:05.115	,824,-528,80
06:05.115	,880,-456,96
06:05.115	,920,-504,8
06:05.115	,928,-320,-40
06:05.115	,920,-384,16
06:05.115	,952,-352,-32
06:05.115	,928,-288,-32
06:05.115	,968,-256,0
06:05.115	,960,-168,16
06:05.115	,984,-288,-16
06:05.115	,952,-152,-24
06:05.115	,984,-208,8
06:05.115	,968,-176,16
06:05.115	,976,-160,-8
06:05.115	,976,-224,-8
06:05.115	,960,-216,8
06:05.115	,968,-184,16
06:05.115	,968,-248,32
06:06.137	,976,-208,40
06:06.137	,944,-48,40
06:06.137	,1008,-328,40
06:06.137	,968,-168,64
06:06.137	,1136,-288,96
06:06.137	,1376,-1056,-8
06:06.137	,944,-752,8
06:06.137	,600,-728,-216
06:06.137	,240,-1040,-440
06:06.137	,104,-808,-360
06:06.137	,-16,-808,-320
06:06.137	,-112,-792,-400
06:06.137	,-48,-808,-344
06:06.137	,-136,-760,-296
06:06.137	,-88,-816,-128
06:06.137	,-96,-688,-80
06:06.137	,-8,-768,-96
06:06.137	,88,-640,-120
06:06.137	,216,-840,-88
06:06.137	,568,-832,40
06:06.137	,168,-752,-216
06:06.137	,464,-1392,-520
06:06.137	,616,-1144,-256
06:06.137	,592,-176,-72
06:06.137	,1472,-912,168
06:07.115	,168,-40,-368
06:07.115	,1232,-816,176
06:07.115	,672,-376,-136
06:07.115	,952,-128,32
06:07.115	,928,-288,16
06:07.115	,944,-632,520
06:07.115	,992,-328,128
06:07.115	,960,-104,-104
06:07.115	,952,88,-56
06:07.115	,944,0,64
06:07.115	,944,-128,-40
06:07.115	,1008,-280,136
06:07.115	,984,-344,40
06:07.115	,888,-280,-16
06:07.115	,984,-560,96
06:07.115	,976,-728,72
06:07.115	,912,-304,168
06:07.115	,920,-544,56
06:07.115	,864,-424,88
06:07.115	,872,-304,-16
06:07.115	,904,-448,-8
06:07.115	,888,-432,176
06:07.115	,904,-360,104
06:07.115	,896,-376,80
06:07.115	,880,-368,48
06:08.136	,936,-448,56
06:08.136	,888,-344,32
06:08.136	,864,-320,-32
06:08.136	,880,-376,-40
06:08.136	,1016,-456,80
06:08.136	,1112,-528,24
06:08.136	,960,-576,-120
06:08.136	,792,-1016,-144
06:08.136	,624,-1032,-312
06:08.136	,520,-1000,-240
06:08.136	,352,-856,-272
06:08.136	,344,-752,-312
06:08.136	,128,-920,-376
06:08.136	,176,-800,-384
06:08.136	,24,-760,-376
06:08.136	,24,-872,-432
06:08.136	,32,-848,-352
06:08.136	,-24,-864,-368
06:08.136	,0,-744,-328
06:08.136	,-56,-1000,-304
06:08.136	,-56,-824,-256
06:08.136	,-88,-936,-280
06:08.136	,-104,-928,-264
06:08.136	,-104,-984,-232
06:08.136	,-120,-960,-240
06:09.158	,-120,-960,-240
06:09.158	,-120,-960,-256
06:09.158	,-120,-976,-264
06:09.158	,-112,-952,-256
06:09.158	,-120,-944,-240
06:09.158	,-120,-952,-248
06:09.158	,-128,-968,-248
06:09.158	,-112,-952,-256
06:09.158	,-128,-992,-272
06:09.158	,-104,-960,-256
06:09.158	,-120,-976,-248
06:09.158	,-120,-960,-240
06:09.158	,-128,-952,-224
06:09.158	,-120,-952,-256
06:09.158	,-112,-968,-248
06:09.158	,-112,-984,-240
06:09.158	,-112,-968,-232
06:09.158	,-136,-968,-232
06:09.158	,-120,-992,-224
06:09.158	,-144,-952,-232
06:09.158	,-128,-936,-232
06:09.158	,-104,-960,-224
06:09.158	,-96,-936,-216
06:09.158	,-120,-960,-248
06:09.158	,-128,-952,-280
06:10.133	,-128,-992,-240
06:10.133	,-136,-968,-248
06:10.133	,-120,-984,-248
06:10.133	,-128,-976,-248
06:10.133	,-136,-968,-248
06:10.133	,-136,-984,-248
06:10.133	,-120,-960,-256
06:10.133	,-136,-968,-272
06:10.133	,-144,-984,-264
06:10.133	,-144,-1000,-288
06:10.133	,-168,-1024,-296
06:10.133	,-216,-1024,-328
06:10.133	,-216,-1088,-296
06:10.133	,-224,-1016,-216
06:10.133	,-184,-976,-176
06:10.133	,-144,-1032,-176
06:10.133	,-120,-984,-264
06:10.133	,-144,-1016,-280
06:10.133	,-216,-1000,-248
06:10.133	,-280,-1112,-256
06:10.133	,-280,-1144,-264
06:10.133	,-264,-1176,-232
06:10.133	,-272,-1248,-280
06:10.133	,-232,-1144,-272
06:10.133	,-224,-1032,-232
06:11.159	,-208,-1040,-200
06:11.159	,-160,-968,-176
06:11.159	,-176,-1016,-288
06:11.159	,-136,-968,-200
06:11.159	,-176,-992,-256
06:11.159	,-200,-1096,-272
06:11.159	,-208,-1008,-256
06:11.159	,-224,-1040,-296
06:11.159	,-216,-992,-272
06:11.159	,-232,-888,-240
06:11.159	,-200,-920,-264
06:11.159	,-176,-816,-224
06:11.159	,-272,-776,-264
06:11.159	,-280,-840,-288
06:11.159	,-256,-744,-248
06:11.159	,-272,-664,-176
06:11.159	,-256,-672,-224
06:11.159	,-224,-712,-304
06:11.159	,-136,-936,-320
06:11.159	,-208,-816,-256
06:11.159	,-288,-792,-232
06:11.159	,-304,-872,-96
06:11.159	,-312,-840,-152
06:11.159	,-272,-968,-208
06:11.159	,-288,-840,-96
06:12.182	,-352,-872,-160
06:12.182	,-408,-848,-120
06:12.182	,-440,-904,-40
06:12.182	,-440,-920,-48
06:12.182	,-448,-912,-72
06:12.182	,-448,-872,-80
06:12.182	,-472,-856,-112
06:12.182	,-472,-840,-80
06:12.182	,-504,-848,-40
06:12.182	,-528,-880,-16
06:12.182	,-536,-864,0
06:12.182	,-576,-840,-40
06:12.182	,-568,-968,-144
06:12.182	,-448,-1088,-264
06:12.182	,-288,-1064,-272
06:12.182	,-320,-936,-240
06:12.182	,-296,-968,-232
06:12.182	,-280,-968,-208
06:12.182	,-336,-912,-288
06:12.182	,-352,-856,-168
06:12.182	,-400,-816,-128
06:12.182	,-392,-800,-88
06:12.182	,-392,-864,-120
06:12.182	,-400,-840,-104
06:12.182	,-448,-840,-128
06:13.158	,-408,-912,-128
06:13.158	,-368,-928,-120
06:13.158	,-368,-1096,-168
06:13.158	,-296,-1128,-80
06:13.158	,-256,-1056,-72
06:13.158	,-224,-968,-72
06:13.158	,-288,-888,-72
06:13.158	,-248,-984,-56
06:13.158	,-240,-944,48
06:13.158	,-304,-1008,24
06:13.158	,-328,-840,40
06:13.158	,-368,-944,-56
06:13.158	,-328,-896,-16
06:13.158	,-360,-936,16
06:13.158	,-416,-888,0
06:13.158	,-440,-912,-24
06:13.158	,-448,-920,-8
06:13.158	,-448,-928,-8
06:13.158	,-432,-960,0
06:13.158	,-440,-952,-16
06:13.158	,-512,-1000,-72
06:13.158	,-528,-984,-80
06:13.158	,-496,-1024,-88
06:13.158	,-328,-984,-48
06:13.158	,-312,-864,-104
06:14.183	,-328,-896,-168
06:14.183	,-272,-904,-160
06:14.183	,-336,-952,-216
06:14.183	,-328,-936,-168
06:14.183	,-392,-904,-112
06:14.183	,-368,-944,-72
06:14.183	,-392,-896,-56
06:14.183	,-432,-880,-136
06:14.183	,-448,-880,-88
06:14.183	,-432,-896,-72
06:14.183	,-472,-896,-16
06:14.183	,-496,-888,-16
06:14.183	,-528,-816,-48
06:14.183	,-520,-888,-32
06:14.183	,-528,-936,-56
06:14.183	,-544,-936,-56
06:14.183	,-544,-936,-24
06:14.183	,-536,-976,-56
06:14.183	,-536,-1024,-104
06:14.183	,-480,-984,-96
06:14.183	,-408,-880,-120
06:14.183	,-392,-776,-72
06:14.183	,-384,-840,-96
06:14.183	,-416,-872,-104
06:14.183	,-352,-1000,-24
06:15.204	,-360,-904,80
06:15.204	,-432,-920,64
06:15.204	,-352,-904,32
06:15.204	,-416,-896,-88
06:15.204	,-464,-952,-136
06:15.204	,-472,-856,-104
06:15.204	,-464,-880,-88
06:15.204	,-440,-920,-88
06:15.204	,-352,-880,-64
06:15.204	,-384,-920,-64
06:15.204	,-416,-920,-96
06:15.204	,-432,-1008,-104
06:15.204	,-432,-928,-64
06:15.204	,-408,-832,0
06:15.204	,-384,-952,40
06:15.204	,-392,-864,16
06:15.204	,-432,-856,-16
06:15.204	,-464,-928,-128
06:15.204	,-496,-920,-224
06:15.204	,-400,-904,-152
06:15.204	,-376,-1000,-200
06:15.204	,-432,-976,-216
06:15.204	,-360,-936,-120
06:15.204	,-360,-984,-208
06:15.204	,-264,-1000,-160
06:16.178	,-248,-1048,-184
06:16.178	,-272,-920,-144
06:16.178	,-320,-896,-64
06:16.178	,-352,-888,-40
06:16.178	,-432,-904,-144
06:16.178	,-440,-936,-264
06:16.178	,-472,-872,-248
06:16.178	,-472,-864,-192
06:16.178	,-464,-880,-192
06:16.178	,-456,-936,-208
06:16.178	,-440,-888,-112
06:16.178	,-408,-888,-136
06:16.178	,-400,-928,-176
06:16.178	,-328,-928,-136
06:16.178	,-296,-824,-104
06:16.178	,-320,-872,-152
06:16.178	,-320,-952,-152
06:16.178	,-304,-968,-64
06:16.178	,-352,-968,-80
06:16.178	,-408,-976,-64
06:16.178	,-448,-928,-152
06:16.178	,-456,-888,-168
06:16.178	,-464,-904,-176
06:16.178	,-480,-880,-200
06:16.178	,-520,-912,-216
06:17.204	,-440,-928,-160
06:17.204	,-480,-888,-216
06:17.204	,-528,-984,-216
06:17.204	,-456,-904,-144
06:17.204	,-408,-880,-112
06:17.204	,-424,-936,-64
06:17.204	,-384,-1048,-40
06:17.204	,-432,-952,-240
06:17.204	,-408,-976,-248
06:17.204	,-424,-920,-216
06:17.204	,-448,-1000,-208
06:17.204	,-384,-832,-136
06:17.204	,-296,-960,-16
06:17.204	,-312,-984,-120
06:17.204	,-296,-728,-96
06:17.204	,-360,-920,-112
06:17.204	,-328,-816,-32
06:17.204	,-408,-880,-48
06:17.204	,-488,-928,-288
06:17.204	,-536,-848,-288
06:17.204	,-496,-896,-256
06:17.204	,-464,-752,-168
06:17.204	,-536,-904,-240
06:17.204	,-528,-848,-232
06:17.204	,-512,-840,-56
06:18.226	,-520,-872,-72
06:18.226	,-448,-800,-24
06:18.226	,-352,-976,80
06:18.226	,-472,-976,-48
06:18.226	,-536,-872,-136
06:18.226	,-528,-1008,-136
06:18.226	,-480,-1016,-128
06:18.226	,-472,-1016,-192
06:18.226	,-408,-960,-136
06:18.226	,-344,-856,-120
06:18.226	,-336,-808,-200
06:18.226	,-312,-840,-192
06:18.226	,-312,-896,-176
06:18.226	,-352,-976,-136
06:18.226	,-360,-1032,-80
06:18.226	,-408,-960,-72
06:18.226	,-424,-888,-96
06:18.226	,-416,-856,-88
06:18.226	,-448,-872,-144
06:18.226	,-472,-888,-152
06:18.226	,-528,-864,-160
06:18.226	,-512,-872,-152
06:18.226	,-528,-816,-144
06:18.226	,-504,-816,-104
06:18.226	,-488,-872,-104
06:19.203	,-480,-904,-88
06:19.203	,-504,-928,-88
06:19.203	,-512,-896,-104
06:19.203	,-528,-936,-88
06:19.203	,-512,-904,-96
06:19.203	,-512,-936,-88
06:19.203	,-480,-960,-184
06:19.203	,-384,-992,-136
06:19.203	,-424,-952,-136
06:19.203	,-480,-816,-168
06:19.203	,-504,-936,-128
06:19.203	,-472,-832,-176
06:19.203	,-392,-800,-112
06:19.203	,-368,-872,-96
06:19.203	,-328,-848,-56
06:19.203	,-304,-888,-56
06:19.203	,-384,-960,-136
06:19.203	,-464,-856,-168
06:19.203	,-552,-952,-336
06:19.203	,-544,-840,-376
06:19.203	,-504,-776,-232
06:19.203	,-496,-832,-216
06:19.203	,-480,-888,-240
06:19.203	,-496,-856,-280
06:19.203	,-496,-848,-192
06:20.230	,-528,-904,-232
06:20.230	,-472,-952,-192
06:20.230	,-544,-816,-272
06:20.230	,-552,-824,-192
06:20.230	,-584,-800,-216
06:20.230	,-616,-816,-208
06:20.230	,-600,-848,-168
06:20.230	,-568,-752,-120
06:20.230	,-520,-896,-40
06:20.230	,-536,-832,-40
06:20.230	,-528,-944,-48
06:20.230	,-416,-920,24
06:20.230	,-320,-1016,32
06:20.230	,-328,-944,40
06:20.230	,-304,-952,0
06:20.230	,-320,-928,-72
06:20.230	,-400,-800,-144
06:20.230	,-448,-936,-272
06:20.230	,-496,-880,-304
06:20.230	,-384,-872,-176
06:20.230	,-344,-936,-224
06:20.230	,-344,-920,-152
06:20.230	,-400,-936,-208
06:20.230	,-432,-848,-240
06:20.230	,-416,-872,-192
06:21.248	,-424,-856,-160
06:21.248	,-408,-864,-112
06:21.248	,-448,-896,-160
06:21.248	,-448,-896,-152
06:21.248	,-472,-840,-120
06:21.248	,-472,-872,-104
06:21.248	,-456,-848,-104
06:21.248	,-464,-880,-96
06:21.248	,-456,-1088,-120
06:21.248	,-488,-928,-168
06:21.248	,-496,-960,-104
06:21.248	,-536,-904,-120
06:21.248	,-432,-992,-56
06:21.248	,-392,-1016,-56
06:21.248	,-360,-1024,-32
06:21.248	,-312,-1056,-48
06:21.248	,-336,-992,-24
06:21.248	,-336,-856,-48
06:21.248	,-424,-1016,-176
06:21.248	,-400,-920,-256
06:21.248	,-352,-816,-168
06:21.248	,-312,-944,-120
06:21.248	,-264,-896,-120
06:21.248	,-384,-888,-144
06:21.248	,-456,-928,-248
06:22.226	,-536,-872,-264
06:22.226	,-536,-928,-216
06:22.226	,-496,-792,-120
06:22.226	,-424,-904,-48
06:22.226	,-416,-920,-64
06:22.226	,-440,-896,-96
06:22.226	,-424,-912,-32
06:22.226	,-368,-968,16
06:22.226	,-400,-936,40
06:22.226	,-408,-880,24
06:22.226	,-448,-944,-32
06:22.226	,-496,-912,-168
06:22.226	,-504,-832,-128
06:22.226	,-496,-904,-40
06:22.226	,-416,-1016,-80
06:22.226	,-432,-992,-16
06:22.226	,-304,-1144,160
06:22.226	,-200,-1688,400
06:22.226	,-272,-1696,168
06:22.226	,-296,-1792,72
06:22.226	,-40,-432,576
06:22.226	,528,752,248
06:22.226	,880,2584,-728
06:22.226	,648,3320,-2576
06:22.226	,2008,-4080,-504
06:23.251	,-1424,-1448,-4080
06:23.251	,4080,-3200,-3128
06:23.251	,-328,4080,3144
06:23.251	,992,1432,-2504
06:23.251	,-32,56,-4080
06:23.251	,504,-4080,-1328
06:23.251	,384,-536,-2976
06:23.251	,2256,440,-1192
06:23.251	,1304,1896,960
06:23.251	,360,992,216
06:23.251	,840,-976,264
06:23.251	,896,-1088,112
06:23.251	,544,-728,-24
06:23.251	,632,-1032,8
06:23.251	,376,-728,120
06:23.251	,152,-760,104
06:23.251	,144,-904,8
06:23.251	,16,-1000,-40
06:23.251	,-56,-864,-80
06:23.251	,-136,-888,-48
06:23.251	,-144,-880,40
06:23.251	,-184,-880,-48
06:23.251	,-208,-904,40
06:23.251	,-232,-880,40
06:23.251	,-264,-1024,0
06:24.273	,-336,-968,-40
06:24.273	,-320,-1008,-8
06:24.273	,-376,-960,-88
06:24.273	,-384,-920,-64
06:24.273	,-384,-912,8
06:24.273	,-384,-928,-16
06:24.273	,-384,-1000,-48
06:24.273	,-408,-920,-56
06:24.273	,-400,-912,-104
06:24.273	,-400,-872,-112
06:24.273	,-384,-888,-72
06:24.273	,-432,-872,-96
06:24.273	,-448,-904,-112
06:24.273	,-440,-928,-112
06:24.273	,-440,-928,-64
06:24.273	,-432,-880,-40
06:24.273	,-400,-1008,-64
06:24.273	,-360,-936,-40
06:24.273	,-344,-872,-8
06:24.273	,-488,-944,-88
06:24.273	,-528,-888,-72
06:24.273	,-544,-872,-184
06:24.273	,-488,-864,-112
06:24.273	,-408,-872,-72
06:24.273	,-432,-920,-88
06:25.247	,-456,-928,-80
06:25.247	,-512,-1008,-152
06:25.247	,-528,-984,-96
06:25.247	,-440,-952,-104
06:25.247	,-416,-944,-48
06:25.247	,-408,-896,-40
06:25.247	,-400,-880,-88
06:25.247	,-384,-920,-104
06:25.247	,-312,-880,-16
06:25.247	,-288,-912,16
06:25.247	,-288,-968,-40
06:25.247	,-320,-984,-56
06:25.247	,-344,-952,-32
06:25.247	,-352,-952,-24
06:25.247	,-392,-920,-16
06:25.247	,-360,-1008,16
06:25.247	,-368,-952,40
06:25.247	,-400,-1008,-32
06:25.247	,-440,-1008,40
06:25.247	,-448,-872,-8
06:25.247	,-472,-896,16
06:25.247	,-456,-904,-32
06:25.247	,-424,-832,48
06:25.247	,-424,-888,56
06:25.247	,-312,-1024,80
