35:36.434	,-1144,-104,-8
35:36.434	,-1176,-160,-56
35:36.434	,-1248,-216,-136
35:36.434	,-1248,-224,-200
35:36.434	,-1208,-216,-152
35:36.434	,-1272,-288,-40
35:36.434	,-1200,-280,-8
35:36.434	,-1128,-336,16
35:36.434	,-1080,-360,24
35:36.434	,-1008,-352,24
35:36.434	,-1008,-312,40
35:36.434	,-1024,-328,48
35:36.434	,-1088,-296,80
35:36.434	,-1096,-272,128
35:36.434	,-1144,-256,152
35:36.434	,-1088,-272,184
35:36.434	,-1056,-312,184
35:36.434	,-1080,-304,192
35:36.434	,-1056,-264,176
35:36.434	,-1088,-200,144
35:36.434	,-1096,-192,120
35:36.434	,-1088,-144,72
35:36.434	,-1016,-184,32
35:36.434	,-928,-208,16
35:36.434	,-904,-288,-8
35:37.409	,-872,-344,-48
35:37.409	,-872,-448,-120
35:37.409	,-920,-488,-88
35:37.409	,-912,-504,-128
35:37.409	,-920,-560,-104
35:37.409	,-904,-552,-56
35:37.409	,-920,-552,-16
35:37.409	,-936,-560,-8
35:37.409	,-1032,-536,32
35:37.409	,-1008,-480,88
35:37.409	,-1048,-424,176
35:37.409	,-1040,-352,184
35:37.409	,-1008,-256,144
35:37.409	,-1024,-184,120
35:37.409	,-1024,-160,136
35:37.409	,-984,-208,144
35:37.409	,-928,-200,144
35:37.409	,-840,-192,104
35:37.409	,-816,-216,80
35:37.409	,-896,-224,72
35:37.409	,-992,-248,64
35:37.409	,-1064,-280,88
35:37.409	,-1080,-256,72
35:37.409	,-1080,-264,72
35:37.409	,-1048,-280,88
35:38.433	,-1120,-336,120
35:38.433	,-1080,-360,160
35:38.433	,-1056,-328,176
35:38.433	,-1104,-336,176
35:38.433	,-1080,-312,184
35:38.433	,-992,-304,160
35:38.433	,-936,-280,136
35:38.433	,-1040,-264,88
35:38.433	,-1080,-232,48
35:38.433	,-1136,-232,48
35:38.433	,-1216,-192,8
35:38.433	,-1136,-152,-32
35:38.433	,-1048,-136,-48
35:38.433	,-1008,-176,-48
35:38.433	,-952,-232,-16
35:38.433	,-912,-256,-24
35:38.433	,-880,-312,24
35:38.433	,-736,-368,104
35:38.433	,-776,-440,160
35:38.433	,-816,-440,112
35:38.433	,-832,-440,104
35:38.433	,-904,-440,80
35:38.433	,-1016,-384,104
35:38.433	,-1072,-360,96
35:38.433	,-1112,-384,144
35:39.459	,-1056,-384,120
35:39.459	,-992,-336,120
35:39.459	,-992,-256,96
35:39.459	,-1008,-264,96
35:39.459	,-1024,-248,88
35:39.459	,-1024,-264,104
35:39.459	,-968,-256,64
35:39.459	,-936,-256,64
35:39.459	,-944,-248,80
35:39.459	,-944,-280,80
35:39.459	,-952,-280,88
35:39.459	,-952,-280,96
35:39.459	,-984,-248,96
35:39.459	,-984,-248,88
35:39.459	,-976,-256,96
35:39.459	,-992,-272,96
35:39.459	,-984,-272,96
35:39.459	,-1032,-248,72
35:39.459	,-1056,-256,64
35:39.459	,-1152,-272,48
35:39.459	,-1144,-256,40
35:39.459	,-1032,-240,32
35:39.459	,-960,-240,32
35:39.459	,-1064,-224,24
35:39.459	,-1104,-184,-16
35:40.433	,-1080,-184,-16
35:40.433	,-1040,-160,-40
35:40.433	,-992,-192,-48
35:40.433	,-936,-168,-32
35:40.433	,-920,-176,-32
35:40.433	,-928,-200,-32
35:40.433	,-928,-200,-40
35:40.433	,-968,-216,-32
35:40.433	,-960,-192,24
35:40.433	,-944,-216,40
35:40.433	,-968,-200,96
35:40.433	,-1032,-400,112
35:40.433	,-1048,-488,8
35:40.433	,-1024,-304,-16
35:40.433	,-1048,-312,8
35:40.433	,-1056,-288,16
35:40.433	,-1104,-304,40
35:40.433	,-1064,-288,16
35:40.433	,-1000,-288,16
35:40.433	,-888,-280,40
35:40.433	,-888,-264,40
35:40.433	,-944,-248,56
35:40.433	,-1024,-256,32
35:40.433	,-1080,-224,32
35:40.433	,-1104,-192,40
35:41.458	,-1080,-240,48
35:41.458	,-1064,-216,80
35:41.458	,-1064,24,248
35:41.458	,-976,48,296
35:41.458	,-888,-96,112
35:41.458	,-968,-248,56
35:41.458	,-976,-288,8
35:41.458	,-992,-232,8
35:41.458	,-1000,-224,32
35:41.458	,-1000,-232,72
35:41.458	,-1008,-272,112
35:41.458	,-968,-328,88
35:41.458	,-952,-328,96
35:41.458	,-960,-328,112
35:41.458	,-984,-312,120
35:41.458	,-976,-312,104
35:41.458	,-992,-304,88
35:41.458	,-1000,-280,96
35:41.458	,-1048,-256,88
35:41.458	,-1048,-264,96
35:41.458	,-1040,-280,80
35:41.458	,-1072,-232,64
35:41.458	,-1040,-232,48
35:41.458	,-1040,-200,48
35:41.458	,-984,-176,32
35:42.482	,-928,-208,32
35:42.482	,-960,-208,-8
35:42.482	,-1048,-232,16
35:42.482	,-1112,-176,-40
35:42.482	,-1064,-144,-48
35:42.482	,-976,-184,8
35:42.482	,-944,-192,16
35:42.482	,-920,-192,32
35:42.482	,-944,-200,0
35:42.482	,-976,-240,16
35:42.482	,-992,-264,24
35:42.482	,-1016,-296,32
35:42.482	,-1000,-280,56
35:42.482	,-1016,-304,64
35:42.482	,-1008,-280,40
35:42.482	,-1000,-280,32
35:42.482	,-1000,-288,16
35:42.482	,-1040,-288,16
35:42.482	,-1064,-272,8
35:42.482	,-1096,-264,24
35:42.482	,-1032,-264,72
35:42.482	,-944,-264,88
35:42.482	,-936,-240,104
35:42.482	,-960,-208,48
35:42.482	,-984,-216,64
35:43.457	,-1016,-224,72
35:43.457	,-1008,-240,80
35:43.457	,-1016,-224,96
35:43.457	,-1032,-96,168
35:43.457	,-1032,-80,208
35:43.457	,-1056,-88,248
35:43.457	,-1032,-176,168
35:43.457	,-1008,-256,88
35:43.457	,-928,-360,64
35:43.457	,-896,-208,32
35:43.457	,-936,-264,56
35:43.457	,-992,-248,72
35:43.457	,-1000,-256,112
35:43.457	,-984,-360,112
35:43.457	,-944,-368,104
35:43.457	,-920,-368,112
35:43.457	,-952,-312,128
35:43.457	,-960,-312,144
35:43.457	,-976,-304,120
35:43.457	,-976,-272,112
35:43.457	,-984,-296,128
35:43.457	,-1032,-312,136
35:43.457	,-1024,-312,128
35:43.457	,-1056,-296,88
35:43.457	,-1072,-248,80
35:44.481	,-1112,-200,56
35:44.481	,-1024,-176,104
35:44.481	,-968,-112,72
35:44.481	,-904,-168,40
35:44.481	,-920,-216,8
35:44.481	,-968,-208,-8
35:44.481	,-1032,-176,8
35:44.481	,-1080,-208,-24
35:44.481	,-1048,-208,-24
35:44.481	,-1008,-224,0
35:44.481	,-976,-208,16
35:44.481	,-984,-200,16
35:44.481	,-992,-224,16
35:44.481	,-1008,-232,8
35:44.481	,-1016,-248,24
35:44.481	,-1040,-248,24
35:44.481	,-1040,-240,24
35:44.481	,-1032,-256,32
35:44.481	,-1016,-248,24
35:44.481	,-1016,-240,8
35:44.481	,-1000,-248,24
35:44.481	,-1016,-248,24
35:44.481	,-1016,-232,16
35:44.481	,-1008,-240,8
35:44.481	,-1040,-240,16
35:45.552	,-1008,-240,16
35:45.552	,-1032,-240,16
35:45.552	,-1000,-240,24
35:45.552	,-1056,-248,32
35:45.552	,-968,-224,40
35:45.552	,-896,-232,56
35:45.552	,-912,-224,64
35:45.552	,-1008,-224,56
35:45.552	,-1024,-216,48
35:45.552	,-1000,-224,72
35:45.552	,-1024,-208,80
35:45.552	,-1000,-200,64
35:45.552	,-1008,-144,96
35:45.552	,-1056,-168,120
35:45.552	,-1080,-32,160
35:45.552	,-1064,-56,176
35:45.552	,-1016,-200,104
35:45.552	,-928,-272,40
35:45.552	,-920,-248,16
35:45.552	,-936,-232,-16
35:45.552	,-984,-256,32
35:45.552	,-992,-240,56
35:45.552	,-1008,-336,80
35:45.552	,-968,-368,48
35:45.552	,-944,-312,48
35:46.479	,-960,-328,64
35:46.479	,-960,-296,48
35:46.479	,-968,-352,72
35:46.479	,-992,-360,96
35:46.479	,-1032,-328,104
35:46.479	,-1008,-336,80
35:46.479	,-1048,-328,80
35:46.479	,-1024,-296,40
35:46.479	,-1056,-264,56
35:46.479	,-1080,-240,40
35:46.479	,-1048,-160,24
35:46.479	,-1000,-176,24
35:46.479	,-936,-184,24
35:46.479	,-944,-208,24
35:46.479	,-952,-192,48
35:46.479	,-1008,-168,16
35:46.479	,-1040,-184,16
35:46.479	,-1024,-208,0
35:46.479	,-1032,-200,8
35:46.479	,-992,-192,8
35:46.479	,-968,-184,16
35:46.479	,-992,-200,8
35:46.479	,-1000,-232,16
35:46.479	,-1040,-232,16
35:46.479	,-1032,-240,24
35:47.502	,-1016,-232,16
35:47.502	,-1032,-248,32
35:47.502	,-1008,-232,48
35:47.502	,-1008,-240,48
35:47.502	,-992,-248,48
35:47.502	,-992,-240,56
35:47.502	,-992,-264,48
35:47.502	,-992,-256,32
35:47.502	,-1056,-264,40
35:47.502	,-1080,-272,40
35:47.502	,-1024,-248,56
35:47.502	,-976,-256,88
35:47.502	,-1008,-248,88
35:47.502	,-1008,-216,104
35:47.502	,-984,-184,104
35:47.502	,-968,-184,104
35:47.502	,-960,-200,120
35:47.502	,-984,-192,128
35:47.502	,-1000,-200,112
35:47.502	,-1008,-176,128
35:47.502	,-992,-208,112
35:47.502	,-976,-232,96
35:47.502	,-984,-224,104
35:47.502	,-1000,-216,88
35:47.502	,-1040,-232,120
35:48.556	,-1056,-240,152
35:48.556	,-1016,-232,176
35:48.556	,-992,-296,200
35:48.556	,-944,-312,176
35:48.556	,-960,-272,144
35:48.556	,-984,-280,112
35:48.556	,-984,-256,120
35:48.556	,-960,-256,120
35:48.556	,-976,-248,104
35:48.556	,-960,-256,120
35:48.556	,-976,-272,136
35:48.556	,-968,-272,144
35:48.556	,-976,-288,176
35:48.556	,-984,-256,192
35:48.556	,-968,-240,176
35:48.556	,-976,-232,160
35:48.556	,-992,-224,144
35:48.556	,-1000,-240,152
35:48.556	,-1024,-240,136
35:48.556	,-1000,-216,128
35:48.556	,-984,-200,128
35:48.556	,-1000,-200,144
35:48.556	,-1024,-176,168
35:48.556	,-1032,-168,168
35:48.556	,-1080,-216,120
35:49.551	,-992,-208,88
35:49.551	,-984,-224,80
35:49.551	,-936,-208,80
35:49.551	,-912,-184,72
35:49.551	,-976,-200,48
35:49.551	,-1016,-200,24
35:49.551	,-1032,-184,16
35:49.551	,-1032,-216,16
35:49.551	,-1048,-208,24
35:49.551	,-1048,-192,8
35:49.551	,-1008,-216,24
35:49.551	,-1000,-200,48
35:49.551	,-1016,-240,40
35:49.551	,-1008,-240,48
35:49.551	,-1016,-256,72
35:49.551	,-1024,-264,72
35:49.551	,-1008,-264,96
35:49.551	,-1008,-256,96
35:49.551	,-992,-240,96
35:49.551	,-992,-256,104
35:49.551	,-1000,-240,88
35:49.551	,-992,-256,88
35:49.551	,-992,-264,96
35:49.551	,-992,-248,72
35:49.551	,-1008,-288,80
35:50.524	,-1016,-288,96
35:50.524	,-1032,-256,88
35:50.524	,-1016,-248,144
35:50.524	,-1056,-240,136
35:50.524	,-1040,-240,160
35:50.524	,-952,-192,160
35:50.524	,-944,-184,144
35:50.524	,-976,-200,128
35:50.524	,-984,-208,136
35:50.524	,-1008,-192,144
35:50.524	,-1008,-208,160
35:50.524	,-976,-176,160
35:50.524	,-952,-184,160
35:50.524	,-984,-168,168
35:50.524	,-1000,-208,136
35:50.524	,-1000,-224,136
35:50.524	,-1000,-216,120
35:50.524	,-992,-256,120
35:50.524	,-984,-256,128
35:50.524	,-1008,-264,128
35:50.524	,-1024,-280,120
35:50.524	,-1008,-280,136
35:50.524	,-992,-280,128
35:50.524	,-992,-280,128
35:50.524	,-976,-272,120
35:51.560	,-952,-288,128
35:51.560	,-944,-288,136
35:51.560	,-944,-288,160
35:51.560	,-976,-296,168
35:51.560	,-992,-288,168
35:51.560	,-984,-264,168
35:51.560	,-1048,-280,152
35:51.560	,-1080,-248,120
35:51.560	,-1120,-248,104
35:51.560	,-1080,-208,80
35:51.560	,-1032,-192,88
35:51.560	,-1048,-152,88
35:51.560	,-1016,-104,104
35:51.560	,-968,-112,104
35:51.560	,-936,-144,80
35:51.560	,-960,-184,64
35:51.560	,-1008,-192,48
35:51.560	,-1024,-192,40
35:51.560	,-1016,-208,32
35:51.560	,-1016,-216,48
35:51.560	,-1024,-192,40
35:51.560	,-1032,-200,24
35:51.560	,-1000,-200,24
35:51.560	,-992,-192,32
35:51.560	,-984,-208,24
35:52.572	,-984,-200,48
35:52.572	,-1008,-200,40
35:52.572	,-1008,-224,40
35:52.572	,-1008,-216,24
35:52.572	,-1000,-224,48
35:52.572	,-992,-232,48
35:52.572	,-984,-240,64
35:52.572	,-984,-232,48
35:52.572	,-992,-240,56
35:52.572	,-1000,-240,32
35:52.572	,-1008,-248,40
35:52.572	,-1024,-248,40
35:52.572	,-1040,-256,40
35:52.572	,-1032,-264,24
35:52.572	,-992,-256,32
35:52.572	,-1000,-272,48
35:52.572	,-992,-248,40
35:52.572	,-1000,-256,32
35:52.572	,-1064,-248,40
35:52.572	,-1016,-248,24
35:52.572	,-952,-240,56
35:52.572	,-928,-256,48
35:52.572	,-960,-240,64
35:52.572	,-1008,-224,64
35:52.572	,-1024,-232,64
35:53.548	,-1000,-216,72
35:53.548	,-1000,-232,80
35:53.548	,-1000,-232,88
35:53.548	,-1040,-216,80
35:53.548	,-1056,-208,80
35:53.548	,-1032,-208,104
35:53.548	,-1040,-200,112
35:53.548	,-992,-216,104
35:53.548	,-952,-216,104
35:53.548	,-912,-232,88
35:53.548	,-952,-232,72
35:53.548	,-1040,-248,64
35:53.548	,-1000,-280,88
35:53.548	,-992,-272,80
35:53.548	,-992,-256,80
35:53.548	,-984,-280,104
35:53.548	,-976,-296,96
35:53.548	,-976,-304,112
35:53.548	,-992,-296,144
35:53.548	,-1000,-272,160
35:53.548	,-1048,-288,176
35:53.548	,-1072,-256,160
35:53.548	,-1048,-248,136
35:53.548	,-1032,-240,104
35:53.548	,-1120,-200,64
35:54.572	,-1096,-168,48
35:54.572	,-1040,-160,32
35:54.572	,-992,-152,40
35:54.572	,-952,-168,40
35:54.572	,-960,-152,24
35:54.572	,-976,-136,16
35:54.572	,-992,-144,-16
35:54.572	,-1016,-168,-40
35:54.572	,-1016,-200,-32
35:54.572	,-1000,-224,-16
35:54.572	,-952,-240,-16
35:54.572	,-976,-248,8
35:54.572	,-1000,-240,24
35:54.572	,-1048,-248,16
35:54.572	,-1032,-264,16
35:54.572	,-1024,-248,40
35:54.572	,-1016,-240,48
35:54.572	,-1016,-224,40
35:54.572	,-992,-232,32
35:54.572	,-1032,-248,32
35:54.572	,-1024,-248,32
35:54.572	,-1008,-256,40
35:54.572	,-992,-248,48
35:54.572	,-984,-248,64
35:54.572	,-1024,-264,56
35:55.595	,-1000,-264,48
35:55.595	,-1008,-272,48
35:55.595	,-1096,-256,32
35:55.595	,-1048,-248,40
35:55.595	,-952,-240,48
35:55.595	,-936,-240,72
35:55.595	,-992,-240,48
35:55.595	,-1024,-200,40
35:55.595	,-1016,-200,40
35:55.595	,-1008,-208,32
35:55.595	,-1008,-200,40
35:55.595	,-1032,-168,40
35:55.595	,-1008,-136,24
35:55.595	,-992,-144,56
35:55.595	,-1000,-136,72
35:55.595	,-1000,-184,88
35:55.595	,-1008,-192,104
35:55.595	,-1008,-216,104
35:55.595	,-1000,-256,104
35:55.595	,-1000,-264,96
35:55.595	,-976,-264,88
35:55.595	,-1000,-248,56
35:55.595	,-1008,-248,56
35:55.595	,-1008,-256,48
35:55.595	,-992,-264,56
35:56.571	,-976,-264,56
35:56.571	,-1008,-256,72
35:56.571	,-1000,-272,104
35:56.571	,-1016,-280,104
35:56.571	,-1008,-264,120
35:56.571	,-1096,-224,128
35:56.571	,-1080,-200,96
35:56.571	,-1072,-120,96
35:56.571	,-1048,-120,72
35:56.571	,-1008,-112,24
35:56.571	,-1000,-112,8
35:56.571	,-944,-136,16
35:56.571	,-976,-128,0
35:56.571	,-1000,-144,8
35:56.571	,-1024,-168,-8
35:56.571	,-1024,-192,-16
35:56.571	,-1064,-200,-8
35:56.571	,-1040,-184,-16
35:56.571	,-1040,-184,-16
35:56.571	,-1024,-184,0
35:56.571	,-992,-208,-8
35:56.571	,-1000,-184,8
35:56.571	,-1008,-200,-8
35:56.571	,-1008,-208,0
35:56.571	,-984,-192,8
35:57.594	,-1008,-200,8
35:57.594	,-992,-200,8
35:57.594	,-1008,-200,8
35:57.594	,-1008,-200,8
35:57.594	,-1000,-216,16
35:57.594	,-1000,-216,24
35:57.594	,-1008,-232,32
35:57.594	,-1008,-232,24
35:57.594	,-1008,-248,40
35:57.594	,-1000,-248,40
35:57.594	,-1032,-240,48
35:57.594	,-1056,-248,32
35:57.594	,-1016,-264,48
35:57.594	,-1000,-264,64
35:57.594	,-1080,-280,48
35:57.594	,-1008,-256,56
35:57.594	,-944,-272,80
35:57.594	,-976,-272,88
35:57.594	,-1000,-240,56
35:57.594	,-1040,-208,32
35:57.594	,-1016,-216,32
35:57.594	,-968,-224,40
35:57.594	,-1016,-200,40
35:57.594	,-1056,-176,40
35:57.594	,-1056,-176,24
35:58.618	,-1048,-200,48
35:58.618	,-1016,-184,80
35:58.618	,-976,-192,104
35:58.618	,-936,-208,152
35:58.618	,-928,-240,168
35:58.618	,-952,-312,184
35:58.618	,-960,-312,176
35:58.618	,-1000,-248,144
35:58.618	,-984,-240,96
35:58.618	,-1016,-232,64
35:58.618	,-1008,-240,64
35:58.618	,-1000,-248,48
35:58.618	,-976,-248,64
35:58.618	,-968,-264,64
35:58.618	,-984,-272,80
35:58.618	,-952,-264,88
35:58.618	,-984,-304,112
35:58.618	,-1040,-320,128
35:58.618	,-1056,-296,144
35:58.618	,-1032,-280,144
35:58.618	,-1048,-272,128
35:58.618	,-1080,-256,112
35:58.618	,-1096,-224,80
35:58.618	,-1056,-168,96
35:58.618	,-1024,-176,64
35:59.594	,-968,-200,32
35:59.594	,-968,-184,24
35:59.594	,-944,-160,24
35:59.594	,-976,-184,16
35:59.594	,-1000,-184,-8
35:59.594	,-992,-184,0
35:59.594	,-1008,-184,-8
35:59.594	,-1008,-200,8
35:59.594	,-1008,-216,8
35:59.594	,-1024,-200,24
35:59.594	,-1024,-224,32
35:59.594	,-1008,-240,32
35:59.594	,-1032,-240,32
35:59.594	,-1048,-256,40
35:59.594	,-1064,-248,40
35:59.594	,-1056,-240,40
35:59.594	,-1032,-240,40
35:59.594	,-1000,-240,40
35:59.594	,-1000,-240,32
35:59.594	,-1000,-224,40
35:59.594	,-992,-240,24
35:59.594	,-1000,-240,32
35:59.594	,-992,-240,32
35:59.594	,-976,-240,48
35:59.594	,-1048,-248,72
36:00.617	,-1144,-272,80
36:00.617	,-1016,-232,120
36:00.617	,-952,-256,144
36:00.617	,-952,-232,128
36:00.617	,-1008,-200,104
36:00.617	,-1008,-192,96
36:00.617	,-992,-184,80
36:00.617	,-1008,-200,80
36:00.617	,-976,-192,80
36:00.617	,-992,-176,88
36:00.617	,-992,-176,80
36:00.617	,-952,-200,72
36:00.617	,-976,-208,80
36:00.617	,-1008,-216,72
36:00.617	,-1048,-232,96
36:00.617	,-1056,-240,128
36:00.617	,-1016,-240,128
36:00.617	,-992,-248,96
36:00.617	,-1000,-248,88
36:00.617	,-1032,-256,72
36:00.617	,-1024,-232,72
36:00.617	,-1000,-232,40
36:00.617	,-984,-232,72
36:00.617	,-968,-240,64
36:00.617	,-960,-240,88
36:01.642	,-952,-256,96
36:01.642	,-960,-264,136
36:01.642	,-976,-280,168
36:01.642	,-984,-296,200
36:01.642	,-1008,-280,208
36:01.642	,-1040,-272,200
36:01.642	,-1024,-280,176
36:01.642	,-1000,-248,128
36:01.642	,-1040,-224,112
36:01.642	,-1072,-200,88
36:01.642	,-1104,-192,64
36:01.642	,-1144,-184,64
36:01.642	,-1080,-160,80
36:01.642	,-992,-152,80
36:01.642	,-928,-168,72
36:01.642	,-936,-184,72
36:01.642	,-936,-184,64
36:01.642	,-1016,-144,32
36:01.642	,-1056,-152,0
36:01.642	,-1064,-152,0
36:01.642	,-1008,-176,-16
36:01.642	,-968,-192,0
36:01.642	,-968,-176,0
36:01.642	,-976,-184,-16
36:01.642	,-1016,-192,-8
36:02.616	,-1056,-208,-16
36:02.616	,-1080,-224,-16
36:02.616	,-1072,-240,-8
36:02.616	,-1040,-240,24
36:02.616	,-1008,-264,24
36:02.616	,-1000,-248,32
36:02.616	,-1024,-256,32
36:02.616	,-1016,-264,40
36:02.616	,-1032,-272,32
36:02.616	,-1008,-272,48
36:02.616	,-992,-272,56
36:02.616	,-1024,-272,56
36:02.616	,-1024,-256,72
36:02.616	,-1040,-272,96
36:02.616	,-1096,-272,104
36:02.616	,-1048,-264,128
36:02.616	,-976,-256,128
36:02.616	,-1008,-232,112
36:02.616	,-1008,-224,96
36:02.616	,-1000,-200,88
36:02.616	,-1008,-192,48
36:02.616	,-1000,-200,48
36:02.616	,-984,-168,32
36:02.616	,-992,-160,32
36:02.616	,-1016,-176,40
36:03.639	,-1016,-168,56
36:03.639	,-984,-192,48
36:03.639	,-960,-216,48
36:03.639	,-944,-232,56
36:03.639	,-936,-240,80
36:03.639	,-984,-256,88
36:03.639	,-1016,-248,112
36:03.639	,-1048,-216,152
36:03.639	,-1040,-408,120
36:03.639	,-1000,-232,104
36:03.639	,-992,-264,88
36:03.639	,-992,-264,80
36:03.639	,-976,-272,88
36:03.639	,-968,-272,88
36:03.639	,-1000,-288,80
36:03.639	,-1000,-280,88
36:03.639	,-1024,-248,88
36:03.639	,-1048,-256,104
36:03.639	,-1080,-240,88
36:03.639	,-1056,-232,80
36:03.639	,-1064,-232,56
36:03.639	,-1120,-192,88
36:03.639	,-1064,-168,72
36:03.639	,-1000,-184,56
36:03.639	,-912,-192,24
36:04.663	,-920,-200,24
36:04.663	,-952,-176,8
36:04.663	,-1016,-176,-16
36:04.663	,-1048,-176,-8
36:04.663	,-1040,-176,-24
36:04.663	,-984,-192,-16
36:04.663	,-952,-208,0
36:04.663	,-1000,-184,8
36:04.663	,-992,-192,24
36:04.663	,-1016,-200,-8
36:04.663	,-1016,-208,24
36:04.663	,-1016,-216,8
36:04.663	,-1032,-232,8
36:04.663	,-1032,-232,0
36:04.663	,-1032,-232,8
36:04.663	,-1040,-232,8
36:04.663	,-1024,-224,32
36:04.663	,-1024,-216,24
36:04.663	,-1008,-216,32
36:04.663	,-1008,-224,32
36:04.663	,-1000,-216,24
36:04.663	,-1000,-240,40
36:04.663	,-1008,-240,40
36:04.663	,-1040,-240,40
36:04.663	,-1048,-248,40
36:05.638	,-1024,-240,40
36:05.638	,-1032,-256,72
36:05.638	,-1056,-248,80
36:05.638	,-1000,-208,72
36:05.638	,-944,-216,88
36:05.638	,-984,-216,72
36:05.638	,-1000,-216,56
36:05.638	,-1008,-200,56
36:05.638	,-1008,-184,48
36:05.638	,-1008,-184,56
36:05.638	,-992,-192,72
36:05.638	,-984,-176,80
36:05.638	,-984,-176,96
36:05.638	,-1000,-200,112
36:05.638	,-1000,-216,120
36:05.638	,-984,-232,120
36:05.638	,-1000,-248,64
36:05.638	,-992,-216,112
36:05.638	,-1000,-208,88
36:05.638	,-992,-248,80
36:05.638	,-1024,-224,64
36:05.638	,-1024,-232,56
36:05.638	,-1016,-248,48
36:05.638	,-992,-256,56
36:05.638	,-984,-272,48
36:06.662	,-976,-264,32
36:06.662	,-1000,-288,56
36:06.662	,-1000,-280,88
36:06.662	,-1000,-264,120
36:06.662	,-1016,-272,160
36:06.662	,-1080,-232,168
36:06.662	,-1064,-256,160
36:06.662	,-1064,-216,160
36:06.662	,-1120,-192,112
36:06.662	,-1168,-160,56
36:06.662	,-1048,-160,32
36:06.662	,-960,-144,32
36:06.662	,-952,-152,40
36:06.662	,-968,-152,24
36:06.662	,-992,-144,-24
36:06.662	,-1016,-152,-8
36:06.662	,-1008,-168,16
36:06.662	,-1024,-176,-16
36:06.662	,-1000,-184,0
36:06.662	,-1000,-176,8
36:06.662	,-992,-168,24
36:06.662	,-1000,-184,0
36:06.662	,-1000,-208,8
36:06.662	,-1016,-208,0
36:06.662	,-1016,-208,0
36:07.686	,-1016,-208,8
36:07.686	,-1016,-216,-16
36:07.686	,-1016,-224,0
36:07.686	,-1024,-232,-8
36:07.686	,-1024,-224,-16
36:07.686	,-1024,-232,-8
36:07.686	,-1024,-224,-8
36:07.686	,-1016,-240,-16
36:07.686	,-1016,-256,0
36:07.686	,-1008,-248,-24
36:07.686	,-1008,-248,8
36:07.686	,-1032,-248,-8
36:07.686	,-1008,-256,24
36:07.686	,-1048,-264,40
36:07.686	,-1040,-264,32
36:07.686	,-1040,-256,72
36:07.686	,-984,-240,88
36:07.686	,-960,-248,120
36:07.686	,-968,-248,128
36:07.686	,-1008,-240,104
36:07.686	,-1032,-224,96
36:07.686	,-1024,-248,112
36:07.686	,-992,-216,88
36:07.686	,-1008,-216,88
36:07.686	,-1000,-200,88
36:08.661	,-1000,-200,96
36:08.661	,-1000,-200,104
36:08.661	,-1000,-192,104
36:08.661	,-992,-208,128
36:08.661	,-984,-208,136
36:08.661	,-952,-240,136
36:08.661	,-968,-248,144
36:08.661	,-984,-256,152
36:08.661	,-976,-264,136
36:08.661	,-992,-272,152
36:08.661	,-1016,-272,152
36:08.661	,-992,-264,160
36:08.661	,-976,-288,136
36:08.661	,-968,-288,136
36:08.661	,-984,-288,144
36:08.661	,-944,-288,168
36:08.661	,-968,-272,168
36:08.661	,-968,-264,184
36:08.661	,-1000,-256,176
36:08.661	,-992,-248,176
36:08.661	,-968,-240,136
36:08.661	,-976,-240,144
36:08.661	,-984,-240,136
36:08.661	,-984,-232,144
36:08.661	,-1048,-240,152
36:09.685	,-968,-208,120
36:09.685	,-1040,-232,128
36:09.685	,-1032,-184,128
36:09.685	,-984,-200,120
36:09.685	,-992,-184,112
36:09.685	,-1000,-184,88
36:09.685	,-1016,-184,80
36:09.685	,-1008,-200,80
36:09.685	,-1016,-208,72
36:09.685	,-1008,-200,72
36:09.685	,-1000,-216,64
36:09.685	,-968,-208,40
36:09.685	,-984,-216,16
36:09.685	,-1008,-200,32
36:09.685	,-1032,-168,24
36:09.685	,-1024,-176,-16
36:09.685	,-1016,-192,-8
36:09.685	,-1000,-192,-16
36:09.685	,-1008,-200,-16
36:09.685	,-992,-192,-32
36:09.685	,-1016,-184,-48
36:09.685	,-1016,-192,-48
36:09.685	,-1040,-208,-48
36:09.685	,-1024,-224,-48
36:09.685	,-1016,-224,-32
36:10.707	,-1008,-240,-16
36:10.707	,-1000,-240,-40
36:10.707	,-1016,-232,-24
36:10.707	,-1024,-248,-16
36:10.707	,-1040,-248,-8
36:10.707	,-1040,-256,-16
36:10.707	,-1032,-248,-8
36:10.707	,-1024,-248,-16
36:10.707	,-1056,-256,-8
36:10.707	,-1064,-256,0
36:10.707	,-1056,-256,0
36:10.707	,-1016,-256,32
36:10.707	,-984,-272,72
36:10.707	,-936,-264,96
36:10.707	,-960,-264,104
36:10.707	,-992,-256,88
36:10.707	,-1032,-240,72
36:10.707	,-1000,-232,56
36:10.707	,-992,-240,72
36:10.707	,-976,-240,48
36:10.707	,-1008,-216,32
36:10.707	,-1008,-224,56
36:10.707	,-984,-208,32
36:10.707	,-992,-224,48
36:10.707	,-1000,-192,64
36:11.683	,-1016,-208,88
36:11.683	,-1032,-192,120
36:11.683	,-1000,-200,104
36:11.683	,-968,-224,104
36:11.683	,-960,-224,136
36:11.683	,-952,-264,136
36:11.683	,-960,-240,112
36:11.683	,-1000,-248,128
36:11.683	,-1016,-256,88
36:11.683	,-1008,-248,96
36:11.683	,-992,-256,72
36:11.683	,-960,-272,80
36:11.683	,-944,-272,96
36:11.683	,-952,-288,104
36:11.683	,-952,-296,104
36:11.683	,-976,-304,144
36:11.683	,-976,-304,128
36:11.683	,-992,-296,128
36:11.683	,-1024,-296,128
36:11.683	,-1064,-296,128
36:11.683	,-1072,-256,112
36:11.683	,-1096,-248,88
36:11.683	,-1096,-200,72
36:11.683	,-1112,-192,56
36:11.683	,-1040,-176,72
36:12.705	,-880,-160,56
36:12.705	,-904,-160,56
36:12.705	,-984,-152,24
36:12.705	,-1056,-160,-16
36:12.705	,-1056,-168,-40
36:12.705	,-1040,-192,-32
36:12.705	,-1008,-208,-40
36:12.705	,-1008,-208,-48
36:12.705	,-1000,-208,-40
36:12.705	,-1016,-216,-24
36:12.705	,-1048,-216,-32
36:12.705	,-1072,-232,-48
36:12.705	,-1072,-240,-24
36:12.705	,-1048,-256,8
36:12.705	,-1032,-256,8
36:12.705	,-1016,-248,8
36:12.705	,-992,-264,40
36:12.705	,-992,-264,32
36:12.705	,-992,-256,24
36:12.705	,-1000,-272,40
36:12.705	,-1000,-264,32
36:12.705	,-984,-248,48
36:12.705	,-984,-256,48
36:12.705	,-992,-240,64
36:12.705	,-1072,-248,32
36:13.731	,-992,-232,32
36:13.731	,-1056,-272,72
36:13.731	,-1072,-256,56
36:13.731	,-992,-264,88
36:13.731	,-968,-240,96
36:13.731	,-992,-224,112
36:13.731	,-1008,-184,104
36:13.731	,-1024,-208,72
36:13.731	,-1024,-240,88
36:13.731	,-976,-216,112
36:13.731	,-952,-208,128
36:13.731	,-960,-208,120
36:13.731	,-984,-216,96
36:13.731	,-1008,-232,104
36:13.731	,-1016,-240,128
36:13.731	,-1016,-224,160
36:13.731	,-1000,-240,136
36:13.731	,-968,-256,128
36:13.731	,-960,-264,128
36:13.731	,-968,-288,112
36:13.731	,-976,-272,112
36:13.731	,-968,-256,128
36:13.731	,-960,-280,120
36:13.731	,-976,-288,120
36:13.731	,-968,-272,96
36:14.704	,-976,-272,120
36:14.704	,-960,-280,112
36:14.704	,-968,-288,144
36:14.704	,-976,-280,160
36:14.704	,-976,-256,160
36:14.704	,-1048,-264,168
36:14.704	,-1056,-248,160
36:14.704	,-1048,-240,128
36:14.704	,-1072,-240,96
36:14.704	,-1080,-208,64
36:14.704	,-1112,-200,32
36:14.704	,-1032,-184,40
36:14.704	,-896,-184,40
36:14.704	,-872,-200,48
36:14.704	,-912,-168,40
36:14.704	,-1016,-160,0
36:14.704	,-1088,-176,-40
36:14.704	,-1080,-168,-40
36:14.704	,-1016,-192,-40
36:14.704	,-984,-224,-32
36:14.704	,-976,-208,-40
36:14.704	,-984,-184,-40
36:14.704	,-1000,-224,-32
36:14.704	,-1008,-240,-48
36:14.704	,-1032,-248,-40
36:15.727	,-1048,-248,-48
36:15.727	,-1024,-272,-40
36:15.727	,-1032,-272,-16
36:15.727	,-1016,-264,0
36:15.727	,-1024,-272,16
36:15.727	,-1048,-264,0
36:15.727	,-1032,-264,8
36:15.727	,-1024,-256,8
36:15.727	,-1016,-264,16
36:15.727	,-1024,-232,8
36:15.727	,-1008,-240,16
36:15.727	,-992,-240,16
36:15.727	,-976,-240,24
36:15.727	,-984,-232,16
36:15.727	,-976,-232,32
36:15.727	,-984,-248,16
36:15.727	,-1120,-256,0
36:15.727	,-1016,-272,16
36:15.727	,-984,-272,24
36:15.727	,-936,-296,88
36:15.727	,-944,-272,80
36:15.727	,-1000,-248,72
36:15.727	,-1072,-232,48
36:15.727	,-1048,-208,40
36:15.727	,-1024,-200,32
36:16.751	,-1040,-200,48
36:16.751	,-1016,-176,48
36:16.751	,-1000,-176,80
36:16.751	,-1024,-176,104
36:16.751	,-1048,-168,144
36:16.751	,-1024,-192,176
36:16.751	,-984,-224,200
36:16.751	,-952,-208,192
36:16.751	,-960,-232,184
36:16.751	,-976,-256,144
36:16.751	,-992,-248,112
36:16.751	,-1000,-256,104
36:16.751	,-1000,-248,104
36:16.751	,-1000,-264,88
36:16.751	,-992,-288,80
36:16.751	,-976,-296,72
36:16.751	,-968,-304,88
36:16.751	,-968,-312,96
36:16.751	,-968,-320,128
36:16.751	,-984,-312,136
36:16.751	,-992,-296,128
36:16.751	,-1048,-280,128
36:16.751	,-1088,-264,144
36:16.751	,-1144,-240,120
36:16.751	,-1104,-184,112
36:17.726	,-1088,-160,104
36:17.726	,-1040,-136,120
36:17.726	,-1000,-104,104
36:17.726	,-984,-96,104
36:17.726	,-992,-104,88
36:17.726	,-1000,-112,64
36:17.726	,-1056,-136,32
36:17.726	,-1064,-128,-8
36:17.726	,-1008,-160,-8
36:17.726	,-976,-168,8
36:17.726	,-984,-176,16
36:17.726	,-984,-192,8
36:17.726	,-1008,-208,24
36:17.726	,-1032,-208,24
36:17.726	,-1056,-224,16
36:17.726	,-1064,-208,16
36:17.726	,-1032,-224,32
36:17.726	,-1016,-224,32
36:17.726	,-1008,-216,24
36:17.726	,-1008,-224,24
36:17.726	,-1000,-224,16
36:17.726	,-984,-240,0
36:17.726	,-1056,-240,-16
36:17.726	,-1024,-240,24
36:17.726	,-1016,-240,16
36:18.750	,-1000,-248,48
36:18.750	,-952,-224,72
36:18.750	,-936,-208,104
36:18.750	,-968,-208,152
36:18.750	,-1024,-192,176
36:18.750	,-1048,-168,200
36:18.750	,-1040,-160,224
36:18.750	,-1032,-160,216
36:18.750	,-1000,-144,200
36:18.750	,-1000,-160,192
36:18.750	,-1016,-168,192
36:18.750	,-1008,-192,168
36:18.750	,-1000,-184,152
36:18.750	,-984,-216,144
36:18.750	,-984,-224,120
36:18.750	,-1000,-248,120
36:18.750	,-984,-256,120
36:18.750	,-960,-264,128
36:18.750	,-952,-280,128
36:18.750	,-968,-272,144
36:18.750	,-960,-264,152
36:18.750	,-944,-272,200
36:18.750	,-968,-280,216
36:18.750	,-952,-280,224
36:18.750	,-976,-264,224
36:19.775	,-984,-256,216
36:19.775	,-1024,-224,200
36:19.775	,-1072,-208,208
36:19.775	,-1072,-176,192
36:19.775	,-1120,-144,168
36:19.775	,-1072,-128,160
36:19.775	,-992,-104,176
36:19.775	,-960,-104,160
36:19.775	,-984,-112,144
36:19.775	,-1000,-88,96
36:19.775	,-1040,-104,72
36:19.775	,-1040,-104,24
36:19.775	,-1048,-104,8
36:19.775	,-1000,-128,-8
36:19.775	,-992,-144,-8
36:19.775	,-984,-144,0
36:19.775	,-984,-192,8
36:19.775	,-1024,-176,16
36:19.775	,-1032,-208,8
36:19.775	,-1040,-224,32
36:19.775	,-1008,-232,64
36:19.775	,-984,-240,96
36:19.775	,-992,-240,104
36:19.775	,-1008,-248,96
36:19.775	,-1008,-248,112
36:20.750	,-1016,-248,88
36:20.750	,-1064,-256,80
36:20.750	,-1136,-264,56
36:20.750	,-1096,-264,56
36:20.750	,-992,-248,80
36:20.750	,-928,-232,112
36:20.750	,-952,-176,120
36:20.750	,-968,-152,128
36:20.750	,-1000,-136,152
36:20.750	,-1008,-144,192
36:20.750	,-1016,-120,248
36:20.750	,-1024,-120,280
36:20.750	,-1016,-104,280
36:20.750	,-1008,-192,288
36:20.750	,-936,-240,240
36:20.750	,-968,-224,192
36:20.750	,-992,-208,144
36:20.750	,-984,-256,136
36:20.750	,-952,-256,144
36:20.750	,-968,-272,144
36:20.750	,-968,-272,160
36:20.750	,-960,-264,168
36:20.750	,-976,-272,184
36:20.750	,-984,-264,168
36:20.750	,-968,-264,192
36:21.775	,-968,-248,184
36:21.775	,-960,-224,176
36:21.775	,-952,-216,168
36:21.775	,-936,-208,168
36:21.775	,-944,-200,176
36:21.775	,-968,-216,160
36:21.775	,-1064,-200,152
36:21.775	,-1080,-184,152
36:21.775	,-1088,-184,152
36:21.775	,-1096,-168,128
36:21.775	,-1080,-160,112
36:21.775	,-1016,-144,96
36:21.775	,-960,-168,88
36:21.775	,-872,-160,80
36:21.775	,-864,-176,48
36:21.775	,-960,-192,16
36:21.775	,-1064,-176,-24
36:21.775	,-1112,-176,-64
36:21.775	,-1072,-184,-80
36:21.775	,-1000,-208,-72
36:21.775	,-984,-216,-64
36:21.775	,-1000,-184,-64
36:21.775	,-1024,-192,-88
36:21.775	,-992,-192,-72
36:21.775	,-1032,-200,-72
36:22.798	,-1032,-216,-80
36:22.798	,-1024,-232,-72
36:22.798	,-1024,-232,-56
36:22.798	,-1008,-240,-56
36:22.798	,-1016,-256,-48
36:22.798	,-1032,-248,-40
36:22.798	,-1048,-256,-32
36:22.798	,-1056,-248,-40
36:22.798	,-1056,-240,-32
36:22.798	,-1016,-264,-16
36:22.798	,-992,-256,-24
36:22.798	,-968,-248,-8
36:22.798	,-1000,-248,-16
36:22.798	,-1024,-248,-16
36:22.798	,-1040,-232,-16
36:22.798	,-1056,-248,-16
36:22.798	,-1144,-224,-24
36:22.798	,-1104,-240,-24
36:22.798	,-1032,-216,0
36:22.798	,-952,-224,40
36:22.798	,-952,-200,48
36:22.798	,-1016,-144,40
36:22.798	,-1008,-72,16
36:22.798	,-1032,-64,8
36:22.798	,-1056,-88,16
36:23.822	,-1040,-112,16
36:23.822	,-1032,-128,16
36:23.822	,-1040,-152,64
36:23.822	,-1016,-128,48
36:23.822	,-960,-136,64
36:23.822	,-904,-168,80
36:23.822	,-920,-248,104
36:23.822	,-936,-216,128
36:23.822	,-960,-224,112
36:23.822	,-976,-240,88
36:23.822	,-976,-240,72
36:23.822	,-984,-256,64
36:23.822	,-1016,-272,56
36:23.822	,-1048,-296,40
36:23.822	,-1048,-280,40
36:23.822	,-1080,-264,72
36:23.822	,-1088,-264,56
36:23.822	,-1120,-264,64
36:23.822	,-1120,-256,72
36:23.822	,-1040,-240,72
36:23.822	,-944,-216,72
36:23.822	,-960,-192,64
36:23.822	,-1104,-160,48
36:23.822	,-1128,-120,16
36:23.822	,-1080,-144,8
36:24.798	,-1000,-104,-16
36:24.798	,-1048,-40,8
36:24.798	,-984,-80,-24
36:24.798	,-960,-128,-8
36:24.798	,-976,-120,-32
36:24.798	,-984,-144,-24
36:24.798	,-1000,-208,0
36:24.798	,-1008,-224,8
36:24.798	,-1048,-232,24
36:24.798	,-1112,-248,-16
36:24.798	,-1112,-280,-8
36:24.798	,-1056,-280,-16
36:24.798	,-1000,-280,-32
36:24.798	,-1000,-272,-40
36:24.798	,-1048,-272,-24
36:24.798	,-1072,-280,-24
36:24.798	,-1024,-264,-16
36:24.798	,-1000,-264,16
36:24.798	,-992,-280,72
36:24.798	,-984,-240,88
36:24.798	,-1000,-232,136
36:24.798	,-1040,-208,144
36:24.798	,-1040,-208,192
36:24.798	,-1024,-168,232
36:24.798	,-1048,-144,240
36:25.822	,-1056,-88,248
36:25.822	,-1040,-56,256
36:25.822	,-976,-96,192
36:25.822	,-944,-128,176
36:25.822	,-944,-112,120
36:25.822	,-1008,-200,80
36:25.822	,-1024,-216,40
36:25.822	,-1048,-224,40
36:25.822	,-1016,-248,56
36:25.822	,-1016,-240,64
36:25.822	,-992,-232,40
36:25.822	,-992,-280,64
36:25.822	,-984,-288,96
36:25.822	,-984,-304,72
36:25.822	,-944,-312,120
36:25.822	,-984,-320,136
36:25.822	,-992,-312,152
36:25.822	,-1008,-296,168
36:25.822	,-1008,-312,176
36:25.822	,-1016,-280,176
36:25.822	,-1040,-264,160
36:25.822	,-1008,-272,144
36:25.822	,-1000,-224,128
36:25.822	,-1016,-192,96
36:25.822	,-952,-168,112
36:26.798	,-952,-160,80
36:26.798	,-1096,-144,48
36:26.798	,-1232,-120,16
36:26.798	,-1080,-160,40
36:26.798	,-928,-152,64
36:26.798	,-856,-160,80
36:26.798	,-936,-120,72
36:26.798	,-1048,-152,24
36:26.798	,-1128,-176,-40
36:26.798	,-1080,-168,-40
36:26.798	,-1032,-192,-40
36:26.798	,-976,-216,-56
36:26.798	,-1000,-184,-40
36:26.798	,-1016,-200,-56
36:26.798	,-1024,-200,-48
36:26.798	,-1040,-216,-56
36:26.798	,-1024,-240,-56
36:26.798	,-1024,-248,-40
36:26.798	,-1016,-240,-32
36:26.798	,-1032,-248,-40
36:26.798	,-1040,-248,-16
36:26.798	,-1032,-248,-8
36:26.798	,-1000,-248,16
36:26.798	,-960,-240,16
36:26.798	,-1016,-240,24
36:27.820	,-1056,-240,8
36:27.820	,-1056,-272,48
36:27.820	,-1016,-256,64
36:27.820	,-936,-288,112
36:27.820	,-936,-256,128
36:27.820	,-960,-232,144
36:27.820	,-1024,-192,128
36:27.820	,-1032,-192,120
36:27.820	,-1016,-160,160
36:27.820	,-968,-152,152
36:27.820	,-976,-112,160
36:27.820	,-984,-128,144
36:27.820	,-1008,-168,168
36:27.820	,-992,-152,144
36:27.820	,-1000,-160,112
36:27.820	,-992,-192,96
36:27.820	,-984,-176,96
36:27.820	,-968,-200,56
36:27.820	,-928,-192,80
36:27.820	,-960,-184,80
36:27.820	,-992,-192,64
36:27.820	,-976,-208,64
36:27.820	,-968,-184,80
36:27.820	,-952,-216,48
36:27.820	,-944,-208,56
36:28.844	,-952,-240,56
36:28.844	,-992,-216,32
36:28.844	,-992,-192,8
36:28.844	,-1016,-200,-16
36:28.844	,-1000,-176,-32
36:28.844	,-960,-176,-48
36:28.844	,-944,-176,-32
36:28.844	,-904,-160,-72
36:28.844	,-920,-160,-96
36:28.844	,-856,-144,-72
36:28.844	,-904,-168,-72
36:28.844	,-912,-144,-72
36:28.844	,-992,-128,-56
36:28.844	,-984,-96,-64
36:28.844	,-976,-128,-32
36:28.844	,-976,-104,32
36:28.844	,-944,-120,-16
36:28.844	,-1000,-128,48
36:28.844	,-1008,-112,-24
36:28.844	,-1008,-176,72
36:28.844	,-1032,-152,48
36:28.844	,-1016,-208,32
36:28.844	,-1080,-160,48
36:28.844	,-1080,-160,24
36:28.844	,-1104,-208,64
36:29.819	,-1080,-160,56
36:29.819	,-1136,-208,88
36:29.819	,-1064,-168,80
36:29.819	,-1080,-144,128
36:29.819	,-1032,-176,80
36:29.819	,-1040,-136,112
36:29.819	,-1024,-128,112
36:29.819	,-1016,-168,160
36:29.819	,-1040,-136,144
36:29.819	,-1032,-192,168
36:29.819	,-1048,-144,120
36:29.819	,-1072,-160,176
36:29.819	,-1088,-128,160
36:29.819	,-1080,-136,152
36:29.819	,-1040,-80,136
36:29.819	,-1104,-48,88
36:29.819	,-1144,-120,144
36:29.819	,-1128,-48,296
36:29.819	,-1120,-112,304
36:29.819	,-1040,0,232
36:29.819	,-960,72,240
36:29.819	,-968,8,136
36:29.819	,-992,8,104
36:29.819	,-952,0,32
36:29.819	,-912,0,72
36:30.842	,-904,0,80
36:30.842	,-1176,120,240
36:30.842	,-1144,64,272
36:30.842	,-1000,64,144
36:30.842	,-1064,8,136
36:30.842	,-1024,48,72
36:30.842	,-1040,88,96
36:30.842	,-1000,112,24
36:30.842	,-1024,104,56
36:30.842	,-1000,120,48
36:30.842	,-1032,144,8
36:30.842	,-1024,104,40
36:30.842	,-1008,112,40
36:30.842	,-1040,88,64
36:30.842	,-1016,120,48
36:30.842	,-1016,112,40
36:30.842	,-1024,96,24
36:30.842	,-1000,104,40
36:30.842	,-1024,112,24
36:30.842	,-1016,104,32
36:30.842	,-1008,152,8
36:30.842	,-1040,120,24
36:30.842	,-1008,176,0
36:30.842	,-1016,120,16
36:30.842	,-1008,136,40
36:31.866	,-1024,152,16
36:31.866	,-984,216,8
36:31.866	,-1008,176,16
36:31.866	,-1016,144,0
36:31.866	,-1008,216,-32
36:31.866	,-1016,144,-8
36:31.866	,-1000,160,-16
36:31.866	,-1016,168,-56
36:31.866	,-992,168,-40
36:31.866	,-1000,208,-56
36:31.866	,-1008,152,-32
36:31.866	,-1016,184,-80
36:31.866	,-992,152,-72
36:31.866	,-992,160,-112
36:31.866	,-984,152,-112
36:31.866	,-976,184,-72
36:31.866	,-1008,176,-120
36:31.866	,-960,184,-176
36:31.866	,-1000,160,-144
36:31.866	,-984,248,-272
36:31.866	,-1008,-40,-336
36:31.866	,-968,96,-296
36:31.866	,-952,80,-352
36:31.866	,-968,-48,-448
36:31.866	,-928,160,-480
36:32.890	,-856,200,-432
36:32.890	,-920,176,-432
36:32.890	,-888,80,-472
36:32.890	,-880,400,-488
36:32.890	,-920,88,-504
36:32.890	,-920,96,-472
36:32.890	,-976,248,-328
36:32.890	,-976,112,-336
36:32.890	,-928,152,-408
36:32.890	,-984,128,-352
36:32.890	,-984,168,-376
36:32.890	,-1160,352,-104
36:32.890	,-1264,208,24
36:32.890	,-1016,160,200
36:32.890	,-1008,-328,-384
36:32.890	,-1112,400,-352
36:32.890	,-1208,-248,-280
36:32.890	,-1016,-344,-272
36:32.890	,-1064,-544,-184
36:32.890	,-1048,-544,-304
36:32.890	,-968,-624,-288
36:32.890	,-992,-648,-256
36:32.890	,-816,-640,-312
36:32.890	,-672,-800,-336
36:32.890	,-528,-856,-264
36:33.863	,-272,-776,-152
36:33.863	,-232,-888,80
36:33.863	,-48,-976,24
36:33.863	,72,-808,128
36:33.863	,248,-752,120
36:33.863	,144,-960,288
36:33.863	,184,-696,232
36:33.863	,16,-688,216
36:33.863	,-96,-672,320
36:33.863	,-256,-608,440
36:33.863	,-328,-920,880
36:33.863	,-224,-688,952
36:33.863	,-40,-344,928
36:33.863	,-24,-528,984
36:33.863	,56,-568,848
36:33.863	,72,-624,760
36:33.863	,32,-560,808
36:33.863	,-24,-552,832
36:33.863	,-48,-560,840
36:33.863	,-32,-608,800
36:33.863	,16,-608,776
36:33.863	,32,-592,792
36:33.863	,32,-568,808
36:33.863	,32,-552,816
36:33.863	,8,-576,808
36:34.887	,16,-568,832
36:34.887	,32,-568,800
36:34.887	,32,-584,784
36:34.887	,48,-584,784
36:34.887	,40,-600,792
36:34.887	,24,-600,784
36:34.887	,40,-592,792
36:34.887	,40,-608,792
36:34.887	,32,-592,800
36:34.887	,32,-600,784
36:34.887	,48,-584,800
36:34.887	,40,-608,776
36:34.887	,48,-600,784
36:34.887	,48,-600,776
36:34.887	,32,-600,784
36:34.887	,24,-592,784
36:34.887	,40,-600,784
36:34.887	,32,-600,776
36:34.887	,56,-584,784
36:34.887	,40,-600,800
36:34.887	,48,-592,768
36:34.887	,56,-608,776
36:34.887	,48,-592,768
36:34.887	,48,-600,776
36:34.887	,48,-584,768
36:35.910	,32,-608,784
36:35.910	,32,-600,784
36:35.910	,40,-624,776
36:35.910	,40,-608,784
36:35.910	,32,-592,792
36:35.910	,40,-600,776
36:35.910	,32,-608,776
36:35.910	,48,-608,752
36:35.910	,40,-616,784
36:35.910	,48,-608,784
36:35.910	,48,-600,784
36:35.910	,48,-600,784
36:35.910	,40,-616,768
36:35.910	,40,-616,776
36:35.910	,24,-624,768
36:35.910	,40,-608,760
36:35.910	,32,-608,776
36:35.910	,40,-608,776
36:35.910	,32,-608,800
36:35.910	,24,-616,776
36:35.910	,24,-616,776
36:35.910	,32,-608,768
36:35.910	,32,-616,792
36:35.910	,32,-632,776
36:35.910	,24,-608,776
36:36.885	,24,-616,776
36:36.885	,48,-608,776
36:36.885	,32,-600,776
36:36.885	,24,-616,776
36:36.885	,40,-608,768
36:36.885	,32,-616,776
36:36.885	,24,-616,792
36:36.885	,24,-616,776
36:36.885	,32,-624,776
36:36.885	,40,-616,776
36:36.885	,24,-616,776
36:36.885	,32,-616,776
36:36.885	,16,-616,792
36:36.885	,32,-608,776
36:36.885	,40,-600,776
36:36.885	,40,-624,768
36:36.885	,32,-616,776
36:36.885	,40,-632,768
36:36.885	,16,-624,784
36:36.885	,32,-616,776
36:36.885	,32,-616,776
36:36.885	,24,-624,784
36:36.885	,40,-632,768
36:36.885	,32,-608,768
36:36.885	,24,-616,784
36:37.912	,32,-600,776
36:37.912	,40,-616,784
36:37.912	,32,-608,776
36:37.912	,32,-616,776
36:37.912	,32,-624,776
36:37.912	,24,-616,776
36:37.912	,16,-616,776
36:37.912	,32,-624,776
36:37.912	,32,-608,784
36:37.912	,24,-616,768
36:37.912	,40,-624,776
36:37.912	,32,-624,768
36:37.912	,32,-608,776
36:37.912	,40,-608,776
36:37.912	,32,-632,760
36:37.912	,32,-608,784
36:37.912	,40,-624,760
36:37.912	,32,-624,768
36:37.912	,40,-616,768
36:37.912	,24,-616,768
36:37.912	,32,-624,768
36:37.912	,40,-624,776
36:37.912	,40,-632,768
36:37.912	,32,-624,768
36:37.912	,32,-624,760
36:38.935	,32,-624,776
36:38.935	,32,-632,760
36:38.935	,32,-632,776
36:38.935	,32,-616,768
36:38.935	,32,-624,760
36:38.935	,40,-632,760
36:38.935	,48,-624,776
36:38.935	,40,-608,760
36:38.935	,32,-632,760
36:38.935	,40,-624,776
36:38.935	,32,-616,760
36:38.935	,32,-632,768
36:38.935	,24,-616,776
36:38.935	,24,-640,776
36:38.935	,24,-624,776
36:38.935	,40,-624,760
36:38.935	,56,-616,776
36:38.935	,48,-624,760
36:38.935	,40,-608,768
36:38.935	,32,-624,768
36:38.935	,40,-616,784
36:38.935	,32,-632,768
36:38.935	,32,-624,768
36:38.935	,40,-624,760
36:38.935	,32,-632,776
36:39.908	,32,-608,784
36:39.908	,32,-632,768
36:39.908	,32,-632,760
36:39.908	,40,-616,760
36:39.908	,40,-632,768
36:39.908	,40,-632,768
36:39.908	,32,-616,760
36:39.908	,40,-616,776
36:39.908	,32,-624,784
36:39.908	,40,-616,776
36:39.908	,32,-624,760
36:39.908	,32,-632,768
36:39.908	,32,-608,760
36:39.908	,32,-624,760
36:39.908	,56,-616,760
36:39.908	,40,-616,752
36:39.908	,48,-616,776
36:39.908	,32,-616,760
36:39.908	,48,-624,768
36:39.908	,48,-616,776
36:39.908	,32,-624,760
36:39.908	,56,-632,776
36:39.908	,40,-632,760
36:39.908	,56,-640,768
36:39.908	,48,-624,768
36:40.932	,40,-632,768
36:40.932	,48,-632,768
36:40.932	,40,-648,768
36:40.932	,56,-632,768
36:40.932	,48,-624,752
36:40.932	,48,-624,760
36:40.932	,48,-624,768
36:40.932	,40,-632,768
36:40.932	,32,-632,768
36:40.932	,56,-640,768
36:40.932	,40,-624,760
36:40.932	,48,-632,752
36:40.932	,56,-640,768
36:40.932	,48,-624,760
36:40.932	,48,-624,760
36:40.932	,40,-640,768
36:40.932	,48,-640,776
36:40.932	,48,-624,760
36:40.932	,48,-624,752
36:40.932	,64,-632,760
36:40.932	,56,-624,752
36:40.932	,64,-632,752
36:40.932	,64,-640,760
36:40.932	,48,-624,768
36:40.932	,56,-632,768
36:41.956	,56,-616,752
36:41.956	,64,-632,760
36:41.956	,40,-640,760
36:41.956	,56,-640,768
36:41.956	,64,-632,752
36:41.956	,48,-624,760
36:41.956	,40,-640,752
36:41.956	,48,-624,776
36:41.956	,40,-640,768
36:41.956	,56,-624,752
36:41.956	,48,-632,760
36:41.956	,64,-632,760
36:41.956	,64,-632,768
36:41.956	,48,-632,752
36:41.956	,64,-640,776
36:41.956	,56,-632,744
36:41.956	,48,-632,752
36:41.956	,56,-624,760
36:41.956	,48,-624,760
36:41.956	,72,-624,760
36:41.956	,48,-648,760
36:41.956	,48,-640,760
36:41.956	,56,-648,760
36:41.956	,64,-640,752
36:41.956	,56,-632,768
36:42.933	,56,-640,744
36:42.933	,48,-640,760
36:42.933	,64,-624,752
36:42.933	,48,-640,744
36:42.933	,72,-624,760
36:42.933	,56,-648,760
36:42.933	,64,-624,752
36:42.933	,64,-632,744
36:42.933	,56,-640,752
36:42.933	,56,-632,776
36:42.933	,72,-656,768
36:42.933	,72,-616,776
36:42.933	,48,-728,744
36:42.933	,0,-808,760
36:42.933	,48,-840,576
36:42.933	,104,-848,352
36:42.933	,168,-1048,192
36:42.933	,176,-864,-40
36:42.933	,224,-784,-264
36:42.933	,240,-776,-176
36:42.933	,312,-736,-168
36:42.933	,352,-896,-208
36:42.933	,328,-1016,-96
36:42.933	,368,-936,-200
36:42.933	,336,-872,-264
36:43.954	,272,-1040,-288
36:43.954	,288,-888,-408
36:43.954	,312,-840,-448
36:43.954	,352,-888,-496
36:43.954	,384,-952,-448
36:43.954	,328,-872,-392
36:43.954	,264,-872,-408
36:43.954	,272,-864,-432
36:43.954	,296,-840,-432
36:43.954	,288,-872,-424
36:43.954	,272,-800,-352
36:43.954	,280,-856,-400
36:43.954	,264,-920,-400
36:43.954	,288,-856,-416
36:43.954	,280,-888,-408
36:43.954	,256,-888,-408
36:43.954	,264,-864,-392
36:43.954	,256,-880,-376
36:43.954	,272,-880,-400
36:43.954	,264,-864,-400
36:43.954	,264,-872,-408
36:43.954	,264,-872,-392
36:43.954	,264,-880,-384
36:43.954	,248,-896,-376
36:43.954	,240,-872,-344
36:44.980	,240,-936,-328
36:44.980	,232,-936,-264
36:44.980	,224,-936,-216
36:44.980	,208,-976,-208
36:44.980	,200,-944,-160
36:44.980	,208,-928,-136
36:44.980	,200,-944,-192
36:44.980	,184,-960,-192
36:44.980	,224,-952,-208
36:44.980	,224,-952,-208
36:44.980	,224,-952,-216
36:44.980	,224,-944,-232
36:44.980	,208,-952,-208
36:44.980	,208,-944,-208
36:44.980	,208,-936,-216
36:44.980	,224,-944,-240
36:44.980	,216,-960,-224
36:44.980	,224,-952,-224
36:44.980	,192,-952,-208
36:44.980	,200,-952,-192
36:44.980	,192,-952,-176
36:44.980	,192,-984,-184
36:44.980	,192,-960,-192
36:44.980	,192,-952,-200
36:44.980	,200,-960,-232
36:45.956	,192,-952,-208
36:45.956	,208,-952,-224
36:45.956	,200,-960,-232
36:45.956	,192,-952,-224
36:45.956	,208,-952,-208
36:45.956	,200,-952,-216
36:45.956	,200,-952,-216
36:45.956	,200,-952,-208
36:45.956	,200,-944,-192
36:45.956	,200,-944,-192
36:45.956	,192,-960,-200
36:45.956	,200,-960,-200
36:45.956	,184,-960,-192
36:45.956	,192,-976,-184
36:45.956	,192,-968,-200
36:45.956	,200,-944,-184
36:45.956	,184,-944,-192
36:45.956	,192,-976,-216
36:45.956	,208,-952,-248
36:45.956	,192,-952,-248
36:45.956	,208,-936,-240
36:45.956	,200,-960,-240
36:45.956	,208,-920,-248
36:45.956	,208,-944,-280
36:45.956	,216,-936,-280
36:46.979	,224,-928,-312
36:46.979	,216,-920,-344
36:46.979	,216,-920,-312
36:46.979	,240,-904,-360
36:46.979	,232,-896,-400
36:46.979	,208,-904,-376
36:46.979	,216,-904,-384
36:46.979	,224,-912,-376
36:46.979	,224,-888,-368
36:46.979	,232,-888,-368
36:46.979	,224,-912,-344
36:46.979	,224,-912,-352
36:46.979	,200,-872,-312
36:46.979	,224,-904,-344
36:46.979	,208,-920,-304
36:46.979	,208,-896,-344
36:46.979	,224,-880,-360
36:46.979	,240,-904,-376
36:46.979	,224,-920,-384
36:46.979	,224,-896,-400
36:46.979	,224,-904,-384
36:46.979	,232,-904,-376
36:46.979	,240,-888,-384
36:46.979	,248,-872,-416
36:46.979	,248,-872,-456
36:48.001	,240,-872,-448
36:48.001	,248,-872,-448
36:48.001	,256,-880,-448
36:48.001	,232,-856,-416
36:48.001	,240,-872,-456
36:48.001	,216,-880,-416
36:48.001	,240,-880,-432
36:48.001	,232,-880,-408
36:48.001	,232,-888,-424
36:48.001	,224,-936,-376
36:48.001	,216,-896,-320
36:48.001	,240,-904,-280
36:48.001	,208,-952,-264
36:48.001	,200,-912,-240
36:48.001	,200,-952,-216
36:48.001	,208,-952,-200
36:48.001	,200,-976,-232
36:48.001	,192,-944,-224
36:48.001	,216,-928,-240
36:48.001	,224,-912,-288
36:48.001	,248,-880,-384
36:48.001	,256,-872,-424
36:48.001	,240,-904,-424
36:48.001	,248,-880,-416
36:48.001	,232,-880,-408
36:48.976	,232,-896,-392
36:48.976	,248,-896,-416
36:48.976	,240,-864,-408
36:48.976	,232,-880,-408
36:48.976	,240,-880,-424
36:48.976	,232,-896,-376
36:48.976	,240,-872,-384
36:48.976	,248,-888,-416
36:48.976	,240,-896,-384
36:48.976	,240,-880,-392
36:48.976	,240,-856,-440
36:48.976	,216,-880,-408
36:48.976	,232,-872,-416
36:48.976	,256,-848,-440
36:48.976	,224,-888,-400
36:48.976	,224,-896,-424
36:48.976	,240,-864,-424
36:48.976	,224,-912,-392
36:48.976	,216,-904,-368
36:48.976	,232,-904,-352
36:48.976	,224,-904,-312
36:48.976	,224,-952,-320
36:48.976	,224,-936,-336
36:48.976	,224,-912,-352
36:48.976	,216,-912,-336
36:50.003	,216,-944,-312
36:50.003	,216,-904,-288
36:50.003	,208,-992,-296
36:50.003	,200,-936,-264
36:50.003	,224,-912,-312
36:50.003	,232,-912,-336
36:50.003	,200,-920,-312
36:50.003	,216,-944,-312
36:50.003	,232,-936,-336
36:50.003	,208,-904,-328
36:50.003	,208,-904,-336
36:50.003	,216,-936,-320
36:50.003	,208,-912,-304
36:50.003	,224,-920,-296
36:50.003	,224,-928,-304
36:50.003	,224,-912,-304
36:50.003	,216,-912,-336
36:50.003	,216,-928,-320
36:50.003	,208,-904,-328
36:50.003	,240,-904,-368
36:50.003	,224,-904,-328
36:50.003	,232,-912,-360
36:50.003	,224,-920,-328
36:50.003	,216,-1008,-352
36:50.003	,216,-904,-320
36:51.024	,224,-896,-328
36:51.024	,232,-912,-344
36:51.024	,240,-904,-360
36:51.024	,232,-912,-360
36:51.024	,248,-872,-392
36:51.024	,232,-904,-360
36:51.024	,224,-880,-360
36:51.024	,240,-888,-384
36:51.024	,232,-904,-376
36:51.024	,232,-896,-368
36:51.024	,232,-888,-376
36:51.024	,240,-888,-392
36:51.024	,232,-904,-360
36:51.024	,224,-888,-376
36:51.024	,240,-920,-360
36:51.024	,208,-928,-336
36:51.024	,240,-912,-368
36:51.024	,216,-872,-384
36:51.024	,232,-880,-376
36:51.024	,240,-896,-368
36:51.024	,224,-904,-360
36:51.024	,224,-912,-352
36:51.024	,224,-896,-360
36:51.024	,224,-904,-376
36:51.024	,240,-888,-360
36:52.001	,224,-912,-384
36:52.001	,224,-928,-344
36:52.001	,216,-912,-336
36:52.001	,224,-920,-312
36:52.001	,224,-912,-304
36:52.001	,224,-904,-328
36:52.001	,216,-928,-336
36:52.001	,224,-912,-312
36:52.001	,240,-912,-312
36:52.001	,232,-912,-328
36:52.001	,216,-928,-304
36:52.001	,224,-904,-320
36:52.001	,224,-888,-352
36:52.001	,240,-896,-368
36:52.001	,232,-904,-368
36:52.001	,240,-928,-376
36:52.001	,224,-888,-336
36:52.001	,248,-904,-352
36:52.001	,224,-896,-376
36:52.001	,232,-912,-352
36:52.001	,224,-912,-336
36:52.001	,216,-920,-336
36:52.001	,232,-920,-344
36:52.001	,232,-904,-320
36:52.001	,224,-920,-320
36:53.073	,216,-920,-328
36:53.073	,240,-912,-368
36:53.073	,224,-920,-304
36:53.073	,232,-880,-344
36:53.073	,240,-904,-336
36:53.073	,232,-912,-352
36:53.073	,232,-912,-352
36:53.073	,224,-920,-352
36:53.073	,224,-880,-352
36:53.073	,216,-920,-344
36:53.073	,232,-912,-336
36:53.073	,232,-904,-328
36:53.073	,232,-920,-328
36:53.073	,224,-912,-336
36:53.073	,216,-928,-320
36:53.073	,216,-856,-288
36:53.073	,216,-880,-312
36:53.073	,224,-944,-320
36:53.073	,216,-904,-328
36:53.073	,224,-896,-360
36:53.073	,240,-880,-400
36:53.073	,264,-888,-392
36:53.073	,232,-880,-376
36:53.073	,240,-904,-376
36:53.073	,224,-888,-360
36:54.048	,224,-880,-376
36:54.048	,232,-912,-384
36:54.048	,224,-888,-384
36:54.048	,248,-888,-384
36:54.048	,224,-904,-392
36:54.048	,232,-904,-368
36:54.048	,224,-904,-352
36:54.048	,232,-896,-360
36:54.048	,216,-920,-352
36:54.048	,224,-888,-376
36:54.048	,240,-880,-328
36:54.048	,240,-896,-384
36:54.048	,232,-936,-344
36:54.048	,248,-888,-368
36:54.048	,216,-928,-344
36:54.048	,240,-864,-368
36:54.048	,240,-912,-376
36:54.048	,224,-888,-360
36:54.048	,240,-896,-384
36:54.048	,240,-904,-360
36:54.048	,232,-880,-384
36:54.048	,224,-896,-360
36:54.048	,248,-880,-376
36:54.048	,240,-888,-384
36:54.048	,224,-912,-368
36:55.021	,248,-896,-360
36:55.021	,232,-888,-328
36:55.021	,224,-872,-376
36:55.021	,208,-920,-344
36:55.021	,232,-880,-360
36:55.021	,248,-880,-392
36:55.021	,200,-912,-368
36:55.021	,232,-896,-360
36:55.021	,232,-904,-360
36:55.021	,232,-904,-368
36:55.021	,232,-896,-368
36:55.021	,232,-896,-360
36:55.021	,232,-912,-368
36:55.021	,232,-896,-368
36:55.021	,240,-912,-352
36:55.021	,232,-888,-368
36:55.021	,248,-888,-368
36:55.021	,224,-872,-336
36:55.021	,224,-904,-376
36:55.021	,224,-944,-336
36:55.021	,224,-888,-376
36:55.021	,224,-896,-368
36:55.021	,232,-896,-344
36:55.021	,224,-880,-352
36:55.021	,232,-888,-352
36:56.047	,224,-912,-344
36:56.047	,224,-888,-360
36:56.047	,232,-896,-360
36:56.047	,232,-904,-376
36:56.047	,224,-912,-344
36:56.047	,232,-904,-344
36:56.047	,224,-872,-304
36:56.047	,216,-872,-368
36:56.047	,216,-912,-352
36:56.047	,232,-912,-360
36:56.047	,224,-888,-352
36:56.047	,232,-896,-384
36:56.047	,224,-896,-360
36:56.047	,232,-904,-352
36:56.047	,232,-896,-352
36:56.047	,224,-904,-360
36:56.047	,232,-904,-368
36:56.047	,232,-896,-376
36:56.047	,240,-888,-376
36:56.047	,232,-888,-384
36:56.047	,240,-888,-376
36:56.047	,232,-896,-376
36:56.047	,232,-888,-384
36:56.047	,232,-872,-368
36:56.047	,240,-912,-384
36:57.069	,240,-880,-368
36:57.069	,240,-880,-384
36:57.069	,224,-912,-360
36:57.069	,240,-904,-360
36:57.069	,232,-896,-336
36:57.069	,224,-888,-360
36:57.069	,240,-944,-360
36:57.069	,216,-872,-360
36:57.069	,232,-912,-376
36:57.069	,240,-912,-360
36:57.069	,232,-896,-376
36:57.069	,240,-904,-344
36:57.069	,232,-928,-368
36:57.069	,232,-896,-352
36:57.069	,224,-896,-344
36:57.069	,232,-912,-336
36:57.069	,232,-928,-344
36:57.069	,240,-904,-320
36:57.069	,216,-920,-304
36:57.069	,216,-912,-320
36:57.069	,200,-936,-296
36:57.069	,208,-928,-304
36:57.069	,184,-984,-280
36:57.069	,224,-896,-296
36:57.069	,224,-912,-328
36:58.288	,232,-880,-368
36:58.288	,240,-896,-400
36:58.288	,240,-904,-400
36:58.288	,224,-904,-336
36:58.288	,224,-896,-368
36:58.288	,216,-888,-368
36:58.288	,224,-896,-408
36:58.288	,216,-920,-360
36:58.288	,216,-896,-352
36:58.288	,240,-904,-352
36:58.288	,224,-920,-360
36:58.288	,200,-960,-336
36:58.288	,232,-880,-368
36:58.288	,248,-888,-376
36:58.288	,208,-872,-344
36:58.288	,232,-888,-368
36:58.288	,240,-912,-352
36:58.288	,224,-904,-360
36:58.288	,232,-896,-368
36:58.288	,240,-912,-400
36:58.288	,224,-888,-360
36:58.288	,240,-864,-352
36:58.288	,224,-848,-376
36:58.288	,224,-936,-360
36:58.288	,248,-888,-408
36:59.069	,240,-880,-392
36:59.069	,240,-896,-360
36:59.069	,240,-896,-376
36:59.069	,224,-904,-352
36:59.069	,240,-888,-384
36:59.069	,248,-896,-392
36:59.069	,216,-920,-352
36:59.069	,216,-920,-320
36:59.069	,208,-920,-304
36:59.069	,240,-896,-320
36:59.069	,200,-976,-328
36:59.069	,192,-952,-296
36:59.069	,232,-896,-344
36:59.069	,256,-872,-392
36:59.069	,232,-904,-416
36:59.069	,224,-864,-344
36:59.069	,264,-848,-368
36:59.069	,248,-864,-368
36:59.069	,240,-880,-368
36:59.069	,232,-904,-376
36:59.069	,232,-920,-336
36:59.069	,240,-888,-352
36:59.069	,208,-896,-328
36:59.069	,256,-872,-328
36:59.069	,232,-904,-352
37:00.094	,248,-904,-360
37:00.094	,248,-872,-376
37:00.094	,248,-904,-368
37:00.094	,248,-888,-384
37:00.094	,248,-896,-400
37:00.094	,240,-888,-384
37:00.094	,232,-912,-352
37:00.094	,240,-880,-368
37:00.094	,240,-896,-376
37:00.094	,232,-888,-344
37:00.094	,256,-872,-384
37:00.094	,240,-920,-360
37:00.094	,248,-888,-384
37:00.094	,264,-872,-408
37:00.094	,224,-864,-384
37:00.094	,256,-880,-416
37:00.094	,240,-856,-408
37:00.094	,248,-912,-400
37:00.094	,240,-880,-392
37:00.094	,248,-872,-432
37:00.094	,224,-888,-392
37:00.094	,248,-904,-352
37:00.094	,248,-872,-392
37:00.094	,256,-888,-384
37:00.094	,240,-904,-368
37:01.066	,240,-880,-360
37:01.066	,224,-936,-352
37:01.066	,240,-888,-368
37:01.066	,232,-904,-368
37:01.066	,224,-920,-360
37:01.066	,232,-912,-352
37:01.066	,232,-888,-360
37:01.066	,232,-888,-352
37:01.066	,232,-888,-368
37:01.066	,224,-896,-384
37:01.066	,232,-896,-392
37:01.066	,240,-888,-392
37:01.066	,248,-888,-424
37:01.066	,240,-888,-392
37:01.066	,240,-880,-408
37:01.066	,248,-856,-408
37:01.066	,240,-880,-400
37:01.066	,240,-864,-416
37:01.066	,240,-880,-400
37:01.066	,248,-880,-432
37:01.066	,256,-848,-424
37:01.066	,248,-872,-416
37:01.066	,240,-872,-408
37:01.066	,248,-864,-424
37:01.066	,232,-880,-408
37:02.091	,248,-872,-408
37:02.091	,240,-888,-408
37:02.091	,240,-856,-416
37:02.091	,256,-872,-416
37:02.091	,248,-880,-400
37:02.091	,240,-864,-416
37:02.091	,232,-888,-376
37:02.091	,256,-880,-424
37:02.091	,248,-880,-408
37:02.091	,240,-864,-424
37:02.091	,248,-880,-408
37:02.091	,240,-880,-400
37:02.091	,232,-904,-408
37:02.091	,248,-880,-376
37:02.091	,232,-880,-400
37:02.091	,232,-896,-400
37:02.091	,232,-880,-400
37:02.091	,240,-912,-360
37:02.091	,256,-856,-384
37:02.091	,240,-888,-384
37:02.091	,224,-888,-392
37:02.091	,232,-896,-344
37:02.091	,224,-920,-320
37:02.091	,232,-904,-328
37:02.091	,208,-904,-304
37:03.113	,216,-944,-336
37:03.113	,216,-976,-312
37:03.113	,224,-920,-320
37:03.113	,232,-912,-336
37:03.113	,224,-904,-360
37:03.113	,240,-912,-360
37:03.113	,232,-880,-360
37:03.113	,240,-912,-344
37:03.113	,224,-896,-328
37:03.113	,216,-912,-352
37:03.113	,240,-904,-360
37:03.113	,240,-896,-352
37:03.113	,216,-960,-344
37:03.113	,224,-912,-344
37:03.113	,232,-896,-368
37:03.113	,232,-904,-360
37:03.113	,232,-912,-352
37:03.113	,224,-896,-336
37:03.113	,232,-904,-336
37:03.113	,240,-872,-368
37:03.113	,240,-928,-360
37:03.113	,248,-904,-368
37:03.113	,224,-920,-336
37:03.113	,240,-896,-328
37:03.113	,224,-912,-328
37:04.092	,224,-968,-312
37:04.092	,232,-936,-336
37:04.092	,232,-920,-328
37:04.092	,224,-896,-312
37:04.092	,232,-904,-328
37:04.092	,232,-856,-304
37:04.092	,240,-896,-344
37:04.092	,216,-944,-304
37:04.092	,248,-872,-368
37:04.092	,232,-904,-328
37:04.092	,224,-896,-320
37:04.092	,224,-912,-352
37:04.092	,224,-928,-336
37:04.092	,224,-888,-328
37:04.092	,232,-904,-352
37:04.092	,224,-928,-312
37:04.092	,224,-872,-360
37:04.092	,240,-928,-344
37:04.092	,232,-896,-312
37:04.092	,224,-896,-336
37:04.092	,224,-912,-304
37:04.092	,248,-880,-368
37:04.092	,240,-920,-344
37:04.092	,216,-920,-320
37:04.092	,240,-872,-360
