14:24.348	,448,-544,-720
14:24.348	,432,-536,-680
14:24.348	,488,-592,-720
14:24.348	,432,-560,-696
14:24.348	,432,-520,-704
14:24.348	,448,-528,-728
14:24.348	,448,-560,-704
14:24.348	,448,-520,-728
14:24.348	,448,-504,-744
14:24.348	,456,-488,-736
14:24.348	,464,-496,-760
14:24.348	,440,-496,-736
14:24.348	,440,-504,-728
14:24.348	,448,-488,-752
14:24.348	,432,-480,-752
14:24.348	,432,-480,-736
14:24.348	,440,-464,-768
14:24.348	,424,-472,-744
14:24.348	,432,-472,-752
14:24.348	,448,-464,-760
14:24.348	,432,-480,-744
14:24.348	,440,-488,-744
14:24.348	,448,-496,-736
14:24.348	,424,-488,-744
14:24.348	,440,-456,-768
14:25.274	,432,-496,-736
14:25.274	,440,-472,-752
14:25.274	,448,-472,-768
14:25.274	,448,-488,-736
14:25.274	,432,-512,-736
14:25.274	,424,-488,-752
14:25.274	,440,-496,-752
14:25.274	,448,-504,-736
14:25.274	,440,-496,-760
14:25.274	,440,-504,-736
14:25.274	,448,-488,-736
14:25.274	,456,-504,-728
14:25.274	,456,-504,-744
14:25.274	,456,-504,-728
14:25.274	,464,-496,-736
14:25.274	,424,-512,-720
14:25.274	,440,-488,-736
14:25.274	,448,-512,-736
14:25.274	,448,-496,-728
14:25.274	,456,-480,-728
14:25.274	,440,-512,-744
14:25.274	,440,-496,-728
14:25.274	,432,-488,-736
14:25.274	,448,-496,-744
14:25.274	,448,-528,-736
14:26.297	,448,-504,-728
14:26.297	,440,-504,-728
14:26.297	,448,-504,-728
14:26.297	,448,-496,-728
14:26.297	,448,-504,-704
14:26.297	,448,-528,-720
14:26.297	,456,-528,-768
14:26.297	,440,-512,-744
14:26.297	,440,-528,-704
14:26.297	,440,-528,-736
14:26.297	,424,-536,-712
14:26.297	,448,-520,-712
14:26.297	,448,-528,-728
14:26.297	,448,-544,-728
14:26.297	,448,-512,-728
14:26.297	,432,-536,-720
14:26.297	,448,-544,-744
14:26.297	,448,-512,-696
14:26.297	,440,-504,-720
14:26.297	,456,-496,-728
14:26.297	,456,-496,-736
14:26.297	,464,-488,-720
14:26.297	,448,-520,-712
14:26.297	,448,-536,-712
14:26.297	,464,-528,-720
14:27.321	,464,-536,-720
14:27.321	,464,-544,-672
14:27.321	,432,-528,-680
14:27.321	,480,-544,-728
14:27.321	,464,-512,-704
14:27.321	,472,-512,-720
14:27.321	,464,-528,-712
14:27.321	,464,-536,-704
14:27.321	,456,-520,-720
14:27.321	,448,-512,-712
14:27.321	,456,-496,-728
14:27.321	,456,-496,-728
14:27.321	,472,-512,-728
14:27.321	,464,-520,-720
14:27.321	,440,-520,-728
14:27.321	,448,-496,-744
14:27.321	,456,-496,-728
14:27.321	,448,-488,-712
14:27.321	,464,-568,-720
14:27.321	,472,-512,-728
14:27.321	,448,-488,-704
14:27.321	,488,-504,-728
14:27.321	,472,-512,-712
14:27.321	,480,-512,-728
14:27.321	,440,-496,-736
14:28.346	,408,-512,-688
14:28.346	,424,-584,-664
14:28.346	,488,-808,-576
14:28.346	,464,-696,-584
14:28.346	,496,-728,-680
14:28.346	,512,-768,-696
14:28.346	,592,-984,-680
14:28.346	,544,-720,-360
14:28.346	,752,-872,-88
14:28.346	,944,-640,-64
14:28.346	,816,-576,16
14:28.346	,560,-336,336
14:28.346	,448,-296,472
14:28.346	,296,-488,488
14:28.346	,112,-632,568
14:28.346	,-112,-680,744
14:28.346	,-8,-1240,608
14:28.346	,-24,-888,592
14:28.346	,88,-744,488
14:28.346	,336,-888,536
14:28.346	,216,-704,816
14:28.346	,8,-664,920
14:28.346	,-32,-696,784
14:28.346	,248,-800,584
14:28.346	,408,-936,560
14:29.322	,320,-920,480
14:29.322	,-360,-384,800
14:29.322	,8,-1064,496
14:29.322	,80,-736,544
14:29.322	,24,-816,408
14:29.322	,-120,-752,384
14:29.322	,-248,-568,488
14:29.322	,-216,-704,480
14:29.322	,-232,-704,416
14:29.322	,-168,-816,448
14:29.322	,-144,-968,256
14:29.322	,-136,-712,40
14:29.322	,-208,-1000,-32
14:29.322	,-216,-744,-120
14:29.322	,-368,-1416,-280
14:29.322	,-400,-872,-272
14:29.322	,-672,-1064,-416
14:29.322	,-880,-1008,-264
14:29.322	,-904,-1200,-192
14:29.322	,-912,-800,-296
14:29.322	,-832,-752,-200
14:29.322	,-904,-632,8
14:29.322	,-936,-720,16
14:29.322	,-920,-736,-24
14:29.322	,-888,-760,-24
14:30.346	,-824,-648,0
14:30.346	,-864,-600,16
14:30.346	,-1000,-560,-32
14:30.346	,-1144,-528,-64
14:30.346	,-1000,-472,-120
14:30.346	,-936,-480,-96
14:30.346	,-856,-472,-104
14:30.346	,-760,-472,-120
14:30.346	,-856,-496,-112
14:30.346	,-832,-464,-144
14:30.346	,-824,-504,-120
14:30.346	,-856,-488,-96
14:30.346	,-896,-536,-72
14:30.346	,-960,-568,-56
14:30.346	,-928,-552,-32
14:30.346	,-848,-552,-40
14:30.346	,-800,-568,-40
14:30.346	,-872,-632,-72
14:30.346	,-960,-624,-104
14:30.346	,-944,-632,-88
14:30.346	,-872,-616,-48
14:30.346	,-768,-616,-8
14:30.346	,-752,-560,-40
14:30.346	,-800,-504,-32
14:30.346	,-840,-560,-32
14:31.322	,-936,-656,-16
14:31.322	,-976,-712,72
14:31.322	,-888,-688,160
14:31.322	,-872,-688,312
14:31.322	,-960,-376,424
14:31.322	,-904,-336,152
14:31.322	,-872,-504,80
14:31.322	,-832,-496,24
14:31.322	,-808,-552,-32
14:31.322	,-784,-504,-40
14:31.322	,-848,-512,0
14:31.322	,-816,-472,0
14:31.322	,-840,-488,32
14:31.322	,-864,-512,16
14:31.322	,-960,-576,24
14:31.322	,-920,-552,16
14:31.322	,-896,-552,24
14:31.322	,-944,-552,8
14:31.322	,-968,-536,8
14:31.322	,-928,-496,-8
14:31.322	,-912,-496,-48
14:31.322	,-960,-488,-72
14:31.322	,-968,-488,-128
14:31.322	,-880,-480,-160
14:31.322	,-840,-496,-168
14:32.392	,-888,-512,-168
14:32.392	,-880,-504,-192
14:32.392	,-888,-528,-176
14:32.392	,-880,-536,-208
14:32.392	,-832,-544,-224
14:32.392	,-800,-600,-232
14:32.392	,-760,-624,-248
14:32.392	,-752,-680,-264
14:32.392	,-712,-712,-216
14:32.392	,-712,-752,-192
14:32.392	,-680,-792,-152
14:32.392	,-688,-824,-120
14:32.392	,-768,-776,-112
14:32.392	,-840,-768,-64
14:32.392	,-904,-744,-32
14:32.392	,-992,-720,-16
14:32.392	,-1032,-704,-8
14:32.392	,-968,-672,40
14:32.392	,-896,-552,32
14:32.392	,-824,-472,0
14:32.392	,-896,-368,-32
14:32.392	,-992,-352,-56
14:32.392	,-1000,-384,-64
14:32.392	,-960,-400,16
14:32.392	,-840,-432,40
14:33.369	,-760,-480,-16
14:33.369	,-864,-552,-32
14:33.369	,-880,-632,-40
14:33.369	,-864,-664,-16
14:33.369	,-792,-656,32
14:33.369	,-752,-608,24
14:33.369	,-880,-640,8
14:33.369	,-904,-664,8
14:33.369	,-992,-672,8
14:33.369	,-1072,-736,8
14:33.369	,-960,-680,24
14:33.369	,-880,-640,16
14:33.369	,-864,-496,-24
14:33.369	,-856,-440,-72
14:33.369	,-920,-408,-144
14:33.369	,-936,-392,-192
14:33.369	,-928,-384,-200
14:33.369	,-912,-320,-200
14:33.369	,-936,-368,-160
14:33.369	,-968,-376,-200
14:33.369	,-920,-440,-184
14:33.369	,-872,-464,-152
14:33.369	,-872,-512,-160
14:33.369	,-856,-544,-136
14:33.369	,-856,-544,-104
14:34.344	,-896,-544,-72
14:34.344	,-944,-560,-80
14:34.344	,-896,-552,-48
14:34.344	,-912,-624,-48
14:34.344	,-920,-632,-48
14:34.344	,-896,-632,-48
14:34.344	,-808,-560,-48
14:34.344	,-736,-552,-64
14:34.344	,-768,-528,-80
14:34.344	,-896,-536,-112
14:34.344	,-968,-528,-120
14:34.344	,-976,-528,-136
14:34.344	,-976,-536,-152
14:34.344	,-928,-528,-120
14:34.344	,-896,-504,-120
14:34.344	,-856,-496,-96
14:34.344	,-816,-480,-104
14:34.344	,-824,-472,-48
14:34.344	,-904,-488,24
14:34.344	,-1000,-688,136
14:34.344	,-840,-544,8
14:34.344	,-776,-544,-104
14:34.344	,-752,-560,-128
14:34.344	,-752,-568,-168
14:34.344	,-768,-600,-152
14:35.415	,-848,-752,-160
14:35.415	,-1000,-864,-152
14:35.415	,-1144,-752,-200
14:35.415	,-1168,-776,-248
14:35.415	,-1040,-672,-216
14:35.415	,-808,-536,-224
14:35.415	,-808,-440,-200
14:35.415	,-688,-400,-184
14:35.415	,-736,-432,-168
14:35.415	,-792,-432,-192
14:35.415	,-784,-440,-160
14:35.415	,-800,-448,-144
14:35.415	,-800,-480,-144
14:35.415	,-792,-496,-120
14:35.415	,-792,-488,-88
14:35.415	,-800,-504,-88
14:35.415	,-824,-512,-96
14:35.415	,-872,-512,-104
14:35.415	,-872,-504,-96
14:35.415	,-864,-520,-104
14:35.415	,-888,-528,-120
14:35.415	,-880,-544,-128
14:35.415	,-920,-568,-136
14:35.415	,-992,-592,-128
14:35.415	,-1064,-648,-136
14:36.391	,-1288,-680,-144
14:36.391	,-1384,-648,-152
14:36.391	,-1144,-632,-72
14:36.391	,-816,-480,-32
14:36.391	,-712,-400,-8
14:36.391	,-800,-376,-40
14:36.391	,-888,-392,-56
14:36.391	,-896,-392,-80
14:36.391	,-800,-376,-56
14:36.391	,-776,-376,-48
14:36.391	,-760,-392,-24
14:36.391	,-752,-416,-8
14:36.391	,-736,-432,0
14:36.391	,-784,-488,0
14:36.391	,-864,-520,-32
14:36.391	,-864,-544,-8
14:36.391	,-864,-536,-32
14:36.391	,-832,-560,-40
14:36.391	,-832,-560,-40
14:36.391	,-848,-616,-32
14:36.391	,-872,-648,-16
14:36.391	,-880,-648,-32
14:36.391	,-904,-632,-48
14:36.391	,-992,-640,-48
14:36.391	,-1008,-600,-80
14:37.415	,-1120,-616,-88
14:37.415	,-1144,-616,-80
14:37.415	,-1056,-536,-72
14:37.415	,-808,-480,-48
14:37.415	,-848,-464,-32
14:37.415	,-792,-448,-88
14:37.415	,-864,-360,-96
14:37.415	,-888,-344,-88
14:37.415	,-848,-360,-104
14:37.415	,-824,-360,-120
14:37.415	,-792,-376,-96
14:37.415	,-840,-424,-112
14:37.415	,-856,-424,-144
14:37.415	,-824,-464,-136
14:37.415	,-872,-472,-120
14:37.415	,-896,-512,-168
14:37.415	,-888,-512,-144
14:37.415	,-912,-520,-160
14:37.415	,-904,-528,-152
14:37.415	,-880,-528,-160
14:37.415	,-856,-528,-120
14:37.415	,-848,-536,-112
14:37.415	,-880,-552,-136
14:37.415	,-968,-568,-112
14:37.415	,-1008,-568,-136
14:38.390	,-1008,-600,-128
14:38.390	,-1096,-624,-120
14:38.390	,-1152,-640,-128
14:38.390	,-1200,-632,-136
14:38.390	,-992,-520,-112
14:38.390	,-816,-456,-64
14:38.390	,-808,-416,-56
14:38.390	,-824,-384,-88
14:38.390	,-912,-352,-80
14:38.390	,-872,-344,-88
14:38.390	,-832,-336,-48
14:38.390	,-848,-384,-80
14:38.390	,-768,-440,-56
14:38.390	,-744,-456,-24
14:38.390	,-784,-488,-48
14:38.390	,-856,-536,-48
14:38.390	,-848,-544,-16
14:38.390	,-800,-560,-16
14:38.390	,-784,-576,-40
14:38.390	,-776,-584,-24
14:38.390	,-824,-584,-48
14:38.390	,-872,-600,-40
14:38.390	,-896,-648,-8
14:38.390	,-928,-640,8
14:38.390	,-920,-640,16
14:39.413	,-976,-624,8
14:39.413	,-1152,-608,-32
14:39.413	,-1168,-616,-40
14:39.413	,-1136,-600,-24
14:39.413	,-1000,-488,-8
14:39.413	,-784,-440,-40
14:39.413	,-800,-360,-88
14:39.413	,-808,-368,-112
14:39.413	,-888,-376,-160
14:39.413	,-912,-360,-176
14:39.413	,-888,-360,-168
14:39.413	,-808,-376,-136
14:39.413	,-800,-392,-112
14:39.413	,-800,-424,-112
14:39.413	,-792,-448,-104
14:39.413	,-824,-488,-88
14:39.413	,-848,-504,-96
14:39.413	,-880,-536,-96
14:39.413	,-896,-560,-72
14:39.413	,-896,-568,-72
14:39.413	,-896,-528,-80
14:39.413	,-848,-520,-80
14:39.413	,-864,-552,-80
14:39.413	,-864,-528,-88
14:39.413	,-888,-552,-104
14:40.437	,-960,-560,-136
14:40.437	,-1040,-592,-136
14:40.437	,-1120,-616,-144
14:40.437	,-1232,-592,-128
14:40.437	,-1104,-592,-88
14:40.437	,-1064,-528,-40
14:40.437	,-896,-416,-8
14:40.437	,-832,-360,56
14:40.437	,-888,-392,48
14:40.437	,-896,-368,32
14:40.437	,-856,-368,40
14:40.437	,-808,-352,24
14:40.437	,-784,-416,-8
14:40.437	,-784,-456,-8
14:40.437	,-800,-496,0
14:40.437	,-792,-544,-8
14:40.437	,-784,-544,-8
14:40.437	,-808,-544,0
14:40.437	,-816,-528,-16
14:40.437	,-832,-528,-16
14:40.437	,-848,-560,-8
14:40.437	,-832,-568,8
14:40.437	,-840,-576,16
14:40.437	,-856,-600,24
14:40.437	,-872,-576,32
14:41.413	,-904,-560,-8
14:41.413	,-976,-552,-16
14:41.413	,-1048,-560,-24
14:41.413	,-1072,-576,16
14:41.413	,-1024,-520,24
14:41.413	,-1056,-552,16
14:41.413	,-1040,-576,-32
14:41.413	,-944,-488,-40
14:41.413	,-904,-512,-56
14:41.413	,-856,-472,-72
14:41.413	,-808,-440,-88
14:41.413	,-824,-424,-80
14:41.413	,-784,-448,-88
14:41.413	,-760,-424,-96
14:41.413	,-792,-432,-88
14:41.413	,-792,-456,-112
14:41.413	,-824,-448,-112
14:41.413	,-840,-464,-104
14:41.413	,-816,-472,-104
14:41.413	,-824,-480,-96
14:41.413	,-888,-488,-96
14:41.413	,-896,-528,-120
14:41.413	,-896,-528,-96
14:41.413	,-928,-544,-88
14:41.413	,-928,-568,-80
14:42.437	,-936,-560,-72
14:42.437	,-896,-544,-96
14:42.437	,-904,-576,-80
14:42.437	,-904,-568,-80
14:42.437	,-968,-600,-88
14:42.437	,-1000,-608,-88
14:42.437	,-1048,-640,-96
14:42.437	,-1128,-624,-88
14:42.437	,-1048,-600,-56
14:42.437	,-912,-520,-48
14:42.437	,-808,-504,-24
14:42.437	,-928,-512,-40
14:42.437	,-1008,-480,-80
14:42.437	,-992,-464,-72
14:42.437	,-928,-440,-64
14:42.437	,-848,-432,-48
14:42.437	,-792,-440,-32
14:42.437	,-760,-440,-8
14:42.437	,-680,-424,24
14:42.437	,-696,-456,32
14:42.437	,-752,-472,24
14:42.437	,-800,-488,0
14:42.437	,-832,-528,-8
14:42.437	,-856,-552,-24
14:42.437	,-864,-560,-16
14:43.459	,-896,-568,0
14:43.459	,-896,-576,-8
14:43.459	,-864,-592,-16
14:43.459	,-872,-600,-16
14:43.459	,-840,-600,8
14:43.459	,-824,-616,-8
14:43.459	,-888,-616,8
14:43.459	,-960,-632,16
14:43.459	,-1008,-624,24
14:43.459	,-1064,-632,16
14:43.459	,-1160,-600,0
14:43.459	,-1192,-576,8
14:43.459	,-1112,-504,16
14:43.459	,-904,-392,16
14:43.459	,-832,-344,-16
14:43.459	,-856,-360,-64
14:43.459	,-864,-344,-104
14:43.459	,-880,-368,-136
14:43.459	,-864,-408,-112
14:43.459	,-784,-392,-120
14:43.459	,-776,-384,-120
14:43.459	,-800,-384,-104
14:43.459	,-784,-416,-96
14:43.459	,-824,-432,-104
14:43.459	,-864,-480,-120
14:44.434	,-888,-496,-104
14:44.434	,-944,-512,-112
14:44.434	,-904,-520,-104
14:44.434	,-888,-528,-96
14:44.434	,-856,-528,-88
14:44.434	,-880,-552,-104
14:44.434	,-920,-536,-112
14:44.434	,-944,-552,-104
14:44.434	,-968,-544,-120
14:44.434	,-968,-536,-112
14:44.434	,-968,-560,-112
14:44.434	,-992,-568,-120
14:44.434	,-1040,-536,-120
14:44.434	,-1112,-616,-112
14:44.434	,-1256,-608,-136
14:44.434	,-1144,-608,-96
14:44.434	,-984,-536,-48
14:44.434	,-832,-464,-8
14:44.434	,-856,-408,-32
14:44.434	,-896,-352,-24
14:44.434	,-904,-328,-40
14:44.434	,-816,-384,-48
14:44.434	,-744,-408,-64
14:44.434	,-752,-424,-80
14:44.434	,-704,-440,-40
14:45.459	,-664,-480,8
14:45.459	,-744,-528,8
14:45.459	,-824,-592,16
14:45.459	,-888,-600,32
14:45.459	,-880,-616,56
14:45.459	,-864,-616,40
14:45.459	,-856,-592,32
14:45.459	,-856,-592,24
14:45.459	,-816,-592,8
14:45.459	,-800,-600,8
14:45.459	,-784,-584,16
14:45.459	,-808,-600,16
14:45.459	,-856,-608,16
14:45.459	,-872,-608,32
14:45.459	,-896,-600,24
14:45.459	,-968,-616,24
14:45.459	,-952,-600,-16
14:45.459	,-1016,-608,-40
14:45.459	,-872,-520,-48
14:45.459	,-856,-520,-72
14:45.459	,-864,-504,-80
14:45.459	,-864,-496,-96
14:45.459	,-888,-504,-128
14:45.459	,-888,-496,-136
14:45.459	,-904,-496,-152
14:46.482	,-896,-464,-120
14:46.482	,-864,-456,-128
14:46.482	,-872,-488,-128
14:46.482	,-856,-488,-112
14:46.482	,-864,-512,-104
14:46.482	,-888,-536,-88
14:46.482	,-856,-560,-88
14:46.482	,-896,-568,-80
14:46.482	,-912,-560,-72
14:46.482	,-896,-528,-80
14:46.482	,-920,-520,-80
14:46.482	,-896,-512,-80
14:46.482	,-896,-496,-80
14:46.482	,-920,-504,-88
14:46.482	,-936,-536,-120
14:46.482	,-944,-520,-120
14:46.482	,-944,-520,-144
14:46.482	,-928,-512,-120
14:46.482	,-888,-488,-112
14:46.482	,-920,-504,-128
14:46.482	,-976,-512,-136
14:46.482	,-856,-504,-96
14:46.482	,-768,-488,-40
14:46.482	,-720,-528,-24
14:46.482	,-768,-512,0
14:47.458	,-800,-648,0
14:47.458	,-888,-592,32
14:47.458	,-936,-688,32
14:47.458	,-936,-696,40
14:47.458	,-920,-664,16
14:47.458	,-872,-632,24
14:47.458	,-824,-608,24
14:47.458	,-832,-584,0
14:47.458	,-840,-608,-8
14:47.458	,-888,-568,-32
14:47.458	,-872,-544,-40
14:47.458	,-872,-528,-64
14:47.458	,-872,-504,-64
14:47.458	,-840,-488,-72
14:47.458	,-848,-488,-64
14:47.458	,-864,-488,-56
14:47.458	,-864,-520,-32
14:47.458	,-872,-544,0
14:47.458	,-904,-592,40
14:47.458	,-936,-592,48
14:47.458	,-856,-536,40
14:47.458	,-824,-544,40
14:47.458	,-872,-528,8
14:47.458	,-920,-536,-48
14:47.458	,-928,-552,-48
14:48.482	,-856,-504,-56
14:48.482	,-800,-496,-56
14:48.482	,-840,-496,-64
14:48.482	,-920,-520,-112
14:48.482	,-952,-528,-144
14:48.482	,-928,-536,-120
14:48.482	,-864,-536,-120
14:48.482	,-840,-536,-88
14:48.482	,-832,-528,-88
14:48.482	,-856,-560,-88
14:48.482	,-888,-560,-72
14:48.482	,-880,-552,-64
14:48.482	,-880,-552,-56
14:48.482	,-848,-544,-48
14:48.482	,-776,-512,-32
14:48.482	,-704,-472,-32
14:48.482	,-672,-440,-24
14:48.482	,-672,-432,-40
14:48.482	,-704,-448,-56
14:48.482	,-728,-440,-72
14:48.482	,-816,-464,-88
14:48.482	,-760,-464,-80
14:48.482	,-1000,-600,-56
14:48.482	,-1264,-664,-72
14:48.482	,-1208,-664,16
14:49.505	,-1144,-680,40
14:49.505	,-1008,-656,48
14:49.505	,-960,-536,32
14:49.505	,-896,-488,24
14:49.505	,-816,-520,-24
14:49.505	,-848,-536,-48
14:49.505	,-832,-536,-48
14:49.505	,-848,-544,-24
14:49.505	,-864,-536,-24
14:49.505	,-816,-520,-8
14:49.505	,-840,-544,-16
14:49.505	,-840,-568,0
14:49.505	,-848,-584,-24
14:49.505	,-840,-568,-16
14:49.505	,-792,-536,-24
14:49.505	,-760,-496,-32
14:49.505	,-752,-504,-16
14:49.505	,-760,-496,-16
14:49.505	,-712,-472,0
14:49.505	,-760,-528,0
14:49.505	,-752,-504,0
14:49.505	,-792,-528,-24
14:49.505	,-904,-544,-24
14:49.505	,-1040,-608,-40
14:49.505	,-1232,-640,-56
14:50.481	,-1280,-688,-72
14:50.481	,-1080,-608,-56
14:50.481	,-856,-544,-32
14:50.481	,-848,-568,-32
14:50.481	,-856,-568,-24
14:50.481	,-856,-528,-40
14:50.481	,-864,-520,-48
14:50.481	,-896,-504,-48
14:50.481	,-880,-472,-72
14:50.481	,-840,-472,-88
14:50.481	,-856,-480,-96
14:50.481	,-904,-504,-104
14:50.481	,-960,-488,-96
14:50.481	,-920,-496,-88
14:50.481	,-888,-504,-72
14:50.481	,-888,-512,-72
14:50.481	,-872,-528,-56
14:50.481	,-864,-544,-56
14:50.481	,-872,-536,-56
14:50.481	,-856,-552,-48
14:50.481	,-856,-528,-48
14:50.481	,-832,-528,-56
14:50.481	,-816,-528,-80
14:50.481	,-784,-512,-80
14:50.481	,-704,-472,-64
14:51.504	,-640,-456,-72
14:51.504	,-648,-472,-72
14:51.504	,-720,-504,-80
14:51.504	,-856,-536,-88
14:51.504	,-768,-512,-48
14:51.504	,-1208,-704,-32
14:51.504	,-1320,-688,-40
14:51.504	,-1040,-600,64
14:51.504	,-960,-584,56
14:51.504	,-1088,-600,-16
14:51.504	,-1120,-472,-32
14:51.504	,-936,-464,-32
14:51.504	,-856,-464,-32
14:51.504	,-856,-440,-48
14:51.504	,-872,-440,-56
14:51.504	,-848,-472,-24
14:51.504	,-824,-504,-40
14:51.504	,-840,-528,-16
14:51.504	,-856,-536,24
14:51.504	,-840,-552,24
14:51.504	,-840,-600,0
14:51.504	,-848,-608,8
14:51.504	,-872,-584,8
14:51.504	,-840,-568,-16
14:51.504	,-800,-552,-40
14:52.527	,-784,-552,-48
14:52.527	,-760,-512,-40
14:52.527	,-768,-512,-56
14:52.527	,-736,-504,-48
14:52.527	,-808,-504,-16
14:52.527	,-760,-496,-24
14:52.527	,-792,-520,-16
14:52.527	,-840,-520,-8
14:52.527	,-824,-528,-8
14:52.527	,-1128,-616,-40
14:52.527	,-1232,-664,-64
14:52.527	,-1176,-616,-72
14:52.527	,-1104,-592,-72
14:52.527	,-952,-544,-56
14:52.527	,-872,-496,-24
14:52.527	,-848,-528,-32
14:52.527	,-840,-520,-48
14:52.527	,-888,-488,-56
14:52.527	,-872,-496,-64
14:52.527	,-864,-496,-80
14:52.527	,-832,-488,-80
14:52.527	,-856,-496,-64
14:52.527	,-872,-496,-72
14:52.527	,-896,-512,-72
14:52.527	,-896,-520,-72
14:53.503	,-824,-520,-48
14:53.503	,-840,-536,-48
14:53.503	,-800,-528,-24
14:53.503	,-792,-536,-40
14:53.503	,-776,-520,-32
14:53.503	,-728,-512,-48
14:53.503	,-720,-504,-48
14:53.503	,-688,-496,-48
14:53.503	,-696,-496,-64
14:53.503	,-680,-496,-64
14:53.503	,-712,-504,-56
14:53.503	,-1160,-656,-104
14:53.503	,-1368,-704,-104
14:53.503	,-1312,-672,-32
14:53.503	,-1176,-688,24
14:53.503	,-904,-632,72
14:53.503	,-912,-440,72
14:53.503	,-904,-464,24
14:53.503	,-856,-480,-8
14:53.503	,-832,-480,-32
14:53.503	,-832,-504,-32
14:53.503	,-864,-504,-56
14:53.503	,-880,-504,-32
14:53.503	,-888,-512,-32
14:53.503	,-872,-536,-32
14:54.526	,-872,-544,-40
14:54.526	,-872,-552,-48
14:54.526	,-856,-568,-32
14:54.526	,-856,-568,-32
14:54.526	,-848,-576,-32
14:54.526	,-824,-576,-32
14:54.526	,-816,-576,-40
14:54.526	,-776,-544,-32
14:54.526	,-768,-528,-32
14:54.526	,-744,-528,-24
14:54.526	,-744,-512,-8
14:54.526	,-712,-496,-8
14:54.526	,-776,-512,-16
14:54.526	,-760,-480,8
14:54.526	,-736,-496,-8
14:54.526	,-912,-552,-40
14:54.526	,-1208,-624,-64
14:54.526	,-1264,-648,-80
14:54.526	,-1152,-600,-88
14:54.526	,-1008,-584,-48
14:54.526	,-1016,-552,-40
14:54.526	,-936,-544,-48
14:54.526	,-832,-544,-48
14:54.526	,-840,-536,-40
14:54.526	,-832,-528,-56
14:55.550	,-840,-464,-64
14:55.550	,-864,-504,-88
14:55.550	,-856,-520,-104
14:55.550	,-872,-520,-104
14:55.550	,-880,-504,-96
14:55.550	,-888,-536,-104
14:55.550	,-912,-520,-88
14:55.550	,-880,-552,-88
14:55.550	,-872,-536,-48
14:55.550	,-816,-536,-48
14:55.550	,-768,-552,-16
14:55.550	,-752,-520,-24
14:55.550	,-712,-520,-16
14:55.550	,-696,-512,-64
14:55.550	,-680,-480,-80
14:55.550	,-712,-496,-112
14:55.550	,-760,-480,-120
14:55.550	,-744,-528,-128
14:55.550	,-752,-496,-88
14:55.550	,-1064,-632,-136
14:55.550	,-1272,-656,-128
14:55.550	,-1304,-720,-88
14:55.550	,-1232,-720,0
14:55.550	,-920,-624,96
14:55.550	,-856,-448,96
14:56.526	,-928,-456,8
14:56.526	,-984,-448,-40
14:56.526	,-928,-488,-32
14:56.526	,-840,-496,-24
14:56.526	,-856,-496,-24
14:56.526	,-872,-480,-40
14:56.526	,-832,-472,-16
14:56.526	,-808,-528,-16
14:56.526	,-792,-536,-8
14:56.526	,-880,-536,-16
14:56.526	,-920,-592,-8
14:56.526	,-920,-584,-8
14:56.526	,-912,-560,-40
14:56.526	,-888,-568,-24
14:56.526	,-864,-552,-40
14:56.526	,-832,-552,-40
14:56.526	,-792,-544,-32
14:56.526	,-768,-544,-32
14:56.526	,-720,-512,-8
14:56.526	,-680,-496,16
14:56.526	,-688,-488,16
14:56.526	,-680,-472,32
14:56.526	,-744,-488,8
14:56.526	,-800,-472,0
14:56.526	,-800,-464,8
14:57.549	,-856,-512,-16
14:57.549	,-1048,-592,-56
14:57.549	,-1152,-640,-80
14:57.549	,-1240,-648,-96
14:57.549	,-1304,-664,-120
14:57.549	,-1216,-632,-104
14:57.549	,-928,-520,-56
14:57.549	,-744,-520,-32
14:57.549	,-744,-480,-32
14:57.549	,-752,-456,-48
14:57.549	,-816,-464,-64
14:57.549	,-920,-480,-104
14:57.549	,-928,-480,-136
14:57.549	,-856,-480,-112
14:57.549	,-808,-488,-104
14:57.549	,-800,-488,-104
14:57.549	,-928,-528,-96
14:57.549	,-1088,-560,-136
14:57.549	,-912,-576,-72
14:57.549	,-912,-584,-56
14:57.549	,-920,-600,-64
14:57.549	,-880,-592,-32
14:57.549	,-880,-544,-48
14:57.549	,-832,-560,-40
14:57.549	,-784,-544,-48
14:58.622	,-736,-480,-48
14:58.622	,-584,-432,-56
14:58.622	,-536,-384,-40
14:58.622	,-496,-376,-72
14:58.622	,-496,-368,-72
14:58.622	,-672,-416,-112
14:58.622	,-952,-560,-112
14:58.622	,-1496,-672,-152
14:58.622	,-1376,-736,-48
14:58.622	,-1456,-800,24
14:58.622	,-1008,-656,112
14:58.622	,-1024,-464,80
14:58.622	,-1016,-424,40
14:58.622	,-968,-432,24
14:58.622	,-840,-440,24
14:58.622	,-776,-440,32
14:58.622	,-800,-448,0
14:58.622	,-856,-488,-16
14:58.622	,-840,-496,-32
14:58.622	,-800,-496,-32
14:58.622	,-872,-528,-40
14:58.622	,-928,-568,-64
14:58.622	,-1024,-560,-72
14:58.622	,-896,-552,-48
14:58.622	,-920,-536,-72
14:59.548	,-920,-544,-72
14:59.548	,-864,-536,-40
14:59.548	,-776,-536,-24
14:59.548	,-752,-528,0
14:59.548	,-720,-512,0
14:59.548	,-704,-512,-24
14:59.548	,-704,-512,-8
14:59.548	,-664,-488,24
14:59.548	,-704,-504,24
14:59.548	,-696,-488,32
14:59.548	,-760,-520,16
14:59.548	,-808,-504,24
14:59.548	,-976,-632,-24
14:59.548	,-1368,-656,-96
14:59.548	,-1496,-744,-144
14:59.548	,-1320,-688,-144
14:59.548	,-1016,-632,-96
14:59.548	,-880,-536,-48
14:59.548	,-760,-496,-40
14:59.548	,-664,-472,-16
14:59.548	,-704,-456,-64
14:59.548	,-792,-456,-72
14:59.548	,-880,-464,-104
14:59.548	,-960,-496,-136
14:59.548	,-912,-520,-144
15:00.572	,-840,-544,-96
15:00.572	,-840,-536,-72
15:00.572	,-848,-568,-56
15:00.572	,-840,-552,-48
15:00.572	,-960,-616,-72
15:00.572	,-1008,-624,-72
15:00.572	,-1096,-624,-56
15:00.572	,-960,-632,-24
15:00.572	,-752,-584,24
15:00.572	,-680,-528,32
15:00.572	,-848,-504,0
15:00.572	,-1008,-504,-32
15:00.572	,-1008,-512,-24
15:00.572	,-912,-480,-16
15:00.572	,-848,-416,8
15:00.572	,-808,-376,8
15:00.572	,-824,-408,8
15:00.572	,-840,-512,0
15:00.572	,-824,-536,8
15:00.572	,-832,-568,0
15:00.572	,-832,-568,0
15:00.572	,-832,-544,-8
15:00.572	,-824,-584,-24
15:00.572	,-864,-600,-40
15:00.572	,-960,-648,-48
15:01.595	,-1048,-656,-64
15:01.595	,-1112,-680,-72
15:01.595	,-992,-632,-40
15:01.595	,-856,-600,-24
15:01.595	,-736,-544,-24
15:01.595	,-824,-520,-32
15:01.595	,-1008,-496,-56
15:01.595	,-1040,-472,-72
15:01.595	,-1008,-440,-104
15:01.595	,-928,-400,-80
15:01.595	,-864,-416,-80
15:01.595	,-904,-376,-80
15:01.595	,-832,-408,-48
15:01.595	,-840,-432,-48
15:01.595	,-880,-496,-64
15:01.595	,-880,-512,-72
15:01.595	,-856,-528,-56
15:01.595	,-808,-552,-40
15:01.595	,-800,-568,-32
15:01.595	,-904,-584,-64
15:01.595	,-912,-600,-80
15:01.595	,-896,-616,-72
15:01.595	,-928,-624,-96
15:01.595	,-928,-624,-96
15:01.595	,-888,-592,-80
15:02.570	,-952,-624,-112
15:02.570	,-856,-568,-64
15:02.570	,-760,-536,-40
15:02.570	,-824,-504,-8
15:02.570	,-928,-520,-8
15:02.570	,-1008,-488,24
15:02.570	,-968,-488,80
15:02.570	,-944,-488,96
15:02.570	,-920,-472,56
15:02.570	,-872,-464,48
15:02.570	,-800,-472,32
15:02.570	,-824,-520,0
15:02.570	,-824,-552,-16
15:02.570	,-848,-560,-8
15:02.570	,-840,-584,-40
15:02.570	,-816,-576,-40
15:02.570	,-832,-592,-56
15:02.570	,-840,-592,-48
15:02.570	,-896,-600,-56
15:02.570	,-928,-616,-64
15:02.570	,-1000,-616,-88
15:02.570	,-1008,-592,-88
15:02.570	,-944,-544,-80
15:02.570	,-832,-512,-40
15:02.570	,-784,-520,-16
15:03.594	,-856,-488,0
15:03.594	,-976,-456,-16
15:03.594	,-1064,-400,-72
15:03.594	,-1040,-424,-72
15:03.594	,-944,-384,-72
15:03.594	,-888,-384,-56
15:03.594	,-856,-400,-80
15:03.594	,-864,-440,-96
15:03.594	,-960,-496,-184
15:03.594	,-944,-488,-256
15:03.594	,-880,-520,-264
15:03.594	,-864,-600,-232
15:03.594	,-864,-624,-232
15:03.594	,-872,-576,-216
15:03.594	,-864,-560,-208
15:03.594	,-920,-576,-192
15:03.594	,-880,-552,-176
15:03.594	,-832,-544,-144
15:03.594	,-808,-536,-120
15:03.594	,-800,-528,-80
15:03.594	,-856,-504,-56
15:03.594	,-872,-504,-72
15:03.594	,-912,-512,-40
15:03.594	,-888,-544,-32
15:03.594	,-880,-552,-16
15:04.618	,-880,-552,-32
15:04.618	,-888,-552,-40
15:04.618	,-888,-560,-48
15:04.618	,-896,-576,-64
15:04.618	,-872,-584,-72
15:04.618	,-840,-576,-56
15:04.618	,-816,-576,-48
15:04.618	,-832,-568,-32
15:04.618	,-832,-600,-24
15:04.618	,-840,-600,16
15:04.618	,-840,-616,24
15:04.618	,-848,-608,56
15:04.618	,-856,-600,56
15:04.618	,-880,-592,56
15:04.618	,-872,-560,48
15:04.618	,-864,-536,48
15:04.618	,-912,-496,24
15:04.618	,-968,-504,0
15:04.618	,-1008,-464,-16
15:04.618	,-912,-424,-24
15:04.618	,-864,-424,-56
15:04.618	,-888,-440,-64
15:04.618	,-912,-448,-104
15:04.618	,-944,-480,-128
15:04.618	,-880,-496,-112
15:05.593	,-848,-504,-96
15:05.593	,-864,-528,-96
15:05.593	,-888,-520,-104
15:05.593	,-896,-528,-96
15:05.593	,-904,-544,-96
15:05.593	,-880,-544,-88
15:05.593	,-848,-560,-48
15:05.593	,-848,-576,-56
15:05.593	,-864,-592,-56
15:05.593	,-872,-592,-64
15:05.593	,-864,-592,-64
15:05.593	,-896,-600,-72
15:05.593	,-912,-600,-80
15:05.593	,-976,-600,-96
15:05.593	,-1000,-592,-96
15:05.593	,-840,-544,-56
15:05.593	,-824,-512,-16
15:05.593	,-808,-488,-8
15:05.593	,-912,-488,16
15:05.593	,-944,-480,16
15:05.593	,-944,-488,40
15:05.593	,-928,-472,64
15:05.593	,-888,-472,72
15:05.593	,-872,-464,56
15:05.593	,-848,-488,48
15:06.617	,-840,-528,16
15:06.617	,-856,-568,16
15:06.617	,-840,-568,32
15:06.617	,-832,-560,16
15:06.617	,-824,-560,16
15:06.617	,-816,-568,-8
15:06.617	,-832,-576,-8
15:06.617	,-848,-576,-24
15:06.617	,-864,-592,-16
15:06.617	,-880,-584,-16
15:06.617	,-904,-592,-8
15:06.617	,-896,-592,8
15:06.617	,-912,-616,8
15:06.617	,-992,-592,16
15:06.617	,-1000,-592,0
15:06.617	,-880,-544,16
15:06.617	,-816,-512,24
15:06.617	,-824,-496,16
15:06.617	,-952,-480,-32
15:06.617	,-960,-464,-64
15:06.617	,-960,-440,-104
15:06.617	,-960,-432,-112
15:06.617	,-896,-416,-120
15:06.617	,-888,-408,-104
15:06.617	,-864,-440,-96
15:07.640	,-896,-464,-104
15:07.640	,-848,-488,-80
15:07.640	,-872,-504,-80
15:07.640	,-896,-528,-80
15:07.640	,-864,-560,-48
15:07.640	,-880,-560,-40
15:07.640	,-912,-600,-40
15:07.640	,-904,-608,-56
15:07.640	,-888,-600,-48
15:07.640	,-928,-608,-64
15:07.640	,-952,-592,-88
15:07.640	,-984,-584,-88
15:07.640	,-928,-584,-88
15:07.640	,-840,-520,-72
15:07.640	,-792,-504,-40
15:07.640	,-832,-488,-48
15:07.640	,-944,-480,-48
15:07.640	,-984,-456,-40
15:07.640	,-920,-464,-8
15:07.640	,-928,-440,16
15:07.640	,-936,-448,-8
15:07.640	,-928,-488,-16
15:07.640	,-888,-496,-16
15:07.640	,-832,-528,0
15:07.640	,-824,-528,-8
15:08.613	,-832,-552,-24
15:08.613	,-872,-576,-24
15:08.613	,-872,-600,-24
15:08.613	,-864,-568,0
15:08.613	,-848,-592,-8
15:08.613	,-832,-608,8
15:08.613	,-856,-624,-24
15:08.613	,-864,-600,-8
15:08.613	,-856,-616,-8
15:08.613	,-864,-608,-16
15:08.613	,-944,-632,-40
15:08.613	,-984,-608,-56
15:08.613	,-1016,-608,-72
15:08.613	,-856,-528,-72
15:08.613	,-888,-528,-88
15:08.613	,-888,-512,-112
15:08.613	,-896,-488,-112
15:08.613	,-880,-472,-104
15:08.613	,-864,-456,-120
15:08.613	,-904,-456,-144
15:08.613	,-896,-456,-152
15:08.613	,-896,-480,-160
15:08.613	,-888,-456,-168
15:08.613	,-856,-464,-160
15:08.613	,-872,-464,-144
15:09.637	,-880,-480,-112
15:09.637	,-896,-488,-112
15:09.637	,-944,-496,-112
15:09.637	,-960,-512,-96
15:09.637	,-936,-512,-96
15:09.637	,-896,-504,-72
15:09.637	,-896,-504,-64
15:09.637	,-920,-496,-64
15:09.637	,-960,-488,-64
15:09.637	,-944,-496,-72
15:09.637	,-920,-472,-96
15:09.637	,-928,-496,-96
15:09.637	,-928,-480,-120
15:09.637	,-872,-472,-120
15:09.637	,-864,-480,-120
15:09.637	,-904,-496,-120
15:09.637	,-944,-512,-112
15:09.637	,-904,-520,-136
15:09.637	,-944,-560,-120
15:09.637	,-848,-536,-80
15:09.637	,-800,-520,-48
15:09.637	,-896,-544,-48
15:09.637	,-872,-536,-32
15:09.637	,-912,-512,-24
15:09.637	,-856,-528,8
15:10.661	,-848,-528,24
15:10.661	,-920,-528,40
15:10.661	,-952,-544,40
15:10.661	,-944,-504,40
15:10.661	,-896,-488,32
15:10.661	,-872,-496,8
15:10.661	,-864,-488,-8
15:10.661	,-888,-496,-40
15:10.661	,-896,-504,-48
15:10.661	,-872,-504,-48
15:10.661	,-864,-520,-48
15:10.661	,-840,-520,-40
15:10.661	,-840,-536,-32
15:10.661	,-832,-520,-8
15:10.661	,-848,-552,0
15:10.661	,-864,-552,-16
15:10.661	,-888,-560,0
15:10.661	,-872,-520,16
15:10.661	,-904,-568,-8
15:10.661	,-976,-544,-16
15:10.661	,-1000,-536,-32
15:10.661	,-952,-528,-40
15:10.661	,-872,-504,-32
15:10.661	,-864,-472,-40
15:10.661	,-912,-472,-32
15:11.636	,-984,-464,-40
15:11.636	,-960,-448,-48
15:11.636	,-944,-424,-72
15:11.636	,-928,-408,-80
15:11.636	,-944,-408,-80
15:11.636	,-912,-408,-80
15:11.636	,-904,-432,-88
15:11.636	,-928,-456,-88
15:11.636	,-888,-480,-80
15:11.636	,-872,-504,-64
15:11.636	,-872,-544,-56
15:11.636	,-872,-552,-40
15:11.636	,-856,-544,-48
15:11.636	,-888,-568,-40
15:11.636	,-904,-568,-56
15:11.636	,-888,-576,-56
15:11.636	,-864,-568,-72
15:11.636	,-904,-592,-72
15:11.636	,-936,-576,-96
15:11.636	,-944,-576,-80
15:11.636	,-904,-576,-80
15:11.636	,-864,-536,-56
15:11.636	,-832,-512,-40
15:11.636	,-856,-480,-32
15:11.636	,-896,-440,-32
15:12.660	,-928,-448,-32
15:12.660	,-952,-464,-24
15:12.660	,-944,-472,0
15:12.660	,-936,-464,8
15:12.660	,-920,-488,16
15:12.660	,-864,-488,16
15:12.660	,-824,-504,0
15:12.660	,-832,-528,32
15:12.660	,-832,-512,-8
15:12.660	,-848,-544,-16
15:12.660	,-872,-552,-24
15:12.660	,-872,-552,-24
15:12.660	,-856,-552,-16
15:12.660	,-856,-576,-24
15:12.660	,-888,-592,-32
15:12.660	,-904,-592,-16
15:12.660	,-904,-568,-16
15:12.660	,-960,-584,0
15:12.660	,-960,-568,-8
15:12.660	,-944,-552,8
15:12.660	,-880,-536,0
15:12.660	,-896,-536,-16
15:12.660	,-928,-544,-48
15:12.660	,-880,-544,-40
15:12.660	,-808,-520,-72
15:13.683	,-952,-472,-152
15:13.683	,-928,-448,-168
15:13.683	,-896,-432,-160
15:13.683	,-856,-432,-136
15:13.683	,-888,-472,-136
15:13.683	,-944,-480,-152
15:13.683	,-904,-472,-128
15:13.683	,-872,-488,-88
15:13.683	,-848,-496,-80
15:13.683	,-840,-512,-72
15:13.683	,-872,-520,-80
15:13.683	,-912,-544,-64
15:13.683	,-952,-576,-72
15:13.683	,-1008,-584,-80
15:13.683	,-1000,-608,-56
15:13.683	,-904,-592,-40
15:13.683	,-776,-536,0
15:13.683	,-808,-504,0
15:13.683	,-848,-480,-16
15:13.683	,-936,-488,-32
15:13.683	,-960,-504,-16
15:13.683	,-904,-496,0
15:13.683	,-896,-472,8
15:13.683	,-904,-480,8
15:13.683	,-888,-488,-8
15:14.659	,-864,-496,-8
15:14.659	,-880,-520,-24
15:14.659	,-856,-528,-16
15:14.659	,-840,-520,-16
15:14.659	,-840,-536,-24
15:14.659	,-864,-552,-16
15:14.659	,-864,-552,-24
15:14.659	,-864,-552,-24
15:14.659	,-888,-576,-24
15:14.659	,-888,-584,-24
15:14.659	,-904,-552,-16
15:14.659	,-872,-552,-8
15:14.659	,-976,-560,-8
15:14.659	,-992,-560,-24
15:14.659	,-944,-512,-16
15:14.659	,-960,-512,-56
15:14.659	,-944,-480,-64
15:14.659	,-928,-456,-80
15:14.659	,-856,-440,-88
15:14.659	,-864,-408,-96
15:14.659	,-912,-392,-136
15:14.659	,-968,-400,-168
15:14.659	,-960,-392,-192
15:14.659	,-904,-400,-160
15:14.659	,-872,-432,-128
15:15.682	,-920,-440,-152
15:15.682	,-936,-480,-128
15:15.682	,-952,-480,-128
15:15.682	,-904,-496,-112
15:15.682	,-912,-496,-96
15:15.682	,-880,-496,-96
15:15.682	,-880,-520,-72
15:15.682	,-880,-504,-88
15:15.682	,-880,-528,-72
15:15.682	,-896,-528,-96
15:15.682	,-872,-536,-96
15:15.682	,-880,-552,-104
15:15.682	,-920,-552,-104
15:15.682	,-952,-560,-120
15:15.682	,-944,-560,-112
15:15.682	,-880,-536,-72
15:15.682	,-824,-528,-80
15:15.682	,-864,-488,-64
15:15.682	,-920,-488,-72
15:15.682	,-944,-456,-72
15:15.682	,-968,-472,-48
15:15.682	,-968,-472,-40
15:15.682	,-952,-448,8
15:15.682	,-952,-480,8
15:15.682	,-920,-472,-8
15:16.706	,-864,-480,-16
15:16.706	,-832,-480,0
15:16.706	,-824,-512,-16
15:16.706	,-832,-528,-16
15:16.706	,-896,-560,-16
15:16.706	,-880,-552,-24
15:16.706	,-880,-568,-16
15:16.706	,-864,-568,-24
15:16.706	,-856,-576,-32
15:16.706	,-848,-568,-40
15:16.706	,-872,-584,-32
15:16.706	,-840,-560,-24
15:16.706	,-856,-568,-24
15:16.706	,-944,-592,-32
15:16.706	,-1008,-592,-48
15:16.706	,-984,-560,-56
15:16.706	,-896,-528,-56
15:16.706	,-848,-512,-48
15:16.706	,-816,-480,-32
15:16.706	,-872,-488,-32
15:16.706	,-952,-488,-72
15:16.706	,-976,-464,-88
15:16.706	,-976,-448,-112
15:16.706	,-920,-440,-112
15:16.706	,-872,-440,-104
15:17.683	,-872,-432,-112
15:17.683	,-872,-472,-104
15:17.683	,-888,-480,-104
15:17.683	,-888,-504,-96
15:17.683	,-880,-520,-88
15:17.683	,-848,-536,-64
15:17.683	,-840,-560,-48
15:17.683	,-840,-560,-56
15:17.683	,-864,-552,-48
15:17.683	,-888,-584,-64
15:17.683	,-896,-560,-80
15:17.683	,-888,-568,-88
15:17.683	,-896,-584,-80
15:17.683	,-944,-576,-96
15:17.683	,-952,-576,-88
15:17.683	,-864,-552,-72
15:17.683	,-824,-536,-48
15:17.683	,-832,-520,-56
15:17.683	,-920,-520,-40
15:17.683	,-952,-496,-32
15:17.683	,-944,-496,-8
15:17.683	,-920,-504,0
15:17.683	,-912,-528,-8
15:17.683	,-896,-592,-24
15:17.683	,-824,-624,-80
15:18.708	,-760,-664,-112
15:18.708	,-704,-640,-144
15:18.708	,-704,-696,-184
15:18.708	,-696,-832,-224
15:18.708	,-640,-848,-240
15:18.708	,-616,-848,-248
15:18.708	,-536,-880,-256
15:18.708	,-488,-880,-280
15:18.708	,-464,-944,-328
15:18.708	,-424,-1016,-392
15:18.708	,-344,-952,-512
15:18.708	,-264,-1000,-480
15:18.708	,-184,-880,-544
15:18.708	,-104,-696,-544
15:18.708	,-32,-720,-600
15:18.708	,8,-576,-592
15:18.708	,40,-608,-568
15:18.708	,56,-576,-640
15:18.708	,40,-584,-704
15:18.708	,88,-568,-744
15:18.708	,8,-416,-720
15:18.708	,128,-520,-912
15:18.708	,136,-376,-888
15:18.708	,192,-472,-888
15:18.708	,144,-400,-848
15:19.730	,232,-408,-880
15:19.730	,192,-280,-976
15:19.730	,128,-336,-920
15:19.730	,144,-256,-1008
15:19.730	,176,-280,-928
15:19.730	,216,-336,-912
15:19.730	,176,-288,-944
15:19.730	,184,-304,-976
15:19.730	,192,-296,-968
15:19.730	,176,-320,-984
15:19.730	,160,-240,-880
15:19.730	,216,-384,-856
15:19.730	,184,-288,-936
15:19.730	,216,-304,-960
15:19.730	,224,-280,-968
15:19.730	,264,-264,-928
15:19.730	,280,-264,-936
15:19.730	,264,-280,-936
15:19.730	,256,-304,-920
15:19.730	,248,-288,-888
15:19.730	,256,-288,-888
15:19.730	,280,-256,-840
15:19.730	,280,-272,-880
15:19.730	,288,-288,-888
15:19.730	,376,-152,-872
15:20.706	,184,-264,-880
15:20.706	,344,-312,-880
15:20.706	,328,-328,-872
15:20.706	,376,-312,-856
15:20.706	,352,-296,-808
15:20.706	,416,-360,-808
15:20.706	,344,-352,-856
15:20.706	,456,-464,-832
15:20.706	,168,-216,-832
15:20.706	,280,-360,-920
15:20.706	,296,-304,-856
15:20.706	,272,-288,-928
15:20.706	,248,-264,-912
15:20.706	,232,-288,-912
15:20.706	,208,-352,-944
15:20.706	,192,-352,-928
15:20.706	,184,-344,-952
15:20.706	,360,-584,-1064
15:20.706	,184,-344,-928
15:20.706	,304,-448,-824
15:20.706	,296,-152,-920
15:20.706	,200,-200,-920
15:20.706	,120,-400,-960
15:20.706	,264,-288,-952
15:20.706	,288,-232,-992
15:21.730	,112,-152,-896
15:21.730	,680,-800,-4080
15:21.730	,480,-872,-1088
15:21.730	,40,-480,-872
15:21.730	,112,-328,-928
15:21.730	,200,-456,-864
15:21.730	,160,-376,-912
15:21.730	,168,-376,-856
15:21.730	,160,-408,-888
15:21.730	,128,-504,-872
15:21.730	,-8,128,-1016
15:21.730	,192,-472,-888
15:21.730	,104,-384,-888
15:21.730	,104,-416,-912
15:21.730	,272,-536,-840
15:21.730	,8,-360,-936
15:21.730	,88,-496,-944
15:21.730	,72,-304,-904
15:21.730	,-504,760,-296
15:21.730	,208,-360,-928
15:21.730	,-128,-176,-968
15:21.730	,-8,-600,-944
15:21.730	,0,-464,-856
15:21.730	,48,-504,-880
15:21.730	,56,-600,-856
15:22.753	,16,-448,-816
15:22.753	,-120,-712,-792
15:22.753	,-16,-648,-824
15:22.753	,24,-568,-800
15:22.753	,-16,-488,-800
15:22.753	,-24,-520,-816
15:22.753	,-24,-512,-896
15:22.753	,-16,-448,-952
15:22.753	,0,-360,-936
15:22.753	,-40,-440,-1368
15:22.753	,-40,-272,-904
15:22.753	,-56,-240,-912
15:22.753	,-72,-144,-976
15:22.753	,-80,-136,-968
15:22.753	,-136,-160,-1040
15:22.753	,-80,-80,-984
15:22.753	,-144,-40,-928
15:22.753	,-272,-152,-888
15:22.753	,-128,32,-856
15:22.753	,-96,-120,-968
15:22.753	,-152,-104,-968
15:22.753	,48,72,-1024
15:22.753	,-200,8,-1312
15:22.753	,-32,528,-1648
15:22.753	,-288,432,-1136
15:23.729	,-384,400,-992
15:23.729	,-32,408,-1096
15:23.729	,-704,224,-592
15:23.729	,-320,400,-800
15:23.729	,-176,576,-744
15:23.729	,-320,792,-736
15:23.729	,-880,592,-1112
15:23.729	,-416,888,-888
15:23.729	,-416,608,-152
15:23.729	,-512,824,-944
15:23.729	,-384,488,-640
15:23.729	,-440,640,-672
15:23.729	,-328,504,-640
15:23.729	,-344,632,-816
15:23.729	,-432,472,-848
15:23.729	,-456,1048,80
15:23.729	,-288,320,-1944
15:23.729	,-312,648,-592
15:23.729	,-328,512,-624
15:23.729	,-400,696,-720
15:23.729	,-376,584,-688
15:23.729	,-344,592,-752
15:23.729	,-1336,2240,2096
15:23.729	,-256,600,-768
15:23.729	,-192,728,-1096
15:24.752	,-400,680,-496
15:24.752	,-336,592,-544
15:24.752	,-416,832,-544
15:24.752	,-296,776,-552
15:24.752	,-360,808,-624
15:24.752	,-200,608,-592
15:24.752	,-96,648,-784
15:24.752	,-200,328,-664
15:24.752	,-40,224,-480
15:24.752	,464,-96,-1120
15:24.752	,432,200,-1200
15:24.752	,136,264,-1104
15:24.752	,40,280,-1152
15:24.752	,-104,288,-1112
15:24.752	,-296,136,-1112
15:24.752	,-152,112,-984
15:24.752	,-128,-72,-856
15:24.752	,216,32,-1040
15:24.752	,208,0,-1048
15:24.752	,144,-16,-792
15:24.752	,472,-280,-688
15:24.752	,552,-424,-832
15:24.752	,368,-272,-1008
15:24.752	,408,-328,-864
15:24.752	,400,-280,-768
15:25.775	,496,-248,-912
15:25.775	,432,-144,-872
15:25.775	,376,-144,-864
15:25.775	,424,80,-1072
15:25.775	,368,-312,-720
15:25.775	,432,-352,-976
15:25.775	,256,-360,-840
15:25.775	,192,-416,-784
15:25.775	,64,-464,-776
15:25.775	,-8,-528,-768
15:25.775	,-16,-648,-776
15:25.775	,-168,-656,-872
15:25.775	,48,-552,-848
15:25.775	,-192,-456,-816
15:25.775	,-120,-504,-904
15:25.775	,88,-432,-800
15:25.775	,344,-720,-1136
15:25.775	,352,-616,-624
15:25.775	,488,-944,-1064
15:25.775	,168,-432,-656
15:25.775	,400,-712,-1008
15:25.775	,448,-536,-464
15:25.775	,520,-864,-784
15:25.775	,480,-720,-536
15:25.775	,544,-784,-560
15:26.751	,560,-600,-424
15:26.751	,608,-816,-464
15:26.751	,624,-616,-400
15:26.751	,544,-848,-296
15:26.751	,400,-784,-328
15:26.751	,-32,-1720,-120
15:26.751	,296,-752,496
15:26.751	,8,-880,200
15:26.751	,-104,-808,688
15:26.751	,208,-896,800
15:26.751	,-448,-1296,552
15:26.751	,-32,-688,880
15:26.751	,-568,-400,232
15:26.751	,-464,-520,128
15:26.751	,-472,-160,-400
15:26.751	,-504,-280,-304
15:26.751	,-560,-408,-472
15:26.751	,-432,-416,-656
15:26.751	,-328,64,-1056
15:26.751	,-352,-168,-1008
15:26.751	,-128,-696,-992
15:26.751	,-88,-504,-928
15:26.751	,112,-480,-856
15:26.751	,-304,-1192,-720
15:26.751	,-328,-1176,-792
15:27.775	,-176,-1280,-488
15:27.775	,-272,-1744,-736
15:27.775	,-256,-1432,-632
15:27.775	,-112,-1128,-400
15:27.775	,-280,-1296,-376
15:27.775	,-176,-976,-304
15:27.775	,-240,-744,-216
15:27.775	,-304,-832,-48
15:27.775	,-200,-424,-48
15:27.775	,-240,-400,-192
15:27.775	,-368,-640,56
15:27.775	,-392,-784,-40
15:27.775	,-488,-912,-72
15:27.775	,-464,-984,40
15:27.775	,-496,-880,-88
15:27.775	,-448,-864,-88
15:27.775	,-408,-840,-32
15:27.775	,-456,-880,-64
15:27.775	,-400,-832,8
15:27.775	,-512,-936,0
15:27.775	,-456,-880,-40
15:27.775	,-528,-968,-40
15:27.775	,-488,-912,-8
15:27.775	,-488,-928,24
15:27.775	,-456,-896,96
15:28.798	,-448,-880,72
15:28.798	,-528,-896,-56
15:28.798	,-448,-856,32
15:28.798	,-512,-880,-48
15:28.798	,-480,-856,-24
15:28.798	,-472,-888,56
15:28.798	,-512,-888,-40
15:28.798	,-440,-904,56
15:28.798	,-480,-896,0
15:28.798	,-488,-880,-8
15:28.798	,-488,-888,72
15:28.798	,-488,-864,-64
15:28.798	,-456,-888,16
15:28.798	,-472,-920,-32
15:28.798	,-464,-928,-16
15:28.798	,-496,-920,-24
15:28.798	,-424,-864,40
15:28.798	,-448,-816,-16
15:28.798	,-520,-864,-96
15:28.798	,-320,-736,-144
15:28.798	,-24,-16,0
15:28.798	,-24,-24,-8
15:28.798	,-8,-16,-16
15:28.798	,-16,-16,-8
15:28.798	,-16,-24,8
15:29.773	,-24,-24,0
15:29.773	,-16,-16,8
15:29.773	,-16,-16,24
15:29.773	,-24,-40,16
15:29.773	,-24,-48,56
15:29.773	,1808,-4080,-1336
15:29.773	,-4080,-4080,-4080
15:29.773	,96,-4080,-4080
15:29.773	,3280,-4080,-4080
15:29.773	,-1152,-4080,-4080
15:29.773	,-4080,-4080,-4080
15:29.773	,-1744,-4080,-4080
15:29.773	,-488,-16,480
15:29.773	,16,-216,-136
15:29.773	,-920,-392,-2032
15:29.773	,-1120,-456,1448
15:29.773	,864,464,24
15:29.773	,-1272,-696,1096
15:29.773	,-648,-216,216
15:29.773	,-424,416,320
15:29.773	,-280,-336,-472
15:29.773	,288,-1216,512
15:29.773	,-1024,424,0
15:29.773	,80,-160,56
15:29.773	,-680,1232,2472
15:30.795	,-336,64,-88
15:30.795	,248,-192,224
15:30.795	,456,-1192,2928
15:30.795	,-192,-32,-48
15:30.795	,96,-96,872
15:30.795	,264,64,864
15:30.795	,-200,48,1040
15:30.795	,-176,96,1056
15:30.795	,-88,104,984
15:30.795	,-48,-16,984
15:30.795	,-48,-16,984
15:30.795	,-40,-24,976
15:30.795	,-56,-32,992
15:30.795	,-48,-16,984
15:30.795	,-56,-16,984
15:30.795	,-48,-24,984
15:30.795	,-56,-16,992
15:30.795	,-40,-16,984
15:30.795	,-48,-24,992
15:30.795	,-56,-16,984
15:30.795	,-48,-16,984
15:30.795	,-40,-8,992
15:30.795	,-40,-8,984
15:30.795	,-56,-24,984
15:30.795	,-40,-16,992
15:31.820	,-40,-24,984
15:31.820	,-48,-24,984
15:31.820	,-56,-16,984
15:31.820	,-56,-24,992
15:31.820	,-48,-16,976
15:31.820	,-56,-24,984
15:31.820	,-48,-8,976
15:31.820	,-40,-24,984
15:31.820	,-48,-24,976
15:31.820	,-64,-8,976
15:31.820	,-40,-24,984
15:31.820	,-48,-24,992
15:31.820	,-48,-16,976
15:31.820	,-48,-16,984
15:31.820	,-40,-24,976
15:31.820	,-56,-24,992
15:31.820	,-48,-24,984
15:31.820	,-56,-16,984
15:31.820	,-48,-24,984
15:31.820	,-40,-16,992
15:31.820	,-48,-16,984
15:31.820	,-40,-24,992
15:31.820	,-56,-32,992
15:31.820	,-56,-8,984
15:31.820	,-48,-16,992
15:32.793	,-48,-16,984
15:32.793	,-48,-24,992
15:32.793	,-48,-16,976
15:32.793	,-56,-24,976
15:32.793	,-48,-16,976
15:32.793	,-48,-24,976
15:32.793	,-56,-24,984
15:32.793	,-48,-24,984
15:32.793	,-56,-16,984
15:32.793	,-48,-16,976
15:32.793	,-48,-24,976
15:32.793	,-48,-16,984
15:32.793	,-40,-16,984
15:32.793	,-48,-16,984
15:32.793	,-32,-16,984
15:32.793	,-48,-24,976
15:32.793	,-40,-24,976
15:32.793	,-48,-24,976
15:32.793	,-40,-16,984
15:32.793	,-48,-24,984
15:32.793	,-48,-24,984
15:32.793	,-48,-24,992
15:32.793	,-56,-24,984
15:32.793	,-40,-8,1000
15:32.793	,-48,-16,976
15:33.821	,-56,-24,976
15:33.821	,-48,-24,984
15:33.821	,-56,-16,984
15:33.821	,-40,-16,984
15:33.821	,-48,-16,984
15:33.821	,-40,-24,976
15:33.821	,-48,-24,976
15:33.821	,-48,-16,984
15:33.821	,-48,-16,984
15:33.821	,-48,-16,984
15:33.821	,-48,-16,984
15:33.821	,-56,-24,984
15:33.821	,-48,-16,984
15:33.821	,-56,-24,984
15:33.821	,-56,-16,976
15:33.821	,-48,-24,984
15:33.821	,-40,-24,984
15:33.821	,-48,-16,992
15:33.821	,-64,-16,976
15:33.821	,-40,-24,984
15:33.821	,-40,-16,992
15:33.821	,-48,-32,992
15:33.821	,-48,-24,976
15:33.821	,-48,-24,992
15:33.821	,-40,-24,992
15:34.842	,-40,-24,976
15:34.842	,-40,-24,976
15:34.842	,-40,-16,992
15:34.842	,-48,-16,984
15:34.842	,-48,-16,992
15:34.842	,-40,-24,984
15:34.842	,-48,-16,984
15:34.842	,-48,-16,976
15:34.842	,-48,-24,976
15:34.842	,-48,-24,1000
15:34.842	,-56,-16,984
15:34.842	,-56,-24,968
15:34.842	,-64,-32,984
15:34.842	,-40,-24,992
15:34.842	,-56,-16,976
15:34.842	,-48,-16,992
15:34.842	,-48,-16,984
15:34.842	,-40,-16,984
15:34.842	,-56,-16,984
15:34.842	,-48,-16,984
15:34.842	,-40,-24,992
15:34.842	,-40,-16,984
15:34.842	,-56,-24,984
15:34.842	,-48,-16,992
15:34.842	,-48,-40,984
15:35.819	,-48,-24,992
15:35.819	,-56,-24,984
15:35.819	,-40,-32,984
15:35.819	,-48,-8,984
15:35.819	,-56,-24,992
15:35.819	,-48,-24,992
15:35.819	,-48,-24,976
15:35.819	,-56,-32,976
15:35.819	,-48,-16,992
15:35.819	,-48,-16,984
15:35.819	,-48,-24,992
15:35.819	,-56,-24,976
15:35.819	,-56,-24,992
15:35.819	,-48,-24,976
15:35.819	,-48,-16,984
15:35.819	,-56,-24,976
15:35.819	,-48,-24,976
15:35.819	,-40,-16,976
15:35.819	,-48,-24,984
15:35.819	,-40,-16,976
15:35.819	,-48,-24,984
15:35.819	,-40,-16,984
15:35.819	,-40,-16,992
15:35.819	,-48,-24,984
15:35.819	,-48,-16,984
15:36.844	,-48,-16,984
15:36.844	,-48,-24,976
15:36.844	,-48,-24,984
15:36.844	,-48,-16,984
15:36.844	,-48,-16,992
15:36.844	,-48,-16,992
15:36.844	,-40,-24,976
15:36.844	,-48,-24,992
15:36.844	,-32,-24,984
15:36.844	,-40,-16,984
15:36.844	,-48,-24,984
15:36.844	,-56,-16,984
15:36.844	,-48,-24,976
15:36.844	,-40,-16,984
15:36.844	,-40,-16,992
15:36.844	,-48,-8,992
15:36.844	,-56,-24,992
15:36.844	,-56,-8,984
15:36.844	,-56,-24,984
15:36.844	,-40,-24,992
15:36.844	,-40,-24,984
15:36.844	,-56,-16,976
15:36.844	,-48,-16,984
15:36.844	,-48,-16,992
15:36.844	,-40,-8,976
15:37.865	,-56,-24,984
15:37.865	,-48,-16,984
15:37.865	,-48,-16,984
15:37.865	,-40,-16,984
15:37.865	,-56,-24,1000
15:37.865	,-48,-16,976
15:37.865	,-48,-24,1000
15:37.865	,-56,-16,984
15:37.865	,-56,-8,984
15:37.865	,-48,-24,984
15:37.865	,-40,-8,992
15:37.865	,-40,-24,984
15:37.865	,-48,-32,984
15:37.865	,-48,-24,984
15:37.865	,-40,-16,968
15:37.865	,-40,-24,984
15:37.865	,-48,-8,984
15:37.865	,-40,-16,984
15:37.865	,-56,-16,984
15:37.865	,-48,-24,984
15:37.865	,-48,-16,984
15:37.865	,-184,136,984
15:37.865	,240,-144,632
15:37.865	,-64,120,968
15:37.865	,-104,296,1080
15:38.842	,40,-96,1464
15:38.842	,-552,-616,1728
15:38.842	,-200,-464,1392
15:38.842	,-416,-656,1336
15:38.842	,-192,-632,912
15:38.842	,-344,-568,984
15:38.842	,8,-568,1016
15:38.842	,-144,-520,680
15:38.842	,-240,-648,856
15:38.842	,-112,-568,704
15:38.842	,-224,-720,808
15:38.842	,-168,-704,816
15:38.842	,-128,-736,800
15:38.842	,-136,-712,840
15:38.842	,32,-768,880
15:38.842	,104,-984,776
15:38.842	,0,-632,752
15:38.842	,-56,-992,744
15:38.842	,600,-760,-192
15:38.842	,280,-800,288
15:38.842	,632,-696,208
15:38.842	,16,-24,160
15:38.842	,-168,-120,232
15:38.842	,-176,-312,272
15:38.842	,-296,-744,1008
15:39.862	,-8,-544,840
15:39.862	,136,-672,856
15:39.862	,128,-544,888
15:39.862	,256,-568,832
15:39.862	,256,-416,752
15:39.862	,368,-496,808
15:39.862	,248,-368,616
15:39.862	,296,-376,800
15:39.862	,464,-536,936
15:39.862	,448,-360,896
15:39.862	,496,-376,816
15:39.862	,352,-288,824
15:39.862	,648,-376,840
15:39.862	,640,-208,784
15:39.862	,672,-136,664
15:39.862	,488,-192,744
15:39.862	,472,-232,792
15:39.862	,504,-192,824
15:39.862	,616,-280,944
15:39.862	,384,-344,1080
15:39.862	,400,-256,840
15:39.862	,248,-312,672
15:39.862	,472,-224,560
15:39.862	,680,-320,704
15:39.862	,680,-328,808
15:40.888	,624,-176,704
15:40.888	,528,-288,768
15:40.888	,552,-168,728
15:40.888	,536,-152,784
15:40.888	,464,-120,864
15:40.888	,544,-168,1032
15:40.888	,512,-64,816
15:40.888	,472,-176,1048
15:40.888	,408,-296,1120
15:40.888	,248,-176,832
15:40.888	,296,-472,800
15:40.888	,392,-312,856
15:40.888	,360,-448,792
15:40.888	,328,-448,832
15:40.888	,264,-416,744
15:40.888	,232,-504,744
15:40.888	,304,-496,720
15:40.888	,280,-528,736
15:40.888	,256,-504,752
15:40.888	,248,-504,800
15:40.888	,264,-504,800
15:40.888	,328,-512,792
15:40.888	,272,-520,784
15:40.888	,232,-432,792
15:40.888	,264,-520,888
15:41.864	,264,-488,936
15:41.864	,312,-488,864
15:41.864	,224,-496,864
15:41.864	,272,-424,872
15:41.864	,224,-480,800
15:41.864	,248,-544,752
15:41.864	,368,-464,872
15:41.864	,312,-520,856
15:41.864	,248,-472,872
15:41.864	,232,-408,824
15:41.864	,112,-440,896
15:41.864	,144,-304,880
15:41.864	,160,-408,800
15:41.864	,120,-480,920
15:41.864	,128,-376,888
15:41.864	,64,-472,912
15:41.864	,64,-512,912
15:41.864	,16,-392,840
15:41.864	,-48,-488,904
15:41.864	,-80,-440,912
15:41.864	,-32,-448,888
15:41.864	,-104,-432,912
15:41.864	,-72,-360,864
15:41.864	,-88,-448,936
15:41.864	,-104,-408,960
15:42.889	,-48,-368,904
15:42.889	,-88,-424,952
15:42.889	,24,-328,904
15:42.889	,-64,-400,960
15:42.889	,-72,-368,960
15:42.889	,-56,-384,904
15:42.889	,-72,-352,944
15:42.889	,-16,-376,968
15:42.889	,56,-384,952
15:42.889	,24,-440,976
15:42.889	,0,-384,904
15:42.889	,8,-368,840
15:42.889	,-16,-368,840
15:42.889	,-24,-336,824
15:42.889	,-16,-376,808
15:42.889	,-48,-448,816
15:42.889	,24,-416,824
15:42.889	,184,-488,888
15:42.889	,40,-440,864
15:42.889	,-112,-392,920
15:42.889	,-56,-464,968
15:42.889	,-96,-440,984
15:42.889	,-96,-488,984
15:42.889	,-88,-464,1000
15:42.889	,-104,-480,856
15:43.910	,-80,-512,968
15:43.910	,-88,-496,888
15:43.910	,-200,-304,760
15:43.910	,-216,-352,936
15:43.910	,-352,-112,920
15:43.910	,-600,56,880
15:43.910	,-696,-224,824
15:43.910	,-672,-192,744
15:43.910	,-416,-280,576
15:43.910	,-456,-424,616
15:43.910	,-848,-416,488
15:43.910	,-904,-488,552
15:43.910	,-920,-456,400
15:43.910	,-768,-328,600
15:43.910	,-856,-416,680
15:43.910	,-760,-288,616
15:43.910	,-664,-264,544
15:43.910	,-816,-424,616
15:43.910	,-648,-352,584
15:43.910	,-728,-440,600
15:43.910	,-824,-488,544
15:43.910	,-528,-376,464
15:43.910	,-824,-600,432
15:43.910	,-536,-416,480
15:43.910	,-704,-704,432
15:44.886	,-552,-544,272
15:44.886	,-648,-760,272
15:44.886	,-592,-824,120
15:44.886	,-400,-872,224
15:44.886	,-376,-976,208
15:44.886	,-216,-952,288
15:44.886	,-208,-1024,240
15:44.886	,-208,-1008,264
15:44.886	,-256,-1016,8
15:44.886	,-224,-1000,112
15:44.886	,-248,-936,120
15:44.886	,-392,-872,-136
15:44.886	,-480,-1112,-240
15:44.886	,-424,-800,-400
15:44.886	,-392,-816,-472
15:44.886	,-384,-576,-712
15:44.886	,-328,-552,-768
15:44.886	,-296,-528,-784
15:44.886	,-304,-504,-768
15:44.886	,-336,-568,-792
15:44.886	,-352,-560,-736
15:44.886	,-312,-440,-688
15:44.886	,-400,-528,-768
15:44.886	,-368,-536,-672
15:44.886	,-488,-616,-728
15:45.909	,-456,-648,-584
15:45.909	,-496,-632,-608
15:45.909	,-520,-736,-528
15:45.909	,-488,-704,-504
15:45.909	,-560,-744,-536
15:45.909	,-544,-808,-496
15:45.909	,-504,-664,-496
15:45.909	,-496,-744,-448
15:45.909	,-496,-760,-488
15:45.909	,-480,-752,-480
15:45.909	,-480,-792,-456
15:45.909	,-520,-792,-496
15:45.909	,-512,-752,-480
15:45.909	,-528,-760,-488
15:45.909	,-496,-720,-448
15:45.909	,-520,-736,-456
15:45.909	,-536,-760,-480
15:45.909	,-520,-712,-464
15:45.909	,-536,-728,-456
15:45.909	,-576,-760,-496
15:45.909	,-560,-736,-416
15:45.909	,-584,-760,-440
15:45.909	,-584,-808,-392
15:45.909	,-576,-800,-384
15:45.909	,-584,-864,-288
15:46.933	,-600,-944,-248
15:46.933	,-536,-832,-264
15:46.933	,-472,-784,-200
15:46.933	,-456,-848,-176
15:46.933	,-464,-912,-160
15:46.933	,-440,-864,-136
15:46.933	,-472,-944,-144
15:46.933	,-440,-856,-152
15:46.933	,-464,-832,-168
15:46.933	,-480,-864,-144
15:46.933	,-456,-840,-160
15:46.933	,-424,-776,-160
15:46.933	,-384,-800,-152
15:46.933	,-392,-896,-112
15:46.933	,-400,-984,-104
15:46.933	,-368,-984,-72
15:46.933	,-312,-976,-96
15:46.933	,-336,-976,-152
15:46.933	,-312,-968,-120
15:46.933	,-304,-976,-112
15:46.933	,-312,-976,-88
15:46.933	,-312,-936,-128
15:46.933	,-288,-960,-80
15:46.933	,-272,-976,-56
15:46.933	,-280,-944,-96
15:47.909	,-312,-1016,-96
15:47.909	,-344,-1008,-104
15:47.909	,-384,-1056,-8
15:47.909	,-336,-920,88
15:47.909	,-344,-856,80
15:47.909	,-296,-760,120
15:47.909	,-312,-768,320
15:47.909	,-352,-704,296
15:47.909	,-400,-800,480
15:47.909	,-368,-904,760
15:47.909	,-256,-728,712
15:47.909	,-176,-648,760
15:47.909	,-88,-592,816
15:47.909	,-40,-568,832
15:47.909	,-8,-512,840
15:47.909	,32,-464,888
15:47.909	,72,-448,984
15:47.909	,72,-424,944
15:47.909	,32,-424,896
15:47.909	,80,-400,912
15:47.909	,64,-400,864
15:47.909	,80,-392,904
15:47.909	,80,-424,904
15:47.909	,80,-416,896
15:47.909	,80,-448,936
15:48.932	,104,-432,952
15:48.932	,96,-416,944
15:48.932	,88,-440,936
15:48.932	,88,-424,960
15:48.932	,112,-416,1024
15:48.932	,56,-440,984
15:48.932	,32,-448,952
15:48.932	,-16,-496,952
15:48.932	,-64,-544,880
15:48.932	,-120,-568,776
15:48.932	,-96,-544,744
15:48.932	,-96,-576,744
15:48.932	,-88,-568,744
15:48.932	,-96,-616,752
15:48.932	,-80,-568,768
15:48.932	,-112,-616,760
15:48.932	,-128,-648,720
15:48.932	,-120,-672,720
15:48.932	,-120,-664,680
15:48.932	,-144,-720,680
15:48.932	,-128,-688,616
15:48.932	,-136,-712,608
15:48.932	,-128,-720,592
15:48.932	,-104,-728,584
15:48.932	,-96,-752,632
15:49.955	,-72,-728,664
15:49.955	,-96,-776,640
15:49.955	,-96,-736,600
15:49.955	,-72,-760,624
15:49.955	,-80,-776,600
15:49.955	,-88,-768,632
15:49.955	,-72,-784,600
15:49.955	,-88,-816,760
15:49.955	,-96,-768,808
15:49.955	,-128,-760,808
15:49.955	,-112,-696,760
15:49.955	,-144,-680,728
15:49.955	,-112,-576,752
15:49.955	,-72,-552,752
15:49.955	,-8,-328,880
15:49.955	,-192,-472,712
15:49.955	,-416,-584,488
15:49.955	,-600,-600,384
15:49.955	,-712,-624,384
15:49.955	,-784,-552,312
15:49.955	,-840,-568,360
15:49.955	,-864,-440,360
15:49.955	,-952,-432,304
15:49.955	,-944,-288,296
15:49.955	,-992,-296,304
15:50.929	,-992,-168,224
15:50.929	,-1024,-192,184
15:50.929	,-1016,-80,328
15:50.929	,-1048,-120,240
15:50.929	,-1024,-72,280
15:50.929	,-1016,-56,224
15:50.929	,-1024,-120,224
15:50.929	,-976,-32,232
15:50.929	,-1016,-56,264
15:50.929	,-1016,-104,248
15:50.929	,-968,-64,232
15:50.929	,-1000,-112,224
15:50.929	,-976,-24,240
15:50.929	,-976,-48,192
15:50.929	,-1008,-96,168
15:50.929	,-952,16,232
15:50.929	,-1000,-32,160
15:50.929	,-1024,-88,248
15:50.929	,-992,-40,200
15:50.929	,-984,-104,176
15:50.929	,-968,-80,152
15:50.929	,-1000,-80,128
15:50.929	,-1040,-152,216
15:50.929	,-1144,-136,48
15:50.929	,-1032,-168,232
15:51.953	,-936,-152,352
15:51.953	,-968,-152,200
15:51.953	,-968,-80,264
15:51.953	,-984,-144,264
15:51.953	,-984,-120,208
15:51.953	,-960,-120,256
15:51.953	,-976,-80,192
15:51.953	,-976,-96,288
15:51.953	,-992,-128,224
15:51.953	,-992,-136,232
15:51.953	,-1008,-128,216
15:51.953	,-992,-144,176
15:51.953	,-1000,-136,176
15:51.953	,-1016,-144,176
15:51.953	,-1008,-128,184
15:51.953	,-1008,-128,168
15:51.953	,-992,-136,168
15:51.953	,-1032,-168,192
15:51.953	,-1040,-152,184
15:51.953	,-1048,-144,264
15:51.953	,-1040,-80,352
15:51.953	,-1048,-64,336
15:51.953	,-944,-64,248
15:51.953	,-960,-72,192
15:51.953	,-968,-40,232
15:52.977	,-952,-16,312
15:52.977	,-968,16,360
15:52.977	,-952,16,288
15:52.977	,-952,8,336
15:52.977	,-944,-8,288
15:52.977	,-944,-16,256
15:52.977	,-984,-8,256
15:52.977	,-1008,-8,256
15:52.977	,-1032,-24,200
15:52.977	,-1008,-32,288
15:52.977	,-1208,-200,320
15:52.977	,-1064,104,40
15:52.977	,-952,-24,208
15:52.977	,-976,-136,200
15:52.977	,-928,-64,168
15:52.977	,-920,-48,312
15:52.977	,-1048,-192,216
15:52.977	,-1040,-80,184
15:52.977	,-1000,-104,264
15:52.977	,-1048,-176,296
15:52.977	,-928,-88,280
15:52.977	,-952,-120,328
15:52.977	,-936,-88,376
15:52.977	,-888,-40,416
15:52.977	,-880,-96,472
15:53.953	,-792,80,352
15:53.953	,-904,-16,376
15:53.953	,-800,312,304
15:53.953	,-1032,-96,408
15:53.953	,-1232,-328,304
15:53.953	,-928,320,368
15:53.953	,-1000,-264,128
15:53.953	,-1072,-368,280
15:53.953	,-744,8,320
15:53.953	,-848,-432,200
15:53.953	,-800,-504,360
15:53.953	,-696,-424,392
15:53.953	,-480,-528,520
15:53.953	,-200,-320,760
15:53.953	,-248,-456,864
15:53.953	,88,-696,1088
15:53.953	,-280,-600,936
15:53.953	,-40,-344,888
15:53.953	,16,-384,920
15:53.953	,-232,-192,952
15:53.953	,-208,-520,1104
15:53.953	,-368,-432,872
15:53.953	,-240,-344,1112
15:53.953	,-336,-424,1200
15:53.953	,-264,-336,1144
15:54.977	,-456,-368,1016
15:54.977	,-320,-304,1040
15:54.977	,48,-280,848
15:54.977	,8,-168,904
15:54.977	,128,-144,960
15:54.977	,96,-192,856
15:54.977	,96,-112,736
15:54.977	,80,-216,832
15:54.977	,-48,-232,720
15:54.977	,-56,-256,800
15:54.977	,8,-344,944
15:54.977	,-56,-248,888
15:54.977	,16,-280,936
15:54.977	,-48,-288,928
15:54.977	,-96,-240,872
15:54.977	,32,-184,400
15:54.977	,-80,-88,-56
15:54.977	,-88,-80,-40
15:54.977	,-80,-72,-40
15:54.977	,-80,-80,-64
15:54.977	,-88,-80,-64
15:54.977	,-96,-80,-104
15:54.977	,-72,-88,-112
15:54.977	,-64,-80,-88
15:54.977	,-64,-72,-64
15:55.999	,-72,-104,0
15:55.999	,88,-2656,0
15:55.999	,-968,-4080,-2440
15:55.999	,56,-4080,-2848
15:55.999	,608,-4080,-2952
15:55.999	,336,-4080,-2904
15:55.999	,-464,512,1824
15:55.999	,360,392,-864
15:55.999	,-8,-112,-64
15:55.999	,336,-8,-304
15:55.999	,-1032,336,-1288
15:55.999	,96,-136,-200
15:55.999	,16,-80,-640
15:55.999	,288,-456,-256
15:55.999	,232,-560,2640
15:55.999	,-824,1472,2344
15:55.999	,-32,360,792
15:55.999	,112,-224,896
15:55.999	,56,168,824
15:55.999	,-240,184,1072
15:55.999	,32,-224,976
15:55.999	,-208,72,920
15:55.999	,-24,240,904
15:55.999	,-104,-152,1040
15:55.999	,-144,-136,1096
15:57.025	,0,96,904
15:57.025	,-208,16,1144
15:57.025	,-16,-128,1008
15:57.025	,-80,8,1032
15:57.025	,-24,48,928
15:57.025	,-40,-96,992
15:57.025	,-8,-40,1016
15:57.025	,-32,72,944
15:57.025	,-48,-48,1000
15:57.025	,-80,-64,1008
15:57.025	,-24,72,936
15:57.025	,-48,-64,992
15:57.025	,-56,-48,1008
15:57.025	,-56,8,984
15:57.025	,-40,24,960
15:57.025	,-48,-16,992
15:57.025	,-48,-48,1000
15:57.025	,-48,-32,1000
15:57.025	,-40,-16,984
15:57.025	,-48,0,984
15:57.025	,-56,-8,984
15:57.025	,-40,-16,992
15:57.025	,-56,-8,992
15:57.025	,-40,-16,984
15:57.025	,-48,-16,984
15:58.001	,-48,-8,976
15:58.001	,-64,-8,992
15:58.001	,-48,-16,984
15:58.001	,-48,-8,976
15:58.001	,-56,-8,984
15:58.001	,-64,-24,976
15:58.001	,-48,-8,984
15:58.001	,-56,-16,984
15:58.001	,-40,-8,984
15:58.001	,-32,-8,992
15:58.001	,-48,-16,984
15:58.001	,-48,-16,984
15:58.001	,-48,-8,992
15:58.001	,-40,0,992
15:58.001	,-48,-24,968
15:58.001	,-56,-8,992
15:58.001	,-40,-16,992
15:58.001	,-40,-16,984
15:58.001	,-48,-16,984
15:58.001	,-48,-16,992
15:58.001	,-48,-8,984
15:58.001	,-48,-16,1000
15:58.001	,-40,-8,968
15:58.001	,-32,-16,968
15:58.001	,-56,-16,992
15:59.023	,-56,-24,992
15:59.023	,-48,-8,984
15:59.023	,-56,-16,976
15:59.023	,-40,-16,992
15:59.023	,-40,-8,992
15:59.023	,-48,-8,992
15:59.023	,-40,-16,976
15:59.023	,-40,0,992
15:59.023	,-48,-8,976
15:59.023	,-48,-24,984
15:59.023	,-40,-16,1000
15:59.023	,-40,0,976
15:59.023	,-48,8,992
15:59.023	,-40,-8,992
15:59.023	,-48,-8,984
15:59.023	,-48,-16,992
15:59.023	,-40,-8,984
15:59.023	,-48,-8,992
15:59.023	,-48,-8,992
15:59.023	,-48,0,992
15:59.023	,-48,-8,976
15:59.023	,-48,-8,968
15:59.023	,-56,-16,984
15:59.023	,-48,-8,992
15:59.023	,-48,-16,992
16:00.050	,-48,-8,984
16:00.050	,-48,-16,984
16:00.050	,-48,-8,976
16:00.050	,-56,-24,984
16:00.050	,-40,-16,984
16:00.050	,-48,-8,976
16:00.050	,-48,-8,984
16:00.050	,-32,-8,976
16:00.050	,-48,-16,1000
16:00.050	,-32,-8,984
16:00.050	,-48,0,992
16:00.050	,-56,-16,984
16:00.050	,-56,-16,992
16:00.050	,-40,-8,984
16:00.050	,-48,8,992
16:00.050	,-48,-16,984
16:00.050	,-40,-16,984
16:00.050	,-48,-16,976
16:00.050	,-32,-8,984
16:00.050	,-56,0,984
16:00.050	,-48,0,984
16:00.050	,-32,-8,984
16:00.050	,-48,-8,968
16:00.050	,-32,-8,984
16:00.050	,-40,-16,984
16:01.023	,-48,-8,992
16:01.023	,-48,-8,984
16:01.023	,-40,-8,1000
16:01.023	,-32,-16,984
16:01.023	,-56,-8,976
16:01.023	,-48,0,992
16:01.023	,-48,-8,984
16:01.023	,-48,-16,984
16:01.023	,-40,-24,976
16:01.023	,-48,-8,1000
16:01.023	,-48,-16,976
16:01.023	,-40,-24,984
16:01.023	,-48,-16,976
16:01.023	,-40,0,1000
16:01.023	,-56,-16,1000
16:01.023	,-40,-16,992
16:01.023	,-48,-8,984
16:01.023	,-48,-8,984
16:01.023	,-48,-8,984
16:01.023	,-40,-16,976
16:01.023	,-48,-16,984
16:01.023	,-48,-16,984
16:01.023	,-40,-24,976
16:01.023	,-56,-8,976
16:01.023	,-40,-16,992
16:02.047	,-40,-8,976
16:02.047	,-40,-8,984
16:02.047	,-40,-16,992
16:02.047	,-40,-24,976
16:02.047	,-40,-8,992
16:02.047	,-48,-8,984
16:02.047	,-48,-16,984
16:02.047	,-56,-8,976
16:02.047	,-48,-8,984
16:02.047	,-56,-16,992
16:02.047	,-40,0,992
16:02.047	,-48,-16,992
16:02.047	,-48,-16,976
16:02.047	,-24,-16,976
16:02.047	,-48,-8,984
16:02.047	,-48,-16,984
16:02.047	,-40,-16,984
16:02.047	,-40,-16,984
16:02.047	,-40,-16,976
16:02.047	,-56,-8,976
16:02.047	,-40,-16,984
16:02.047	,-48,0,976
16:02.047	,-48,-8,984
16:02.047	,-40,-8,984
16:02.047	,-48,-16,984
16:03.070	,-48,-24,976
16:03.070	,-48,-16,984
16:03.070	,-40,-16,984
16:03.070	,-40,-16,984
16:03.070	,-40,-24,992
16:03.070	,-48,-16,992
16:03.070	,-48,8,984
16:03.070	,-48,-16,976
16:03.070	,-40,-8,984
16:03.070	,-40,-16,976
16:03.070	,-40,-8,984
16:03.070	,-32,-8,1000
16:03.070	,-48,-16,984
16:03.070	,-40,-8,984
16:03.070	,-40,-16,968
16:03.070	,-40,-16,976
16:03.070	,-56,-16,992
16:03.070	,-48,-16,984
16:03.070	,-48,-16,984
16:03.070	,-48,-16,984
16:03.070	,-56,-8,984
16:03.070	,-56,-8,1000
16:03.070	,-40,-8,984
16:03.070	,-48,-8,992
16:03.070	,-32,-16,992
16:04.043	,-40,-16,984
16:04.043	,-48,-8,992
16:04.043	,-48,-8,992
16:04.043	,-56,-8,984
16:04.043	,-56,-16,984
16:04.043	,-48,-8,984
16:04.043	,-48,8,976
16:04.043	,-48,-16,984
16:04.043	,-48,-8,992
16:04.043	,-48,-8,976
16:04.043	,-48,-16,984
16:04.043	,-40,-8,976
16:04.043	,-48,-16,984
16:04.043	,-48,-8,984
16:04.043	,-48,-16,984
16:04.043	,-48,-8,1000
16:04.043	,-48,-16,984
16:04.043	,-48,-8,984
16:04.043	,-56,-16,984
16:04.043	,-40,-16,976
16:04.043	,-48,-8,992
16:04.043	,-48,-16,976
16:04.043	,-48,-16,992
16:04.043	,-40,0,976
16:04.043	,-48,-8,1000
16:05.068	,-40,0,1008
16:05.068	,-48,-8,968
16:05.068	,-48,-16,968
16:05.068	,-48,-16,984
16:05.068	,-48,-8,984
16:05.068	,-40,-16,984
16:05.068	,-48,-8,984
16:05.068	,-48,-8,984
16:05.068	,-40,-8,976
16:05.068	,-40,-8,984
16:05.068	,-32,-8,984
16:05.068	,-40,-8,976
16:05.068	,-48,-8,992
16:05.068	,-40,-16,976
16:05.068	,-48,-8,1000
16:05.068	,-40,-16,976
16:05.068	,-40,-8,992
16:05.068	,-40,-8,992
16:05.068	,-48,0,984
16:05.068	,-48,-8,976
16:05.068	,-48,-16,976
16:05.068	,-56,-24,984
16:05.068	,-40,-8,984
16:05.068	,-40,-8,992
16:05.068	,-40,-16,984
16:06.091	,-48,-16,992
16:06.091	,-40,-8,992
16:06.091	,-40,-16,992
16:06.091	,-48,-16,984
16:06.091	,-40,-16,984
16:06.091	,-48,-16,984
16:06.091	,-48,-8,984
16:06.091	,-48,-16,992
16:06.091	,-32,-16,1000
16:06.091	,-48,-16,976
16:06.091	,-48,-16,984
16:06.091	,-48,-16,984
16:06.091	,-32,-16,976
16:06.091	,-48,-8,984
16:06.091	,-56,-8,984
16:06.091	,-64,-8,976
16:06.091	,-40,-8,992
16:06.091	,-48,-16,984
16:06.091	,-56,-16,976
16:06.091	,-40,-16,992
16:06.091	,-64,-8,984
16:06.091	,-32,-8,976
16:06.091	,-48,-16,1000
16:06.091	,-48,-8,984
16:06.091	,-48,-8,992
16:07.068	,-48,-8,992
16:07.068	,-56,-8,976
16:07.068	,-48,-8,992
16:07.068	,-24,-16,976
16:07.068	,-32,-8,984
16:07.068	,-40,-16,976
16:07.068	,-56,-16,976
16:07.068	,-40,-24,992
16:07.068	,-56,-8,992
16:07.068	,-48,0,992
16:07.068	,-40,-24,984
16:07.068	,-40,-24,984
16:07.068	,-48,0,984
16:07.068	,-40,-16,976
16:07.068	,-48,-8,984
16:07.068	,-40,-24,976
16:07.068	,-40,-8,976
16:07.068	,-40,-16,984
16:07.068	,-48,-8,984
16:07.068	,-40,-8,976
16:07.068	,-48,-8,984
16:07.068	,-48,-8,984
16:07.068	,-32,-16,976
16:07.068	,-48,-16,992
16:07.068	,-48,-8,992
16:08.093	,-48,-24,992
16:08.093	,-192,-672,440
16:08.093	,200,-536,288
16:08.093	,24,-160,1040
16:08.093	,-128,-464,2016
16:08.093	,-672,-752,1480
16:08.093	,-1456,-1288,576
16:08.093	,-1992,-1384,128
16:08.093	,-472,-1304,-56
16:08.093	,-216,-592,-392
16:08.093	,-216,-496,-632
16:08.093	,48,-160,-488
16:08.093	,8,-144,-896
16:08.093	,104,-232,-1064
16:08.093	,56,-184,-1048
16:08.093	,40,-136,-912
16:08.093	,32,-56,-808
16:08.093	,152,-176,-1016
16:08.093	,72,-136,-1008
16:08.093	,-64,-168,-1000
16:08.093	,80,-72,-824
16:08.093	,-104,-168,-800
16:08.093	,-96,-152,-704
16:08.093	,152,-424,-536
16:08.093	,-368,-136,-760
16:09.115	,-8,-96,-488
16:09.115	,-464,-384,-600
16:09.115	,-488,-512,-600
16:09.115	,-368,-232,-368
16:09.115	,-368,-632,288
16:09.115	,-296,-888,136
16:09.115	,-328,-784,296
16:09.115	,-384,-912,296
16:09.115	,-456,-672,256
16:09.115	,-288,-784,376
16:09.115	,-64,-856,648
16:09.115	,16,-784,608
16:09.115	,8,-712,768
16:09.115	,-8,-696,760
16:09.115	,16,-648,688
16:09.115	,-16,-640,824
16:09.115	,16,-648,752
16:09.115	,32,-664,736
16:09.115	,-32,-648,720
16:09.115	,24,-688,712
16:09.115	,96,-728,568
16:09.115	,144,-928,672
16:09.115	,152,-680,680
16:09.115	,160,-784,560
16:09.115	,176,-712,600
16:10.091	,128,-768,600
16:10.091	,200,-728,624
16:10.091	,144,-712,600
16:10.091	,120,-640,640
16:10.091	,168,-600,800
16:10.091	,136,-608,728
16:10.091	,160,-488,912
16:10.091	,40,-472,888
16:10.091	,120,-504,792
16:10.091	,24,-424,968
16:10.091	,96,-400,960
16:10.091	,80,-376,936
16:10.091	,16,-416,912
16:10.091	,0,-392,920
16:10.091	,24,-440,848
16:10.091	,256,-608,840
16:10.091	,408,-640,720
16:10.091	,56,-672,768
16:10.091	,-104,-600,760
16:10.091	,-24,-760,896
16:10.091	,-64,-648,792
16:10.091	,-120,-520,808
16:10.091	,-320,-504,720
16:10.091	,-288,-424,712
16:10.091	,-416,-344,824
16:11.114	,-504,-304,800
16:11.114	,-512,-280,792
16:11.114	,-488,-232,864
16:11.114	,-544,-160,808
16:11.114	,-456,-168,904
16:11.114	,-472,-152,824
16:11.114	,-440,-352,736
16:11.114	,-520,-168,784
16:11.114	,-512,-128,896
16:11.114	,-504,-144,840
16:11.114	,-480,-152,856
16:11.114	,-488,-168,824
16:11.114	,-464,-160,824
16:11.114	,-488,-168,848
16:11.114	,-456,-176,848
16:11.114	,-464,-176,904
16:11.114	,-472,-216,856
16:11.114	,-424,-208,888
16:11.114	,-408,-176,904
16:11.114	,-432,-192,880
16:11.114	,-448,-192,848
16:11.114	,-448,-200,872
16:11.114	,-440,-192,904
16:11.114	,-448,-200,880
16:11.114	,-456,-216,880
16:12.138	,-432,-232,888
16:12.138	,-416,-240,872
16:12.138	,-416,-232,864
16:12.138	,-376,-248,904
16:12.138	,-368,-296,864
16:12.138	,-384,-312,856
16:12.138	,-384,-280,896
16:12.138	,-416,-320,888
16:12.138	,-408,-312,896
16:12.138	,-392,-248,840
16:12.138	,-400,-288,904
16:12.138	,-408,-312,888
16:12.138	,-392,-240,864
16:12.138	,-416,-288,888
16:12.138	,-424,-304,888
16:12.138	,-408,-264,856
16:12.138	,-432,-296,864
16:12.138	,-432,-272,880
16:12.138	,-432,-256,864
16:12.138	,-448,-248,872
16:12.138	,-440,-240,848
16:12.138	,-472,-256,848
16:12.138	,-448,-256,848
16:12.138	,-512,-224,880
16:12.138	,-544,-240,824
16:13.114	,-600,-112,720
16:13.114	,-680,-192,688
16:13.114	,-728,-216,808
16:13.114	,-680,-256,720
16:13.114	,-720,-200,616
16:13.114	,-744,-168,640
16:13.114	,-768,-192,600
16:13.114	,-800,-184,592
16:13.114	,-792,-184,608
16:13.114	,-816,-160,568
16:13.114	,-832,-152,560
16:13.114	,-784,-144,560
16:13.114	,-888,-120,552
16:13.114	,-840,-104,536
16:13.114	,-840,-144,520
16:13.114	,-848,-144,528
16:13.114	,-680,-176,632
16:13.114	,-800,-168,568
16:13.114	,-808,-200,576
16:13.114	,-808,-184,584
16:13.114	,-816,-200,616
16:13.114	,-784,-200,584
16:13.114	,-808,-224,600
16:13.114	,-800,-240,624
16:13.114	,-744,-232,592
16:14.139	,-808,-248,600
16:14.139	,-744,-232,616
16:14.139	,-784,-264,584
16:14.139	,-760,-248,640
16:14.139	,-752,-264,632
16:14.139	,-760,-248,592
16:14.139	,-744,-272,624
16:14.139	,-736,-280,624
16:14.139	,-728,-280,624
16:14.139	,-720,-256,616
16:14.139	,-720,-272,616
16:14.139	,-768,-264,608
16:14.139	,-736,-256,616
16:14.139	,-784,-264,624
16:14.139	,-752,-264,624
16:14.139	,-752,-256,632
16:14.139	,-728,-256,632
16:14.139	,-744,-256,648
16:14.139	,-720,-248,632
16:14.139	,-728,-264,640
16:14.139	,-736,-264,640
16:14.139	,-760,-272,648
16:14.139	,-744,-256,664
16:14.139	,-720,-240,640
16:14.139	,-728,-256,664
16:15.160	,-680,-240,640
16:15.160	,-752,-248,656
16:15.160	,-776,-248,648
16:15.160	,-744,-248,632
16:15.160	,-728,-248,640
16:15.160	,-712,-256,672
16:15.160	,-704,-264,696
16:15.160	,-720,-264,704
16:15.160	,-688,-256,688
16:15.160	,-680,-272,688
16:15.160	,-672,-288,704
16:15.160	,-656,-288,688
16:15.160	,-648,-304,696
16:15.160	,-640,-328,720
16:15.160	,-616,-328,720
16:15.160	,-632,-320,696
16:15.160	,-592,-304,688
16:15.160	,-592,-320,704
16:15.160	,-624,-336,704
16:15.160	,-584,-336,712
16:15.160	,-616,-352,752
16:15.160	,-592,-368,760
16:15.160	,-600,-368,736
16:15.160	,-600,-384,744
16:15.160	,-600,-368,736
16:16.137	,-584,-360,744
16:16.137	,-592,-376,736
16:16.137	,-600,-368,720
16:16.137	,-560,-368,720
16:16.137	,-600,-376,704
16:16.137	,-576,-384,720
16:16.137	,-560,-400,752
16:16.137	,-568,-400,720
16:16.137	,-544,-384,720
16:16.137	,-536,-392,720
16:16.137	,-592,-416,736
16:16.137	,-576,-416,760
16:16.137	,-568,-400,728
16:16.137	,-568,-392,728
16:16.137	,-560,-392,744
16:16.137	,-576,-392,736
16:16.137	,-584,-384,736
16:16.137	,-584,-376,744
16:16.137	,-568,-400,728
16:16.137	,-552,-392,752
16:16.137	,-600,-376,728
16:16.137	,-584,-368,720
16:16.137	,-600,-376,736
16:16.137	,-592,-392,744
16:16.137	,-600,-392,744
16:17.159	,-560,-400,712
16:17.159	,-560,-392,720
16:17.159	,-592,-392,744
16:17.159	,-568,-392,736
16:17.159	,-568,-376,704
16:17.159	,-592,-384,720
16:17.159	,-608,-384,752
16:17.159	,-576,-392,720
16:17.159	,-568,-400,704
16:17.159	,-576,-400,728
16:17.159	,-576,-408,704
16:17.159	,-544,-416,728
16:17.159	,-560,-424,744
16:17.159	,-552,-416,744
16:17.159	,-544,-424,752
16:17.159	,-568,-408,736
16:17.159	,-568,-408,704
16:17.159	,-576,-408,728
16:17.159	,-552,-408,736
16:17.159	,-536,-408,736
16:17.159	,-552,-424,792
16:17.159	,-512,-400,776
16:17.159	,-520,-400,760
16:17.159	,-512,-400,728
16:17.159	,-512,-408,728
16:18.182	,-536,-432,744
16:18.182	,-536,-432,736
16:18.182	,-528,-440,736
16:18.182	,-536,-448,712
16:18.182	,-520,-440,760
16:18.182	,-488,-440,760
16:18.182	,-512,-432,776
16:18.182	,-504,-416,744
16:18.182	,-520,-408,728
16:18.182	,-528,-416,776
16:18.182	,-528,-408,776
16:18.182	,-528,-416,792
16:18.182	,-512,-424,760
16:18.182	,-512,-416,744
16:18.182	,-512,-440,776
16:18.182	,-480,-416,784
16:18.182	,-528,-432,768
16:18.182	,-504,-416,776
16:18.182	,-504,-424,776
16:18.182	,-520,-424,768
16:18.182	,-528,-432,752
16:18.182	,-528,-432,768
16:18.182	,-504,-440,768
16:18.182	,-488,-448,752
16:18.182	,-496,-440,752
16:19.158	,-480,-456,760
16:19.158	,-496,-448,752
16:19.158	,-472,-456,760
16:19.158	,-464,-448,760
16:19.158	,-496,-424,768
16:19.158	,-504,-408,736
16:19.158	,-536,-416,776
16:19.158	,-528,-424,808
16:19.158	,-520,-400,800
16:19.158	,-504,-416,784
16:19.158	,-488,-416,720
16:19.158	,-488,-440,760
16:19.158	,-472,-472,784
16:19.158	,-472,-456,800
16:19.158	,-488,-448,776
16:19.158	,-464,-432,768
16:19.158	,-448,-432,760
16:19.158	,-464,-432,760
16:19.158	,-456,-440,768
16:19.158	,-472,-424,736
16:19.158	,-528,-448,744
16:19.158	,-536,-432,712
16:19.158	,-504,-448,688
16:19.158	,-488,-456,768
16:19.158	,-536,-472,736
16:20.185	,-568,-512,896
16:20.185	,-544,-456,744
16:20.185	,-512,-416,728
16:20.185	,-560,-424,600
16:20.185	,-592,-392,688
16:20.185	,-760,-424,728
16:20.185	,-648,-320,736
16:20.185	,-856,-440,784
16:20.185	,-792,-344,760
16:20.185	,-784,-312,688
16:20.185	,-696,-256,544
16:20.185	,-664,-256,520
16:20.185	,-712,-256,488
16:20.185	,-752,-296,544
16:20.185	,-736,-320,552
16:20.185	,-768,-336,512
16:20.185	,-784,-384,568
16:20.185	,-848,-360,496
16:20.185	,-784,-336,576
16:20.185	,-848,-368,568
16:20.185	,-784,-304,480
16:20.185	,-824,-320,496
16:20.185	,-752,-304,464
16:20.185	,-760,-296,464
16:20.185	,-768,-288,432
16:21.205	,-784,-288,512
16:21.205	,-888,-312,496
16:21.205	,-896,-336,544
16:21.205	,-848,-328,392
16:21.205	,-776,-296,360
16:21.205	,-728,-320,440
16:21.205	,-920,-312,512
16:21.205	,-888,-296,456
16:21.205	,-888,-272,448
16:21.205	,-1056,-320,456
16:21.205	,-1040,-272,416
16:21.205	,-1048,-312,512
16:21.205	,-1032,-272,456
16:21.205	,-1016,-240,400
16:21.205	,-944,-288,448
16:21.205	,-856,-264,400
16:21.205	,-800,-264,328
16:21.205	,-776,-288,384
16:21.205	,-816,-272,360
16:21.205	,-816,-216,320
16:21.205	,-968,-288,384
16:21.205	,-888,-232,328
16:21.205	,-888,-240,328
16:21.205	,-976,-248,328
16:21.205	,-960,-256,384
16:22.229	,-992,-280,392
16:22.229	,-952,-288,352
16:22.229	,-856,-264,352
16:22.229	,-928,-240,344
16:22.229	,-920,-232,328
16:22.229	,-928,-232,352
16:22.229	,-944,-216,320
16:22.229	,-888,-200,392
16:22.229	,-960,-224,376
16:22.229	,-952,-208,408
16:22.229	,-976,-256,464
16:22.229	,-960,-240,408
16:22.229	,-872,-176,360
16:22.229	,-856,-192,392
16:22.229	,-880,-184,344
16:22.229	,-936,-200,432
16:22.229	,-960,-232,432
16:22.229	,-976,-216,408
16:22.229	,-968,-200,384
16:22.229	,-928,-216,376
16:22.229	,-896,-200,360
16:22.229	,-952,-240,368
16:22.229	,-912,-192,312
16:22.229	,-864,-184,376
16:22.229	,-920,-248,392
16:23.205	,-904,-232,392
16:23.205	,-896,-208,392
16:23.205	,-952,-192,352
16:23.205	,-944,-184,352
16:23.205	,-960,-184,352
16:23.205	,-944,-176,376
16:23.205	,-960,-184,392
16:23.205	,-936,-176,360
16:23.205	,-936,-176,376
16:23.205	,-904,-144,376
16:23.205	,-984,-104,360
16:23.205	,-904,-96,320
16:23.205	,-928,-128,360
16:23.205	,-904,-120,288
16:23.205	,-808,-152,272
16:23.205	,-648,-296,-216
16:23.205	,-96,-32,-48
16:23.205	,-104,-24,-48
16:23.205	,-88,-32,-56
16:23.205	,-80,-40,-64
16:23.205	,-96,-24,-48
16:23.205	,-72,-32,-56
16:23.205	,-72,-24,-24
16:23.205	,-80,-32,-16
16:23.205	,-96,-32,24
16:24.230	,-120,-32,40
16:24.230	,-1656,-1000,-1024
16:24.230	,-4080,-24,-4080
16:24.230	,-4080,-4080,-4080
16:24.230	,4080,-2200,-4080
16:24.230	,-4080,2008,-4080
16:24.230	,-4080,-4080,-4080
16:24.230	,-1184,-1824,-4080
16:24.230	,-4080,-2840,-4080
16:24.230	,-1568,-4080,-4080
16:24.230	,-1016,-544,-1224
16:24.230	,-272,-712,-792
16:24.230	,48,-488,48
16:24.230	,584,-480,-632
16:24.230	,88,320,-576
16:24.230	,24,-264,-224
16:24.230	,-496,-160,-2360
16:24.230	,-528,-192,-360
16:24.230	,224,-400,-144
16:24.230	,-192,240,-48
16:24.230	,-200,40,-288
16:24.230	,-256,-600,-600
16:24.230	,312,-328,-728
16:24.230	,-192,0,8
16:24.230	,-736,-192,-1048
16:25.251	,-88,-120,-1688
16:25.251	,32,-192,-376
16:25.251	,88,96,-1064
16:25.251	,-296,-352,-304
16:25.251	,-504,-192,-632
16:25.251	,192,-160,-1856
16:25.251	,-424,-376,-1536
16:25.251	,104,64,-208
16:25.251	,-152,-64,-112
16:25.251	,-192,56,-1472
16:25.251	,-272,-16,432
16:25.251	,-128,-80,-416
16:25.251	,-312,-344,-160
16:25.251	,-184,-128,-448
16:25.251	,96,-88,232
16:25.251	,-232,-104,-712
16:25.251	,16,-152,-888
16:25.251	,-664,448,-1616
16:25.251	,-648,-1016,-1304
16:25.251	,-104,8,-664
16:25.251	,-384,-8,-1864
16:25.251	,-80,-152,-48
16:25.251	,336,200,-2088
16:25.251	,-56,64,-216
16:25.251	,-256,96,-720
16:26.228	,-152,-64,-624
16:26.228	,-232,-40,-1056
16:26.228	,40,-232,-576
16:26.228	,-16,8,-992
16:26.228	,-24,8,-984
16:26.228	,-32,8,-1000
16:26.228	,-24,0,-984
16:26.228	,-32,0,-992
16:26.228	,-16,8,-992
16:26.228	,-16,8,-992
16:26.228	,-32,8,-984
16:26.228	,-24,8,-992
16:26.228	,-32,8,-992
16:26.228	,-32,8,-992
16:26.228	,-24,0,-1008
16:26.228	,-16,0,-992
16:26.228	,-24,8,-992
16:26.228	,-32,0,-992
16:26.228	,-24,0,-1000
16:26.228	,-24,0,-992
16:26.228	,-24,8,-1008
16:26.228	,-24,16,-984
16:26.228	,-24,16,-992
16:26.228	,-32,8,-1000
16:26.228	,-16,24,-1000
16:27.253	,-24,8,-1000
16:27.253	,-24,8,-992
16:27.253	,-24,8,-992
16:27.253	,-24,8,-992
16:27.253	,-24,8,-1000
16:27.253	,-32,0,-992
16:27.253	,-32,8,-992
16:27.253	,-16,8,-992
16:27.253	,-24,16,-992
16:27.253	,-24,16,-992
16:27.253	,-32,16,-1000
16:27.253	,-16,16,-1000
16:27.253	,-32,8,-984
16:27.253	,-32,8,-992
16:27.253	,-32,8,-1000
16:27.253	,-24,0,-992
16:27.253	,-24,8,-992
16:27.253	,-24,16,-1000
16:27.253	,-16,8,-992
16:27.253	,-16,8,-992
16:27.253	,-32,8,-992
16:27.253	,-32,16,-992
16:27.253	,-16,8,-992
16:27.253	,-16,8,-992
16:27.253	,-24,8,-984
16:28.273	,-32,16,-1000
16:28.273	,-24,8,-992
16:28.273	,-24,8,-984
16:28.273	,-24,8,-992
16:28.273	,-32,8,-992
16:28.273	,-24,0,-984
16:28.273	,-24,8,-992
16:28.273	,-24,8,-1000
16:28.273	,-32,8,-992
16:28.273	,-24,8,-1000
16:28.273	,-32,0,-992
16:28.273	,-24,16,-992
16:28.273	,-24,8,-1008
16:28.273	,-24,8,-984
16:28.273	,-24,8,-992
16:28.273	,-24,16,-992
16:28.273	,-32,8,-992
16:28.273	,-24,8,-984
16:28.273	,-24,8,-992
16:28.273	,-32,16,-1000
16:28.273	,-24,8,-992
16:28.273	,-24,16,-992
16:28.273	,-24,8,-1000
16:28.273	,-24,8,-984
16:28.273	,-24,8,-992
16:29.249	,-32,8,-992
16:29.249	,-16,16,-984
16:29.249	,-32,16,-984
16:29.249	,-16,16,-976
16:29.249	,-32,0,-1008
16:29.249	,-16,0,-1000
16:29.249	,-24,16,-992
16:29.249	,-32,0,-992
16:29.249	,-32,8,-1000
16:29.249	,-24,8,-992
16:29.249	,-24,16,-1000
16:29.249	,-16,8,-1000
16:29.249	,-16,8,-1000
16:29.249	,-24,16,-1000
16:29.249	,-16,16,-1000
16:29.249	,-32,8,-1000
16:29.249	,-32,8,-1000
16:29.249	,-24,8,-1000
16:29.249	,-32,16,-992
16:29.249	,-24,8,-984
16:29.249	,-24,0,-992
16:29.249	,-24,8,-1000
16:29.249	,-24,8,-992
16:29.249	,-32,0,-1000
16:29.249	,-24,0,-984
16:30.275	,-24,8,-1008
16:30.275	,-32,16,-1000
16:30.275	,-32,0,-1000
16:30.275	,-24,16,-992
16:30.275	,-24,16,-1000
16:30.275	,-32,8,-992
16:30.275	,-32,16,-1000
16:30.275	,-16,8,-992
16:30.275	,-32,8,-1000
16:30.275	,-24,8,-992
16:30.275	,-32,8,-992
16:30.275	,-24,8,-992
16:30.275	,-24,8,-992
16:30.275	,-32,16,-992
16:30.275	,-24,8,-992
16:30.275	,-24,8,-992
16:30.275	,-24,0,-992
16:30.275	,-32,0,-992
16:30.275	,-16,16,-992
16:30.275	,-24,16,-992
16:30.275	,-32,8,-992
16:30.275	,-16,16,-984
16:30.275	,-16,0,-976
16:30.275	,-32,8,-992
16:30.275	,-24,8,-992
16:31.298	,-32,16,-992
16:31.298	,-32,16,-992
16:31.298	,-24,0,-984
16:31.298	,-24,32,-992
16:31.298	,-16,8,-992
16:31.298	,-24,8,-1000
16:31.298	,-8,8,-992
16:31.298	,-16,8,-992
16:31.298	,-32,8,-992
16:31.298	,-16,0,-992
16:31.298	,-32,8,-992
16:31.298	,-16,8,-1000
16:31.298	,-32,8,-1000
16:31.298	,-24,8,-992
16:31.298	,-16,16,-992
16:31.298	,-24,8,-984
16:31.298	,-24,8,-992
16:31.298	,-32,8,-1008
16:31.298	,-40,16,-992
16:31.298	,-24,8,-984
16:31.298	,-24,16,-992
16:31.298	,-32,16,-1000
16:31.298	,-24,0,-992
16:31.298	,-24,8,-1000
16:31.298	,-24,8,-992
16:32.271	,-24,8,-992
16:32.271	,-24,16,-1000
16:32.271	,-16,16,-992
16:32.271	,-24,0,-992
16:32.271	,-24,8,-1000
16:32.271	,-32,8,-984
16:32.271	,-24,8,-992
16:32.271	,-24,8,-992
16:32.271	,-32,8,-992
16:32.271	,-32,0,-984
16:32.271	,-16,8,-1008
16:32.271	,-24,16,-1000
16:32.271	,-16,8,-1000
16:32.271	,-32,8,-1000
16:32.271	,-32,8,-1000
16:32.271	,-24,16,-992
16:32.271	,-24,8,-1000
16:32.271	,-32,8,-1000
16:32.271	,-24,8,-984
16:32.271	,-24,8,-992
16:32.271	,-24,8,-1016
16:32.271	,-24,8,-984
16:32.271	,-32,8,-992
16:32.271	,-24,8,-984
16:32.271	,-24,8,-1000
16:33.296	,-24,16,-984
16:33.296	,-32,8,-992
16:33.296	,-32,0,-1000
16:33.296	,-16,16,-1000
16:33.296	,-24,16,-992
16:33.296	,-24,8,-1000
16:33.296	,-24,16,-992
16:33.296	,-32,8,-1000
16:33.296	,-16,8,-992
16:33.296	,-24,16,-992
16:33.296	,-32,8,-992
16:33.296	,-24,16,-992
16:33.296	,-32,0,-992
16:33.296	,-24,16,-1000
16:33.296	,-16,8,-1000
16:33.296	,-24,16,-992
16:33.296	,-48,16,-992
16:33.296	,-24,8,-984
16:33.296	,-24,8,-1000
16:33.296	,-24,-8,-1000
16:33.296	,-24,0,-1000
16:33.296	,-24,8,-984
16:33.296	,-24,8,-992
16:33.296	,-24,0,-1000
16:33.296	,-24,8,-1000
16:34.319	,-24,-8,-1000
16:34.319	,-32,16,-1000
16:34.319	,-32,0,-1008
16:34.319	,-16,8,-992
16:34.319	,-24,8,-992
16:34.319	,-24,16,-1000
16:34.319	,-24,0,-992
16:34.319	,-24,8,-984
16:34.319	,-24,8,-984
16:34.319	,-24,8,-992
16:34.319	,-32,16,-984
16:34.319	,-24,8,-1016
16:34.319	,-16,16,-992
16:34.319	,-16,8,-992
16:34.319	,-24,8,-992
16:34.319	,-24,8,-1000
16:34.319	,-24,16,-1000
16:34.319	,-40,8,-992
16:34.319	,-24,8,-1000
16:34.319	,-32,16,-992
16:34.319	,-16,16,-992
16:34.319	,-24,-8,-984
16:34.319	,-32,-8,-1000
16:34.319	,-24,8,-1008
16:34.319	,-32,16,-984
16:35.295	,-24,16,-992
16:35.295	,-24,8,-1000
16:35.295	,-24,8,-992
16:35.295	,-24,8,-984
16:35.295	,-16,16,-1000
16:35.295	,-16,0,-1000
16:35.295	,-24,8,-1000
16:35.295	,-24,0,-992
16:35.295	,-24,0,-992
16:35.295	,-24,8,-1000
16:35.295	,-16,16,-984
16:35.295	,-24,8,-1000
16:35.295	,-40,8,-1000
16:35.295	,-24,8,-992
16:35.295	,-24,8,-992
16:35.295	,-88,8,-1000
16:35.295	,-112,-64,-1048
16:35.295	,-416,112,-1056
16:35.295	,-504,16,-872
16:35.295	,-744,48,-616
16:35.295	,-968,-16,-304
16:35.295	,-1064,32,-88
16:35.295	,-1224,-48,-216
16:35.295	,-944,-80,-472
16:35.295	,-1000,-32,-584
16:36.368	,-648,8,-792
16:36.368	,-608,48,-912
16:36.368	,-648,24,-976
16:36.368	,-272,-88,-856
16:36.368	,-96,-88,-968
16:36.368	,96,144,-744
16:36.368	,280,-16,-888
16:36.368	,496,-120,-896
16:36.368	,560,-288,-704
16:36.368	,640,-176,-848
16:36.368	,584,-216,-824
16:36.368	,648,-152,-576
16:36.368	,656,208,-256
16:36.368	,80,456,168
16:36.368	,352,272,-240
16:36.368	,-72,336,160
16:36.368	,232,520,-464
16:36.368	,456,152,-720
16:36.368	,200,352,-904
16:36.368	,560,104,-696
16:36.368	,368,160,-1096
16:36.368	,344,-56,-1112
16:36.368	,144,-32,-1048
16:36.368	,336,-192,-1416
16:36.368	,104,-104,-1424
16:37.341	,320,-152,-1152
16:37.341	,40,-264,-1320
16:37.341	,312,-136,-1760
16:37.341	,352,-256,-1520
16:37.341	,336,-232,-1384
16:37.341	,320,-160,-1288
16:37.341	,336,-32,-1240
16:37.341	,336,32,-992
16:37.341	,344,152,-792
16:37.341	,736,-872,-944
16:37.341	,432,200,-776
16:37.341	,624,112,-672
16:37.341	,888,0,-392
16:37.341	,768,-8,-696
16:37.341	,792,-72,-576
16:37.341	,736,-96,-552
16:37.341	,616,-72,-592
16:37.341	,680,-80,-552
16:37.341	,648,-80,-488
16:37.341	,640,-96,-520
16:37.341	,552,-64,-408
16:37.341	,480,16,-528
16:37.341	,504,-8,-424
16:37.341	,592,88,-520
16:37.341	,416,-24,-432
16:38.365	,848,48,-480
16:38.365	,928,168,-440
16:38.365	,856,280,-472
16:38.365	,696,272,-424
16:38.365	,728,352,-288
16:38.365	,784,384,-416
16:38.365	,648,376,-472
16:38.365	,704,304,-376
16:38.365	,664,392,-408
16:38.365	,776,480,-392
16:38.365	,664,424,-368
16:38.365	,624,504,-400
16:38.365	,672,504,-360
16:38.365	,792,536,-400
16:38.365	,784,552,-384
16:38.365	,840,504,-352
16:38.365	,760,472,-352
16:38.365	,728,448,-408
16:38.365	,760,512,-448
16:38.365	,744,424,-528
16:38.365	,1072,344,-568
16:38.365	,1016,320,-640
16:38.365	,800,208,-512
16:38.365	,720,216,-472
16:38.365	,656,240,-520
16:39.342	,696,304,-520
16:39.342	,664,400,-496
16:39.342	,744,464,-408
16:39.342	,744,488,-352
16:39.342	,720,472,-384
16:39.342	,728,504,-424
16:39.342	,640,504,-456
16:39.342	,600,520,-440
16:39.342	,616,552,-456
16:39.342	,608,560,-432
16:39.342	,640,568,-440
16:39.342	,704,576,-496
16:39.342	,712,560,-552
16:39.342	,824,528,-608
16:39.342	,912,504,-488
16:39.342	,1136,408,-544
16:39.342	,1104,424,-608
16:39.342	,928,336,-488
16:39.342	,896,352,-384
16:39.342	,824,320,-360
16:39.342	,776,320,-296
16:39.342	,776,320,-304
16:39.342	,728,352,-304
16:39.342	,680,384,-296
16:39.342	,656,416,-320
16:40.365	,648,400,-368
16:40.365	,584,432,-400
16:40.365	,568,448,-424
16:40.365	,600,512,-392
16:40.365	,664,512,-464
16:40.365	,656,528,-472
16:40.365	,624,552,-488
16:40.365	,680,528,-512
16:40.365	,656,552,-544
16:40.365	,744,528,-592
16:40.365	,824,512,-624
16:40.365	,848,456,-632
16:40.365	,920,400,-640
16:40.365	,1016,344,-672
16:40.365	,848,296,-568
16:40.365	,744,272,-480
16:40.365	,776,240,-480
16:40.365	,752,232,-472
16:40.365	,720,240,-488
16:40.365	,712,280,-528
16:40.365	,656,368,-504
16:40.365	,584,352,-424
16:40.365	,568,368,-432
16:40.365	,552,344,-472
16:40.365	,584,328,-520
16:41.387	,600,360,-616
16:41.387	,616,392,-672
16:41.387	,632,384,-688
16:41.387	,648,408,-720
16:41.387	,728,416,-704
16:41.387	,704,456,-752
16:41.387	,768,464,-712
16:41.387	,816,440,-728
16:41.387	,936,400,-712
16:41.387	,880,424,-592
16:41.387	,744,368,-480
16:41.387	,760,400,-464
16:41.387	,736,368,-480
16:41.387	,680,344,-504
16:41.387	,640,360,-512
16:41.387	,600,320,-512
16:41.387	,568,344,-496
16:41.387	,536,368,-544
16:41.387	,536,376,-544
16:41.387	,504,416,-568
16:41.387	,544,424,-592
16:41.387	,576,424,-624
16:41.387	,664,416,-712
16:41.387	,704,400,-720
16:41.387	,672,392,-688
16:42.365	,672,448,-696
16:42.365	,736,392,-744
16:42.365	,864,288,-824
16:42.365	,840,248,-800
16:42.365	,752,184,-648
16:42.365	,728,184,-568
16:42.365	,688,144,-568
16:42.365	,664,176,-560
16:42.365	,632,184,-560
16:42.365	,576,208,-552
16:42.365	,560,248,-584
16:42.365	,560,240,-600
16:42.365	,592,240,-624
16:42.365	,568,248,-616
16:42.365	,608,248,-640
16:42.365	,584,232,-672
16:42.365	,592,232,-680
16:42.365	,584,272,-704
16:42.365	,600,280,-728
16:42.365	,624,272,-752
16:42.365	,632,256,-752
16:42.365	,704,256,-760
16:42.365	,768,272,-800
16:42.365	,912,240,-824
16:42.365	,1032,192,-784
16:43.386	,928,200,-712
16:43.386	,776,216,-536
16:43.386	,824,240,-520
16:43.386	,840,192,-544
16:43.386	,792,184,-552
16:43.386	,640,208,-536
16:43.386	,568,240,-472
16:43.386	,560,320,-432
16:43.386	,600,360,-368
16:43.386	,640,408,-360
16:43.386	,672,440,-376
16:43.386	,672,488,-352
16:43.386	,664,504,-352
16:43.386	,688,504,-408
16:43.386	,712,520,-424
16:43.386	,712,528,-440
16:43.386	,704,544,-504
16:43.386	,664,536,-552
16:43.386	,752,544,-584
16:43.386	,800,504,-616
16:43.386	,832,496,-560
16:43.386	,960,456,-608
16:43.386	,1016,376,-632
16:43.386	,856,336,-536
16:43.386	,744,288,-464
16:44.410	,760,304,-472
16:44.410	,800,272,-472
16:44.410	,752,248,-472
16:44.410	,648,256,-496
16:44.410	,600,304,-464
16:44.410	,608,328,-480
16:44.410	,632,376,-488
16:44.410	,608,368,-512
16:44.410	,640,368,-544
16:44.410	,640,376,-560
16:44.410	,648,360,-560
16:44.410	,672,384,-576
16:44.410	,656,400,-600
16:44.410	,720,432,-616
16:44.410	,784,456,-640
16:44.410	,848,440,-712
16:44.410	,944,432,-680
16:44.410	,1000,424,-632
16:44.410	,952,376,-560
16:44.410	,744,344,-448
16:44.410	,760,352,-400
16:44.410	,824,344,-432
16:44.410	,752,296,-424
16:44.410	,680,288,-400
16:44.410	,672,344,-440
16:45.387	,672,352,-488
16:45.387	,592,376,-464
16:45.387	,608,400,-448
16:45.387	,600,408,-480
16:45.387	,584,440,-472
16:45.387	,624,456,-440
16:45.387	,672,480,-488
16:45.387	,696,480,-536
16:45.387	,712,496,-552
16:45.387	,688,520,-584
16:45.387	,736,528,-624
16:45.387	,744,504,-616
16:45.387	,816,496,-704
16:45.387	,936,448,-680
16:45.387	,896,352,-672
16:45.387	,776,280,-552
16:45.387	,768,240,-496
16:45.387	,744,240,-576
16:45.387	,704,272,-552
16:45.387	,664,328,-496
16:45.387	,656,368,-512
16:45.387	,592,400,-448
16:45.387	,584,416,-448
16:45.387	,600,408,-464
16:45.387	,576,400,-464
16:46.408	,552,400,-496
16:46.408	,552,432,-528
16:46.408	,608,456,-544
16:46.408	,616,496,-584
16:46.408	,696,504,-640
16:46.408	,688,528,-640
16:46.408	,776,496,-664
16:46.408	,856,488,-600
16:46.408	,992,520,-544
16:46.408	,1016,528,-480
16:46.408	,880,512,-328
16:46.408	,824,496,-400
16:46.408	,752,328,-440
16:46.408	,800,344,-336
16:46.408	,864,248,-544
16:46.408	,528,320,-496
16:46.408	,504,248,-528
16:46.408	,536,304,-600
16:46.408	,536,224,-584
16:46.408	,464,256,-616
16:46.408	,496,288,-560
16:46.408	,528,304,-736
16:46.408	,520,280,-752
16:46.408	,416,336,-856
16:46.408	,496,344,-800
16:47.431	,568,288,-872
16:47.431	,616,224,-896
16:47.431	,672,216,-960
16:47.431	,664,152,-984
16:47.431	,712,112,-992
16:47.431	,736,72,-960
16:47.431	,696,64,-792
16:47.431	,664,80,-720
16:47.431	,680,16,-632
16:47.431	,728,160,-608
16:47.431	,672,176,-584
16:47.431	,648,224,-552
16:47.431	,560,224,-512
16:47.431	,576,200,-600
16:47.431	,608,240,-568
16:47.431	,608,232,-568
16:47.431	,592,272,-560
16:47.431	,520,256,-592
16:47.431	,528,248,-656
16:47.431	,528,288,-760
16:47.431	,488,240,-816
16:47.431	,480,312,-848
16:47.431	,552,328,-832
16:47.431	,608,320,-744
16:47.431	,680,320,-744
16:48.406	,688,272,-712
16:48.406	,736,272,-632
16:48.406	,736,280,-648
16:48.406	,664,288,-584
16:48.406	,664,312,-576
16:48.406	,648,320,-624
16:48.406	,656,360,-648
16:48.406	,672,352,-584
16:48.406	,664,312,-656
16:48.406	,624,304,-656
16:48.406	,576,232,-648
16:48.406	,472,240,-744
16:48.406	,528,208,-888
16:48.406	,552,264,-728
16:48.406	,520,232,-808
16:48.406	,568,232,-760
16:48.406	,576,216,-760
16:48.406	,616,176,-864
16:48.406	,640,184,-864
16:48.406	,616,120,-896
16:48.406	,624,120,-840
16:48.406	,544,112,-768
16:48.406	,456,104,-736
16:48.406	,448,120,-824
16:48.406	,488,56,-824
16:49.430	,552,8,-728
16:49.430	,584,32,-864
16:49.430	,488,152,-776
16:49.430	,488,160,-712
16:49.430	,504,136,-784
16:49.430	,512,168,-872
16:49.430	,464,200,-904
16:49.430	,456,264,-888
16:49.430	,472,200,-912
16:49.430	,544,264,-896
16:49.430	,680,288,-888
16:49.430	,648,328,-760
16:49.430	,664,344,-752
16:49.430	,776,304,-712
16:49.430	,720,248,-624
16:49.430	,600,256,-600
16:49.430	,688,240,-664
16:49.430	,688,256,-696
16:49.430	,584,240,-664
16:49.430	,376,216,-640
16:49.430	,456,296,-680
16:49.430	,528,176,-904
16:49.430	,504,216,-800
16:49.430	,496,240,-816
16:49.430	,496,328,-720
16:50.455	,472,312,-704
16:50.455	,480,368,-760
16:50.455	,576,352,-760
16:50.455	,632,344,-728
16:50.455	,600,352,-752
16:50.455	,656,320,-800
16:50.455	,664,304,-792
16:50.455	,648,280,-776
16:50.455	,608,256,-704
16:50.455	,600,288,-648
16:50.455	,672,280,-656
16:50.455	,600,264,-680
16:50.455	,504,344,-624
16:50.455	,504,416,-664
16:50.455	,504,400,-664
16:50.455	,552,416,-672
16:50.455	,512,400,-712
16:50.455	,504,416,-680
16:50.455	,536,472,-680
16:50.455	,568,488,-688
16:50.455	,616,456,-704
16:50.455	,672,496,-672
16:50.455	,656,512,-664
16:50.455	,720,512,-664
16:50.455	,768,504,-552
16:51.429	,680,456,-544
16:51.429	,648,424,-536
16:51.429	,624,424,-528
16:51.429	,640,416,-536
16:51.429	,640,424,-544
16:51.429	,568,408,-576
16:51.429	,536,416,-552
16:51.429	,528,440,-576
16:51.429	,576,424,-560
16:51.429	,552,464,-640
16:51.429	,592,464,-704
16:51.429	,536,496,-672
16:51.429	,632,488,-664
16:51.429	,656,480,-656
16:51.429	,688,464,-680
16:51.429	,704,456,-728
16:51.429	,752,384,-696
16:51.429	,688,336,-624
16:51.429	,592,344,-544
16:51.429	,600,368,-520
16:51.429	,656,352,-568
16:51.429	,720,352,-584
16:51.429	,696,432,-576
16:51.429	,536,408,-568
16:51.429	,520,416,-600
16:52.453	,584,456,-576
16:52.453	,568,416,-616
16:52.453	,584,424,-640
16:52.453	,568,456,-664
16:52.453	,552,464,-688
16:52.453	,600,416,-704
16:52.453	,696,424,-680
16:52.453	,704,448,-696
16:52.453	,720,456,-640
16:52.453	,760,512,-576
16:52.453	,720,448,-544
16:52.453	,664,440,-544
16:52.453	,648,424,-584
16:52.453	,680,424,-552
16:52.453	,632,416,-560
16:52.453	,592,408,-560
16:52.453	,552,384,-544
16:52.453	,544,384,-584
16:52.453	,552,432,-640
16:52.453	,568,440,-632
16:52.453	,568,400,-688
16:52.453	,592,416,-680
16:52.453	,656,416,-704
16:52.453	,624,384,-760
16:52.453	,504,512,-760
16:53.477	,672,312,-792
16:53.477	,552,272,-824
16:53.477	,552,232,-696
16:53.477	,600,200,-680
16:53.477	,528,160,-728
16:53.477	,488,264,-720
16:53.477	,464,272,-680
16:53.477	,344,312,-712
16:53.477	,488,272,-768
16:53.477	,472,352,-784
16:53.477	,456,384,-776
16:53.477	,480,464,-720
16:53.477	,528,480,-776
16:53.477	,656,464,-800
16:53.477	,656,456,-720
16:53.477	,720,480,-696
16:53.477	,768,440,-696
16:53.477	,624,416,-600
16:53.477	,640,440,-592
16:53.477	,616,392,-576
16:53.477	,600,352,-552
16:53.477	,592,392,-560
16:53.477	,544,400,-576
16:53.477	,504,392,-632
16:53.477	,488,376,-664
16:54.501	,504,416,-664
16:54.501	,512,432,-664
16:54.501	,472,424,-704
16:54.501	,488,408,-744
16:54.501	,544,376,-776
16:54.501	,584,376,-800
16:54.501	,616,360,-832
16:54.501	,672,352,-832
16:54.501	,712,336,-800
16:54.501	,592,328,-696
16:54.501	,544,288,-624
16:54.501	,592,264,-672
16:54.501	,616,312,-640
16:54.501	,648,320,-688
16:54.501	,512,336,-648
16:54.501	,416,368,-648
16:54.501	,496,456,-608
16:54.501	,600,512,-520
16:54.501	,640,520,-480
16:54.501	,632,528,-432
16:54.501	,704,552,-376
16:54.501	,856,568,-392
16:54.501	,936,584,-432
16:54.501	,960,536,-512
16:54.501	,872,464,-536
16:55.479	,808,400,-480
16:55.479	,816,416,-480
16:55.479	,816,376,-464
16:55.479	,800,344,-520
16:55.479	,632,336,-592
16:55.479	,544,280,-504
16:55.479	,528,264,-608
16:55.479	,520,256,-600
16:55.479	,488,296,-616
16:55.479	,488,336,-704
16:55.479	,544,368,-736
16:55.479	,560,336,-736
16:55.479	,608,288,-792
16:55.479	,672,304,-864
16:55.479	,680,168,-848
16:55.479	,696,88,-824
16:55.479	,784,104,-808
16:55.479	,664,80,-680
16:55.479	,608,48,-744
16:55.479	,624,8,-664
16:55.479	,688,72,-736
16:55.479	,608,152,-792
16:55.479	,416,152,-688
16:55.479	,480,280,-720
16:55.479	,504,328,-744
16:56.503	,488,440,-840
16:56.503	,456,464,-888
16:56.503	,544,472,-864
16:56.503	,568,432,-864
16:56.503	,520,392,-848
16:56.503	,584,392,-840
16:56.503	,648,376,-864
16:56.503	,528,336,-720
16:56.503	,512,352,-744
16:56.503	,528,360,-800
16:56.503	,416,304,-760
16:56.503	,264,280,-720
16:56.503	,232,304,-816
16:56.503	,144,336,-760
16:56.503	,88,352,-800
16:56.503	,80,400,-872
16:56.503	,72,408,-944
16:56.503	,56,376,-960
16:56.503	,96,320,-1000
16:56.503	,136,304,-1008
16:56.503	,80,224,-952
16:56.503	,96,80,-976
16:56.503	,232,120,-1064
16:56.503	,104,16,-936
16:56.503	,88,-64,-928
16:57.523	,64,32,-832
16:57.523	,32,24,-920
16:57.523	,-40,56,-936
16:57.523	,-128,24,-896
16:57.523	,-48,40,-896
16:57.523	,-40,16,-1016
16:57.523	,-56,0,-1040
16:57.523	,-80,-16,-1008
16:57.523	,-144,-112,-1024
16:57.523	,24,424,-1488
16:57.523	,-184,-136,-1056
16:57.523	,-264,-120,-1024
16:57.523	,-408,-56,-968
16:57.523	,-320,-544,-976
16:57.523	,-208,-224,-1120
16:57.523	,-56,-400,-1144
16:57.523	,432,-368,-1432
16:57.523	,1096,200,-1968
16:57.523	,1320,312,-1488
16:57.523	,1472,88,-1032
16:57.523	,1392,-48,-904
16:57.523	,1160,-72,-824
16:57.523	,712,-88,-688
16:57.523	,704,64,-720
16:57.523	,504,688,-1160
16:58.498	,1184,176,-1208
16:58.498	,744,344,-976
16:58.498	,528,392,-640
16:58.498	,352,360,-616
16:58.498	,472,448,-552
16:58.498	,280,424,-528
16:58.498	,504,504,-584
16:58.498	,568,464,-600
16:58.498	,432,424,-680
16:58.498	,592,504,-480
16:58.498	,560,456,-600
16:58.498	,528,416,-680
16:58.498	,480,408,-680
16:58.498	,472,352,-792
16:58.498	,384,352,-760
16:58.498	,376,304,-784
16:58.498	,448,400,-728
16:58.498	,560,472,-680
16:58.498	,528,496,-696
16:58.498	,504,528,-592
16:58.498	,448,504,-664
16:58.498	,448,520,-672
16:58.498	,384,480,-608
16:58.498	,520,560,-616
16:58.498	,704,624,-568
16:59.620	,600,552,-696
16:59.620	,576,568,-688
16:59.620	,568,544,-688
16:59.620	,568,512,-712
16:59.620	,632,464,-632
16:59.620	,608,456,-576
16:59.620	,608,504,-472
16:59.620	,608,360,-704
16:59.620	,672,504,-528
16:59.620	,656,496,-504
16:59.620	,616,496,-560
16:59.620	,576,552,-464
16:59.620	,480,544,-552
16:59.620	,488,560,-584
16:59.620	,552,552,-536
16:59.620	,528,520,-528
16:59.620	,488,576,-584
16:59.620	,488,560,-632
16:59.620	,520,544,-648
16:59.620	,560,520,-688
16:59.620	,520,552,-632
16:59.620	,600,504,-888
16:59.620	,648,480,-728
16:59.620	,672,400,-744
16:59.620	,576,320,-696
17:00.546	,528,272,-656
17:00.546	,600,296,-616
17:00.546	,600,240,-720
17:00.546	,592,248,-720
17:00.546	,528,304,-784
17:00.546	,496,304,-776
17:00.546	,496,240,-696
17:00.546	,520,240,-928
17:00.546	,504,232,-840
17:00.546	,456,344,-784
17:00.546	,544,440,-800
17:00.546	,552,480,-712
17:00.546	,664,344,-760
17:00.546	,664,480,-624
17:00.546	,696,464,-656
17:00.546	,728,496,-664
17:00.546	,808,496,-552
17:00.546	,688,488,-384
17:00.546	,640,456,-280
17:00.546	,648,496,-304
17:00.546	,704,480,-224
17:00.546	,680,544,-272
17:00.546	,680,656,-344
17:00.546	,592,648,-344
17:00.546	,448,592,-472
17:01.523	,480,632,-392
17:01.523	,544,616,-376
17:01.523	,592,672,-448
17:01.523	,576,680,-368
17:01.523	,544,704,-368
17:01.523	,480,672,-440
17:01.523	,600,744,-392
17:01.523	,616,736,-384
17:01.523	,528,728,-376
17:01.523	,664,728,-528
17:01.523	,776,496,-440
17:01.523	,592,488,-552
17:01.523	,560,432,-536
17:01.523	,584,360,-632
17:01.523	,608,400,-880
17:01.523	,744,400,-736
17:01.523	,584,456,-528
17:01.523	,592,448,-520
17:01.523	,424,752,-488
17:01.523	,504,640,-184
17:01.523	,600,776,-184
17:01.523	,552,752,-144
17:01.523	,472,816,-200
17:01.523	,672,840,-232
17:01.523	,672,784,-208
17:02.544	,648,776,-200
17:02.544	,544,688,-224
17:02.544	,824,720,-128
17:02.544	,784,840,-144
17:02.544	,808,744,-112
17:02.544	,616,672,-104
17:02.544	,616,600,-88
17:02.544	,608,552,-112
17:02.544	,696,672,-120
17:02.544	,592,648,-208
17:02.544	,696,768,-160
17:02.544	,552,624,-424
17:02.544	,528,544,-448
17:02.544	,520,592,-456
17:02.544	,528,592,-624
17:02.544	,496,568,-552
17:02.544	,504,552,-592
17:02.544	,488,592,-696
17:02.544	,480,552,-624
17:02.544	,584,616,-680
17:02.544	,552,616,-504
17:02.544	,552,616,-464
17:02.544	,584,632,-320
17:02.544	,696,616,-368
17:02.544	,760,640,-312
17:03.569	,640,536,-296
17:03.569	,680,552,-312
17:03.569	,656,560,-320
17:03.569	,728,600,-320
17:03.569	,720,600,-296
17:03.569	,656,608,-328
17:03.569	,616,736,-320
17:03.569	,656,592,-472
17:03.569	,648,624,-368
17:03.569	,656,696,-256
17:03.569	,536,672,-256
17:03.569	,528,672,-264
17:03.569	,576,656,-496
17:03.569	,664,488,-392
17:03.569	,576,536,-552
17:03.569	,592,488,-688
17:03.569	,552,456,-688
17:03.569	,704,416,-704
17:03.569	,664,440,-840
17:03.569	,600,400,-592
17:03.569	,544,456,-520
17:03.569	,568,560,-552
17:03.569	,640,472,-304
17:03.569	,712,528,-288
17:03.569	,664,608,-320
17:04.592	,648,608,-384
17:04.592	,672,600,-368
17:04.592	,664,592,-384
17:04.592	,616,600,-408
17:04.592	,552,608,-416
17:04.592	,560,632,-480
17:04.592	,600,656,-448
17:04.592	,664,680,-344
17:04.592	,528,688,-336
17:04.592	,624,592,-280
17:04.592	,608,656,-352
17:04.592	,784,616,-376
17:04.592	,848,640,-376
17:04.592	,768,616,-392
17:04.592	,648,584,-408
17:04.592	,544,512,-344
17:04.592	,696,536,-416
17:04.592	,704,488,-472
17:04.592	,688,496,-360
17:04.592	,712,480,-528
17:04.592	,600,496,-464
17:04.592	,576,520,-560
17:04.592	,616,528,-552
17:04.592	,608,480,-640
17:04.592	,616,488,-712
17:05.568	,576,496,-616
17:05.568	,608,552,-568
17:05.568	,616,640,-400
17:05.568	,568,624,-160
17:05.568	,600,728,-96
17:05.568	,616,688,-192
17:05.568	,704,744,-208
17:05.568	,752,688,-344
17:05.568	,696,688,-224
17:05.568	,704,720,-240
17:05.568	,792,744,-216
17:05.568	,720,680,-144
17:05.568	,648,608,-152
17:05.568	,624,592,-136
17:05.568	,632,584,-88
17:05.568	,680,584,-80
17:05.568	,720,624,-112
17:05.568	,696,672,-104
17:05.568	,648,640,-128
17:05.568	,664,632,-184
17:05.568	,672,680,-152
17:05.568	,608,704,-160
17:05.568	,608,712,-136
17:05.568	,616,712,-120
17:05.568	,600,744,-96
17:06.592	,584,736,-120
17:06.592	,536,736,-144
17:06.592	,528,736,-128
17:06.592	,656,776,-104
17:06.592	,624,840,-96
17:06.592	,624,784,-128
17:06.592	,648,752,-56
17:06.592	,648,688,-160
17:06.592	,696,640,-304
17:06.592	,840,624,-360
17:06.592	,752,568,-296
17:06.592	,600,536,-256
17:06.592	,664,264,-280
17:06.592	,696,480,-496
17:06.592	,720,472,-504
17:06.592	,656,488,-488
17:06.592	,664,472,-512
17:06.592	,648,456,-568
17:06.592	,632,424,-608
17:06.592	,608,416,-616
17:06.592	,624,392,-560
17:06.592	,720,400,-608
17:06.592	,768,408,-632
17:06.592	,664,464,-640
17:06.592	,680,496,-544
