TimeStamps,AnkleAccelerometer,,,AnkleAngularVelocity,,,AnkleLuminosity,RightPocketAccelerometer,,,RightPocketAngularVelocity,,,RightPocketLuminosity,BeltAccelerometer,,,BeltAngularVelocity,,,BeltLuminosity,NeckAccelerometer,,,NeckAngularVelocity,,,NeckLuminosity,WristAccelerometer,,,WristAngularVelocity,,,WristLuminosity,BrainSensor,Infrared1,Infrared2,Infrared3,Infrared4,Infrared5,Infrared6,Subject,Activity,Trial
,x-axis (g),y-axis (g),z-axis (g),x-axis (deg/s),y-axis (deg/s),z-axis (deg/s),illuminance (lx),x-axis (g),y-axis (g),z-axis (g),x-axis (deg/s),y-axis (deg/s),z-axis (deg/s),illuminance (lx),x-axis (g),y-axis (g),z-axis (g),x-axis (deg/s),y-axis (deg/s),z-axis (deg/s),illuminance (lx),x-axis (g),y-axis (g),z-axis (g),x-axis (deg/s),y-axis (deg/s),z-axis (deg/s),illuminance (lx),x-axis (g),y-axis (g),z-axis (g),x-axis (deg/s),y-axis (deg/s),z-axis (deg/s),illuminance (lx),,,,,,,
2018-07-04T12:04:17.738369,-1.005,0.229,-0.083,-0.671,0.488,-2.683,0,-0.981,0.26,0.098,1.768,-1.89,0.732,0,0.146,0.895,0.367,-1.463,-3.841,-2.622,392.633,-0.672,0.072,-0.815,-3.293,-7.805,9.207,1231.336,-1.24,-0.557,0.227,-75.854,44.024,315.915,2108.154,45,1,1,1,1,1,1,1,1,1,7
2018-07-04T12:04:17.790509,-1.005,0.228,-0.082,-3.415,-0.549,0.122,0,-0.981,0.26,0.098,3.354,-2.5,-0.061,0,0.146,0.895,0.367,1.037,-4.024,-1.768,392.633,-0.672,0.072,-0.815,-9.756,-8.049,5.122,1231.336,-1.24,-0.557,0.227,-28.78,55.549,344.146,2108.154,1,1,1,1,1,1,1,1,1,1,7
2018-07-04T12:04:17.836632,-1.005,0.231,-0.079,-2.622,-1.402,-0.549,0,-0.975,0.282,0.091,3.72,-2.5,-0.793,0,0.178,0.896,0.373,0.366,-2.5,-0.488,392.633,-0.705,0.084,-0.779,-17.866,-18.354,4.329,1231.336,-1.884,-0.687,0.251,27.256,87.134,372.012,2108.154,325,1,1,1,1,1,1,1,1,1,7
2018-07-04T12:04:17.885262,-1.005,0.231,-0.079,-2.561,-2.195,-1.22,0,-0.973,0.301,0.103,-1.951,-1.159,-1.28,0,0.16,0.895,0.372,0.854,1.951,1.585,392.633,-0.727,0.095,-0.758,-18.537,-10.061,0.366,1231.336,-1.884,-0.687,0.251,2.866,117.683,356.463,2108.154,396,1,1,1,1,1,1,1,1,1,7
2018-07-04T12:04:17.945423,-1.008,0.229,-0.072,-3.537,-2.073,-0.305,0,-0.973,0.301,0.103,-5.366,-1.28,-0.732,0,0.16,0.895,0.372,2.012,4.634,3.354,392.633,-0.727,0.095,-0.758,4.878,2.866,-3.232,1231.336,-1.597,-0.646,0.112,10,30.671,126.768,2108.154,-436,1,1,1,1,1,1,1,1,1,7
2018-07-04T12:04:18.007088,-1.005,0.223,-0.066,-10.488,-2.195,0.61,0,-0.983,0.266,0.117,-5,0.183,-1.89,0,0.082,0.902,0.359,6.341,0.854,2.988,392.633,-0.707,0.042,-0.778,11.463,-12.622,6.585,1231.336,-1.096,-0.204,0.179,21.524,40.427,26.89,2108.154,-290,1,1,1,1,1,1,1,1,1,7
2018-07-04T12:04:18.060229,-1.005,0.223,-0.066,-8.841,-2.561,0.793,0,-0.999,0.2,0.119,-2.683,2.5,-2.927,0,0.063,0.913,0.366,4.817,-3.963,0.427,392.633,-0.637,0.132,-0.809,-4.939,0.488,1.768,1231.336,-0.86,-0.527,0.235,-103.537,3.293,-39.939,2108.154,80,1,1,1,1,1,1,1,1,1,7
2018-07-04T12:04:18.104347,-1.008,0.22,-0.062,1.768,-0.732,8.72,0,-0.999,0.2,0.119,2.866,2.134,-3.171,0,0.063,0.913,0.366,3.171,-7.5,-1.524,392.633,-0.637,0.132,-0.809,-1.951,21.159,-2.439,1231.336,-0.86,-0.527,0.235,-127.866,-0.366,-21.28,2108.154,160,1,1,1,1,1,1,1,1,1,7
2018-07-04T12:04:18.148967,-1,0.259,-0.063,3.963,-0.732,6.829,0,-0.993,0.227,0.096,7.866,-0.122,-3.598,0,0.137,0.906,0.362,1.646,-10.427,-3.598,392.633,-0.667,0.074,-0.846,1.037,11.22,-1.463,1231.336,-0.827,-0.458,0.128,-92.317,2.561,-5.366,2108.154,116,1,1,1,1,1,1,1,1,1,7
2018-07-04T12:04:18.198098,-1,0.259,-0.063,4.451,0.183,2.622,0,-0.988,0.282,0.098,13.11,-1.646,-6.037,0,0.137,0.906,0.362,2.744,-12.5,-4.146,392.633,-0.69,0.041,-0.801,1.951,0.793,-0.427,1231.336,-0.827,-0.458,0.128,-30.976,6.707,-10,2108.154,116,1,1,1,1,1,1,1,1,1,7
2018-07-04T12:04:18.241213,-1.002,0.263,-0.064,-3.171,1.037,-0.122,0,-0.988,0.282,0.098,12.805,-5.122,-3.476,0,0.189,0.907,0.358,4.756,-10.122,-3.293,392.633,-0.69,0.041,-0.801,-1.098,4.817,-3.354,1231.336,-1.089,-0.367,0.094,11.463,8.232,-30.183,2108.154,153,1,1,1,1,1,1,1,1,1,7
2018-07-04T12:04:18.311401,-1.007,0.24,-0.064,-4.573,1.768,-2.317,0,-0.969,0.321,0.106,-0.488,-4.268,1.646,0,0.158,0.896,0.382,2.134,-1.159,-1.463,392.633,-0.68,0.076,-0.809,-5.183,-4.817,-1.28,1231.336,-1.238,-0.287,0.144,22.134,5.915,-86.707,2108.154,92,1,1,1,1,1,1,1,1,1,7
2018-07-04T12:04:18.361535,-1.007,0.24,-0.064,-7.866,-0.305,-1.402,0,-0.973,0.348,0.026,-3.049,-4.146,2.073,0,0.158,0.896,0.382,3.537,1.89,-0.488,392.633,-0.686,0.076,-0.803,5.183,3.841,-1.402,1231.336,-1.238,-0.287,0.144,25.488,9.817,-114.817,2108.154,100,1,1,1,1,1,1,1,1,1,7
2018-07-04T12:04:18.419690,-1.004,0.235,-0.059,-3.659,-0.061,-3.171,0,-0.973,0.348,0.026,-1.098,19.207,3.415,0,0.117,0.911,0.372,2.622,3.232,-0.183,392.633,-0.686,0.076,-0.803,-3.415,6.829,-1.159,1231.336,-1.178,-0.215,0.086,73.171,-2.805,-119.878,2108.154,35,1,1,1,1,1,1,1,1,1,7
2018-07-04T12:04:18.460299,-1.004,0.235,-0.059,0.549,0.793,-3.354,0,-0.987,0.185,0.209,-64.573,38.963,12.134,0,0.122,0.903,0.358,-4.268,0,2.317,392.633,-0.686,0.091,-0.804,-2.073,-0.61,0.183,1231.336,-1.003,-0.017,0.084,101.22,-19.817,-88.598,2108.154,40,1,1,1,1,1,1,1,1,1,7
2018-07-04T12:04:18.513441,-1.006,0.236,-0.061,3.963,0.671,-2.988,0,-0.983,0.279,0.063,13.537,-3.659,-1.951,0,0.122,0.903,0.358,6.646,0.732,2.073,392.633,-0.69,0.056,-0.793,0.915,6.707,-3.537,1231.336,-1.003,-0.017,0.084,20.671,-14.573,-81.098,2108.154,92,1,1,1,1,1,1,1,1,1,7
2018-07-04T12:04:18.558561,-1.004,0.229,-0.063,2.378,0.61,-2.317,0,-0.983,0.279,0.063,-8.354,2.195,-0.549,0,0.134,0.915,0.363,0.183,0,0.671,392.633,-0.69,0.056,-0.793,-1.524,5.671,-1.951,1231.336,-0.876,-0.185,0.06,-55.488,-8.11,-70.427,2108.154,57,1,1,1,1,1,1,1,1,1,7
2018-07-04T12:04:18.607692,-1.004,0.229,-0.063,2.866,0.732,-2.439,0,-0.982,0.265,0.1,-0.976,-0.183,-0.915,0,0.129,0.906,0.342,0.305,0.732,2.622,392.633,-0.679,0.061,-0.795,0.732,-3.72,-1.951,1231.336,-0.876,-0.185,0.06,-69.39,-5.671,-34.878,2108.154,20,1,1,1,1,1,1,1,1,1,7
2018-07-04T12:04:18.657827,-1.004,0.228,-0.066,2.988,0.793,-3.049,0,-0.982,0.265,0.1,-3.659,-1.037,-1.463,0,0.129,0.906,0.342,2.805,-1.28,2.073,392.633,-0.679,0.061,-0.795,5.183,6.22,-3.049,1231.336,-0.857,-0.299,0.013,4.512,0.061,37.561,2108.154,92,1,1,1,1,1,1,1,1,1,7
2018-07-04T12:04:18.696430,-1.004,0.228,-0.066,0.732,1.098,-3.841,0,-0.986,0.247,0.11,-1.829,-2.012,-0.305,0,0.115,0.904,0.361,-1.159,-2.622,0.793,392.633,-0.67,0.062,-0.805,2.988,1.89,-1.28,1231.336,-0.958,-0.267,0.081,23.537,3.537,65.305,2108.154,84,1,1,1,1,1,1,1,1,1,7
2018-07-04T12:04:18.745060,-1.008,0.219,-0.065,1.585,1.22,-1.768,0,-0.981,0.266,0.106,0.366,-2.683,0.305,0,0.115,0.904,0.361,-0.549,-2.012,-0.976,392.633,-0.67,0.062,-0.805,1.098,0.244,-1.098,1231.336,-0.958,-0.267,0.081,17.5,9.512,85.549,2108.154,144,1,1,1,1,1,1,1,1,1,7
2018-07-04T12:04:18.795194,-1.009,0.223,-0.067,2.256,1.28,-1.402,0,-0.981,0.266,0.106,4.207,-1.768,0.549,0,0.141,0.898,0.353,-0.305,-2.073,-1.28,392.633,-0.678,0.069,-0.808,-2.439,2.988,-0.305,1231.336,-1.093,-0.312,0.119,8.171,14.573,96.463,2108.154,118,1,1,1,1,1,1,1,1,1,7
2018-07-04T12:04:18.838309,-1.009,0.223,-0.067,2.195,1.341,-1.463,0,-0.985,0.265,0.105,1.341,-1.402,-0.793,0,0.141,0.898,0.353,0.915,-2.805,-0.305,392.633,-0.678,0.065,-0.812,-1.951,5.793,-0.122,1231.336,-1.093,-0.312,0.119,8.476,14.634,96.646,2108.154,85,1,1,1,1,1,1,1,1,1,7
2018-07-04T12:04:18.885936,-1.007,0.22,-0.069,1.585,1.463,-1.707,0,-0.985,0.265,0.105,-0.305,-1.402,-1.707,0,0.147,0.911,0.348,2.622,-0.854,0.244,392.633,-0.678,0.065,-0.812,-1.037,6.341,0.915,1231.336,-1.111,-0.34,0.113,17.744,12.561,87.439,2108.154,123,1,1,1,1,1,1,1,1,1,7
2018-07-04T12:04:18.941084,-1.007,0.22,-0.069,0.488,1.402,-1.646,0,-0.985,0.265,0.103,-0.854,-0.915,-0.427,0,0.137,0.908,0.35,1.159,-0.427,0.305,392.633,-0.662,0.068,-0.821,-0.793,2.683,1.22,1231.336,-1.041,-0.321,0.115,16.037,2.439,48.598,2108.154,-23,1,1,1,1,1,1,1,1,1,7
2018-07-04T12:04:19.054888,-1.009,0.216,-0.071,-0.122,0.915,0.61,0,-0.981,0.258,0.103,-0.976,-0.61,-0.488,0,0.135,0.905,0.348,0.793,-1.28,-0.244,392.633,-0.657,0.069,-0.834,3.78,-4.146,1.951,1231.336,-1.004,-0.324,0.095,-9.329,-4.024,7.744,2108.154,27,1,1,1,1,1,1,1,1,1,7
2018-07-04T12:04:19.102515,-1.009,0.216,-0.071,0.305,0.549,1.037,0,-0.988,0.251,0.097,-0.427,0.366,-1.585,0,0.139,0.916,0.337,1.951,-2.073,-0.244,392.633,-0.652,0.066,-0.836,4.39,0.61,2.073,1231.336,-0.991,-0.314,0.068,-15.061,-5.183,-21.098,2108.154,-177,1,1,1,1,1,1,1,1,1,7
2018-07-04T12:04:19.150143,-1.01,0.22,-0.07,0.549,0.061,0.671,0,-0.991,0.249,0.096,0.732,-0.915,-1.341,0,0.139,0.916,0.337,0.671,-2.805,-0.427,392.633,-0.657,0.064,-0.822,4.085,-1.524,1.707,1231.336,-0.991,-0.314,0.068,-10.915,-3.963,-30.488,2108.154,-243,1,1,1,1,1,1,1,1,1,7
2018-07-04T12:04:19.194762,-1.008,0.218,-0.069,0,-0.061,0.549,0,-0.991,0.249,0.096,1.89,-1.28,-0.427,0,0.144,0.914,0.344,-0.488,-2.805,-1.037,392.633,-0.657,0.064,-0.822,2.561,-0.915,2.317,1231.336,-1.01,-0.292,0.072,-4.207,-2.805,-38.049,2108.154,26,1,1,1,1,1,1,1,1,1,7
2018-07-04T12:04:19.241888,-1.008,0.218,-0.069,-0.061,-0.122,0.427,0,-0.986,0.258,0.097,2.195,-2.256,0.61,0,0.146,0.903,0.347,-1.524,-3.11,-1.524,392.633,-0.667,0.065,-0.815,3.659,-1.524,2.073,1231.336,-1.01,-0.292,0.072,2.317,-0.793,-44.939,2108.154,164,1,1,1,1,1,1,1,1,1,7
2018-07-04T12:04:19.294027,-1.007,0.219,-0.069,-0.305,-0.366,0.793,0,-0.986,0.258,0.097,2.195,-2.561,0.488,0,0.146,0.903,0.347,-0.549,-2.378,-1.159,392.633,-0.667,0.065,-0.815,2.134,-2.5,2.866,1231.336,-1.026,-0.264,0.086,7.805,1.829,-49.573,2108.154,13,1,1,1,1,1,1,1,1,1,7
2018-07-04T12:04:19.336641,-1.007,0.219,-0.069,-0.61,-0.488,0.793,0,-0.981,0.27,0.102,1.89,-2.805,0.305,0,0.141,0.901,0.354,-0.549,-1.585,-0.793,392.633,-0.672,0.062,-0.809,3.049,-1.341,2.012,1231.336,-1.026,-0.264,0.086,12.622,1.89,-51.463,2108.154,13,1,1,1,1,1,1,1,1,1,7
2018-07-04T12:04:19.382262,-1.006,0.22,-0.066,-0.976,-0.61,0.549,0,-0.978,0.274,0.11,0,-1.89,-0.122,0,0.141,0.901,0.354,-0.183,-1.159,-0.671,392.633,-0.672,0.062,-0.809,3.11,-1.037,1.037,1231.336,-1.005,-0.231,0.093,12.683,0.854,-42.256,2108.154,37,1,1,1,1,1,1,1,1,1,7
2018-07-04T12:04:19.431396,-1.006,0.22,-0.066,-1.098,-0.549,0.61,0,-0.978,0.274,0.11,-0.488,-1.768,-0.183,0,0.128,0.902,0.361,0.976,-0.305,-0.305,392.633,-0.681,0.062,-0.803,2.256,0.244,0.122,1231.336,-0.97,-0.223,0.097,7.927,1.098,-32.134,2108.154,124,1,1,1,1,1,1,1,1,1,7
2018-07-04T12:04:19.477016,-1.009,0.225,-0.064,-1.707,0.183,-1.524,0,-0.98,0.278,0.12,-0.976,-1.768,-0.61,0,0.128,0.902,0.361,0.976,0.732,-0.427,392.633,-0.687,0.061,-0.801,0.915,2.439,0.427,1231.336,-0.97,-0.223,0.097,3.11,1.951,-19.39,2108.154,247,1,1,1,1,1,1,1,1,1,7
2018-07-04T12:04:19.524142,-1.01,0.237,-0.061,-9.329,0.915,-3.659,0,-0.98,0.278,0.12,-0.366,-1.524,-0.793,0,0.122,0.908,0.371,-0.183,1.28,-0.061,392.633,-0.687,0.061,-0.801,0.793,0.732,0.122,1231.336,-0.958,-0.24,0.096,0.61,1.829,-5.427,2108.154,742,1,1,1,1,1,1,1,1,1,7
2018-07-04T12:04:19.582297,-1.01,0.237,-0.061,-5.305,2.256,-10.671,0,-0.981,0.285,0.124,1.28,-2.195,0.427,0,0.123,0.907,0.375,1.829,0.732,-1.159,392.633,-0.692,0.054,-0.803,1.402,3.78,-0.793,1231.336,-0.966,-0.267,0.103,-4.756,2.927,20.793,2108.154,285,1,1,1,1,1,1,1,1,1,7
2018-07-04T12:04:19.634938,-1.012,0.192,-0.065,-7.683,1.22,-5.427,0,-0.97,0.292,0.117,3.11,-4.634,3.232,0,0.123,0.907,0.375,4.024,1.951,-1.402,392.633,-0.682,0.055,-0.794,-0.183,-4.024,-0.671,1231.336,-0.966,-0.267,0.103,-5.976,2.988,32.256,2108.154,-220,1,1,1,1,1,1,1,1,1,7
2018-07-04T12:04:19.680058,-1.014,0.186,-0.063,0.549,0.915,-4.024,0,-0.97,0.292,0.117,0.122,-3.963,4.268,0,0.12,0.889,0.367,-1.28,2.866,0.305,392.633,-0.682,0.055,-0.794,0.976,-0.732,0,1231.336,-0.989,-0.29,0.108,-8.841,3.11,39.939,2108.154,-484,1,1,1,1,1,1,1,1,1,7
2018-07-04T12:04:19.731195,-1.014,0.186,-0.063,5.183,0.671,-1.524,0,-0.967,0.273,0.113,-4.268,3.841,-2.5,0,0.115,0.895,0.354,5,1.463,1.707,392.633,-0.682,0.052,-0.803,0.854,2.439,-0.793,1231.336,-0.989,-0.29,0.108,-21.829,3.537,42.5,2108.154,-356,1,1,1,1,1,1,1,1,1,7
2018-07-04T12:04:19.773809,-1.021,0.216,-0.063,8.476,0.976,-2.866,0,-0.985,0.257,0.107,-1.951,3.72,-5.244,0,0.115,0.895,0.354,4.878,0.793,1.768,392.633,-0.682,0.052,-0.803,-0.976,-3.049,-1.829,1231.336,-1.039,-0.35,0.076,-31.159,2.134,41.585,2108.154,-165,1,1,1,1,1,1,1,1,1,7
2018-07-04T12:04:19.825447,-1.021,0.216,-0.063,6.22,2.805,-7.012,0,-0.985,0.257,0.107,-2.256,5.732,-8.659,0,0.138,0.95,0.323,9.573,-1.402,2.805,392.633,-0.707,0.053,-0.814,0.854,3.963,-2.317,1231.336,-1.032,-0.35,0.065,0.305,-0.366,33.232,2108.154,-21,1,1,1,1,1,1,1,1,1,7
2018-07-04T12:04:19.874078,-1.026,0.186,-0.073,3.963,2.927,-8.232,0,-1.008,0.249,0.098,-0.732,2.5,-5.61,0,0.138,0.95,0.323,6.707,-1.159,3.171,392.633,-0.655,0.047,-0.817,-1.22,0.976,-2.134,1231.336,-1.032,-0.35,0.065,3.72,0.488,22.866,2108.154,88,1,1,1,1,1,1,1,1,1,7
2018-07-04T12:04:19.919197,-1.007,0.16,-0.08,5.549,1.28,-4.146,0,-1.008,0.249,0.098,2.439,-3.049,-1.22,0,0.137,0.937,0.327,5.122,-0.671,3.11,392.633,-0.655,0.047,-0.817,-2.561,20.915,-2.561,1231.336,-0.982,-0.324,0.095,2.073,2.622,10.976,2108.154,92,1,1,1,1,1,1,1,1,1,7
2018-07-04T12:04:19.961310,-1.007,0.16,-0.08,1.89,2.073,-2.195,0,-0.996,0.24,0.096,-0.061,-1.951,0.488,0,0.127,0.892,0.309,-2.073,-0.061,-0.244,392.633,-0.608,0.066,-0.84,0.549,4.329,-0.549,1231.336,-0.982,-0.324,0.095,5.061,1.22,-0.122,2108.154,136,1,1,1,1,1,1,1,1,1,7
2018-07-04T12:04:20.011444,-1.012,0.171,-0.084,4.634,1.463,-1.28,0,-0.982,0.229,0.099,2.744,-1.89,-2.134,0,0.127,0.892,0.309,2.256,-2.256,-1.037,429.443,-0.608,0.066,-0.84,-3.293,23.902,-0.976,1187.924,-1.05,-0.176,0.233,10.366,-6.707,-9.39,2369.185,152,1,1,1,1,1,1,1,1,1,7
2018-07-04T12:04:20.055061,-1.012,0.171,-0.084,6.037,0.183,-1.463,0,-0.982,0.229,0.099,0.854,0.549,-2.866,0,0.146,0.924,0.321,5.915,-2.195,-0.427,429.443,-0.643,0.154,-0.86,-5.183,35.976,-6.159,1187.924,-1.05,-0.176,0.233,-57.5,-30.976,-33.11,2369.185,88,1,1,1,1,1,1,1,1,1,7
2018-07-04T12:04:20.106699,-1.012,0.163,-0.073,2.5,1.707,-2.683,0,-0.991,0.244,0.088,4.634,-0.366,-2.073,0,0.146,0.924,0.321,-0.305,-1.341,-2.683,429.443,-0.633,0.167,-0.869,-73.171,-20.671,-27.927,1187.924,-1.098,-0.133,0.158,-535.183,-72.805,-137.378,2369.185,300,1,1,1,1,1,1,1,1,1,7
2018-07-04T12:04:20.162489,-1.014,0.162,-0.076,1.524,0.671,-1.585,0,-0.991,0.244,0.088,6.159,-1.402,-0.305,0,0.148,0.907,0.311,3.659,-2.073,-1.951,429.443,-0.633,0.167,-0.869,-154.085,22.866,-25.366,1187.924,-0.887,-0.946,-0.381,-482.744,-49.024,-136.89,2369.185,28,1,1,1,1,1,1,1,1,1,7
2018-07-04T12:04:20.210618,-1.014,0.162,-0.076,-2.561,0.854,-1.524,0,-0.971,0.256,0.096,7.378,-4.512,-0.793,0,0.211,0.9,0.335,2.195,2.439,1.585,429.443,-0.599,0.147,-0.853,-92.378,-37.805,-65.183,1187.924,-0.887,-0.946,-0.381,-127.317,6.829,-97.805,2369.185,-34,1,1,1,1,1,1,1,1,1,7
2018-07-04T12:04:20.259248,-1.02,0.166,-0.072,-2.927,1.037,-2.439,0,-0.959,0.315,0.095,0.732,0.854,-1.951,0,0.211,0.9,0.335,0.793,7.561,6.159,429.443,-0.599,0.147,-0.853,-46.463,8.841,-70.915,1187.924,-0.938,-0.433,-0.204,202.5,30.244,-78.049,2369.185,-11,1,1,1,1,1,1,1,1,1,7
2018-07-04T12:04:20.306374,-1.02,0.166,-0.072,-4.756,2.012,-3.902,0,-0.959,0.315,0.095,-15.366,7.256,-2.134,0,0.174,0.911,0.318,3.049,12.622,6.159,429.443,-0.654,0.158,-0.821,-55.244,30.61,-82.683,1187.924,-0.943,-0.003,0.106,47.683,-9.634,-55,2369.185,25,1,1,1,1,1,1,1,1,1,7
2018-07-04T12:04:20.388093,-1.019,0.157,-0.08,-6.585,1.585,-4.451,0,-0.985,0.271,0.1,-21.402,6.402,-2.317,0,0.131,0.915,0.321,4.695,18.902,8.293,429.443,-0.627,0.064,-0.851,-22.073,19.024,-42.561,1187.924,-0.82,-0.422,-0.063,-122.073,-27.5,-32.317,2369.185,22,1,1,1,1,1,1,1,1,1,7
2018-07-04T12:04:20.444744,-1.018,0.131,-0.085,-1.951,-0.061,3.232,0,-0.988,0.232,0.09,-24.268,8.415,-1.951,0,0.117,0.896,0.329,3.415,17.195,8.049,429.443,-0.623,0.049,-0.84,-15.122,15.122,-23.293,1187.924,-0.82,-0.422,-0.063,-56.524,-21.402,-10.793,2369.185,11,1,1,1,1,1,1,1,1,1,7
2018-07-04T12:04:20.521449,-1.008,0.161,-0.085,-6.585,-0.732,5.183,0,-0.987,0.206,0.073,-17.866,10.488,-8.537,0,0.118,0.91,0.32,6.28,10.366,6.829,429.443,-0.664,0.107,-0.808,-8.537,-2.134,6.829,1187.924,-0.794,-0.484,-0.012,6.341,-13.659,48.11,2369.185,24,1,1,1,1,1,1,1,1,1,7
2018-07-04T12:04:20.622720,-1.005,0.176,-0.074,-25.366,-6.098,4.512,0,-0.99,0.194,0.079,-8.72,10.976,-8.11,0,0.102,0.891,0.319,1.585,1.159,0.488,429.443,-0.658,0.097,-0.782,0.732,-7.744,3.415,1187.924,-0.788,-0.668,-0.026,2.744,-22.805,85.976,2369.185,74,1,1,1,1,1,1,1,1,1,7
2018-07-04T12:04:20.665334,-1.049,0.18,-0.051,-9.817,-1.524,-2.012,0,-1,0.227,0.092,0.427,6.098,-3.354,0,0.102,0.891,0.319,11.646,-4.085,0.366,429.443,-0.72,0.074,-0.829,3.171,5.732,10,1187.924,-0.819,-0.837,-0.044,132.866,-8.902,94.695,2369.185,-19,1,1,1,1,1,1,1,1,1,7
2018-07-04T12:04:20.712459,-1.049,0.18,-0.051,-1.037,1.402,-1.768,0,-1,0.227,0.092,-0.061,1.28,-0.854,0,0.09,0.966,0.41,14.573,-6.646,0.732,429.443,-0.72,0.074,-0.829,10.488,-3.476,13.171,1187.924,-0.84,-0.794,0.178,229.512,7.195,97.195,2369.185,108,1,1,1,1,1,1,1,1,1,7
2018-07-04T12:04:20.763596,-1.012,0.17,-0.054,-6.585,0.488,1.28,0,-1.01,0.228,0.087,7.744,2.5,-5.122,0,0.128,0.862,0.29,-0.488,-12.378,-1.28,429.443,-0.663,-0.001,-0.833,11.646,-7.988,17.439,1187.924,-0.84,-0.794,0.178,294.024,29.024,82.988,2369.185,192,1,1,1,1,1,1,1,1,1,1
2018-07-04T12:04:20.811224,-1.015,0.175,-0.068,-7.5,3.11,-1.098,0,-0.984,0.217,0.073,7.256,6.707,-10.549,0,0.128,0.862,0.29,25.976,-18.171,0.549,429.443,-0.663,-0.001,-0.833,38.659,-17.378,49.146,1187.924,-0.85,-0.997,0.928,258.049,28.049,44.695,2369.185,92,1,1,1,1,1,1,1,1,1,1
2018-07-04T12:04:20.857848,-1.015,0.175,-0.068,-3.415,1.585,-1.829,0,-0.984,0.217,0.073,10.305,2.134,-11.098,0,0.187,0.929,0.292,11.951,-11.951,-0.61,429.443,-0.7,-0.017,-0.716,111.585,-33.537,105,1187.924,-0.85,-0.997,0.928,214.329,0.61,-1.524,2369.185,56,1,1,1,1,1,1,1,1,1,1
2018-07-04T12:04:20.904974,-1.025,0.18,-0.062,-0.488,2.927,-4.329,0,-0.984,0.229,0.047,4.329,1.22,-8.963,0,0.187,0.929,0.292,6.28,-6.28,1.22,429.443,-0.815,0.178,-0.618,121.89,-52.866,87.927,1187.924,-1.119,-1.109,0.937,138.293,-52.012,-57.073,2369.185,89,1,1,1,1,1,1,1,1,1,1
2018-07-04T12:04:20.945081,-1.025,0.18,-0.062,4.085,4.573,-8.049,0,-0.984,0.229,0.047,5.488,3.171,-6.28,0,0.13,0.926,0.325,17.378,-6.463,2.988,429.443,-0.815,0.178,-0.618,104.878,-19.634,63.171,1187.924,-1.119,-1.109,0.937,117.622,-89.573,-95.244,2369.185,92,1,1,1,1,1,1,1,1,1,1
2018-07-04T12:04:20.996217,-1.034,0.19,-0.065,8.72,4.634,-12.439,0,-1.001,0.216,0.057,12.805,-4.573,-8.415,0,0.13,0.926,0.325,16.646,-6.28,0.671,429.443,-0.727,0.161,-0.689,90.915,53.049,38.78,1187.924,-1.208,-0.702,0.389,112.561,-116.037,-133.963,2369.185,-18,1,1,1,1,1,1,1,1,1,1
2018-07-04T12:04:21.062394,-1.056,0.151,-0.068,14.268,7.866,-32.866,2.323,-0.997,0.228,0.088,19.329,-6.951,-6.402,0,0.094,0.9,0.343,15.061,-19.512,-0.61,429.443,-0.695,0.014,-0.8,55.366,76.707,18.841,1187.924,-0.963,-0.293,0.254,86.768,-112.073,-134.39,2369.185,88,1,0,1,1,0,0,1,1,1,1
2018-07-04T12:04:21.104007,-1.056,0.151,-0.068,11.28,8.598,-41.829,2.323,-0.997,0.228,0.088,27.256,-12.073,-5.244,0,0.168,0.882,0.346,18.293,-22.927,-0.122,429.443,-0.695,0.014,-0.8,33.902,23.476,32.012,1187.924,-0.963,-0.293,0.254,76.402,-95.244,-116.829,2369.185,346,1,0,1,1,0,0,1,1,1,1
2018-07-04T12:04:21.148626,-1.061,0.062,-0.095,-4.512,9.695,-42.256,2.323,-0.969,0.295,0.097,31.341,-19.634,-2.683,0,0.168,0.882,0.346,13.598,-23.293,-0.61,429.443,-0.625,0.007,-0.827,25.61,37.561,25.427,1187.924,-0.653,-0.115,0.378,50.183,-50.854,-56.28,2369.185,483,1,0,1,1,0,0,1,1,1,1
2018-07-04T12:04:21.197255,-1.061,0.062,-0.095,-8.476,10.488,-41.646,2.323,-0.922,0.311,0.129,24.329,-15.854,-7.683,0,0.156,0.863,0.327,22.073,-18.171,1.585,429.443,-0.625,0.007,-0.827,22.073,48.293,20.793,1187.924,-0.501,-0.112,0.448,52.744,-32.744,-29.817,2369.185,-387,1,0,1,1,0,0,1,1,1,1
2018-07-04T12:04:21.242877,-1.082,0.04,-0.086,-2.012,10.061,-48.78,2.323,-0.922,0.311,0.129,20.671,-8.171,-10.183,0,0.19,0.88,0.329,25.854,-13.963,6.159,429.443,-0.602,0.055,-0.819,6.22,23.963,15.366,1187.924,-0.501,-0.112,0.448,56.22,-12.805,-13.841,2369.185,-356,1,0,1,1,0,0,1,1,1,1
2018-07-04T12:04:21.289501,-1.091,-0.022,-0.108,-8.78,17.256,-71.524,2.323,-0.916,0.342,0.149,9.878,-1.463,-13.232,0,0.19,0.88,0.329,21.463,-8.537,9.146,429.443,-0.602,0.055,-0.819,9.512,35.305,13.11,1187.924,-0.394,-0.122,0.422,12.134,2.256,-11.22,2369.185,-334,1,0,1,1,0,0,1,1,1,1
2018-07-04T12:04:21.346654,-1.091,-0.022,-0.108,-14.634,19.878,-80.122,2.323,-0.896,0.31,0.171,-14.085,6.402,-13.659,0,0.128,0.849,0.295,23.11,-2.561,8.659,429.443,-0.577,0.047,-0.78,-1.159,31.28,15.061,1187.924,-0.394,-0.122,0.422,32.683,20.732,10.915,2369.185,44,1,0,1,1,0,0,1,1,1,1
2018-07-04T12:04:21.399796,-1.056,-0.135,-0.13,-11.159,20.671,-94.573,2.323,-0.896,0.31,0.171,-17.134,8.415,-13.11,0,0.061,0.786,0.244,29.329,-2.134,5.061,429.443,-0.544,0.058,-0.706,5.61,41.098,15.122,1187.924,-0.297,-0.063,0.44,26.159,55.793,30.305,2369.185,122,1,0,1,1,0,0,1,1,1,1
2018-07-04T12:04:21.444917,-1.056,-0.135,-0.13,-5.427,24.878,-105.549,2.323,-0.836,0.202,0.135,-17.256,13.415,-9.756,0,0.061,0.786,0.244,21.585,-2.561,2.195,429.443,-0.544,0.058,-0.706,14.573,34.756,15.61,1187.924,-0.279,-0.055,0.517,33.841,72.927,42.195,2369.185,144,1,0,1,1,0,0,1,1,1,1
2018-07-04T12:04:21.496555,-1.188,-0.091,-0.117,5,43.049,-162.683,2.323,-0.836,0.202,0.135,-8.171,11.646,-11.89,0,0.041,0.618,0.192,11.037,-14.39,-1.28,429.443,-0.419,0.036,-0.546,35.671,19.756,5.427,1187.924,-0.279,-0.055,0.517,28.232,75.305,36.463,2369.185,104,1,0,1,1,0,0,1,1,1,1
2018-07-04T12:04:21.541676,-0.775,-0.341,-0.171,35.366,40.488,-201.951,2.323,-0.743,0.152,0.123,2.012,0.488,-6.768,0,0.041,0.618,0.192,1.951,-31.524,-7.195,429.443,-0.289,0.091,-0.322,40.488,61.037,1.524,1187.924,-0.165,-0.13,0.6,83.11,75.61,33.354,2369.185,76,1,0,1,1,0,0,1,1,1,1
2018-07-04T12:04:21.588300,-0.775,-0.341,-0.171,33.963,36.28,-199.146,2.323,-0.515,0.134,0.01,-5,-41.159,18.598,0,0.066,0.388,0.157,15.427,-36.646,-19.146,429.443,-0.289,0.091,-0.322,39.817,24.39,2.744,1187.924,-0.165,-0.13,0.6,110.122,71.585,24.634,2369.185,82,1,0,1,1,0,0,1,1,1,1
2018-07-04T12:04:21.671522,-0.063,-0.876,-0.568,48.049,40.427,-186.646,2.323,-0.343,-0.029,0.014,42.134,-22.195,-8.963,0,-0.019,0.228,0.011,-23.841,-29.146,-46.28,429.443,-0.408,0.074,-0.197,58.232,32.744,7.866,1187.924,-0.133,0.197,0.221,114.146,28.354,22.561,2369.185,92,1,0,1,1,0,0,1,1,1,1
2018-07-04T12:04:21.769786,-0.238,-2.177,0.041,190.854,7.439,-147.439,2.323,-1.203,-0.245,0.016,41.829,-2.317,-79.146,0,-0.004,0.646,-0.353,201.707,-80.244,-29.634,429.443,-0.607,0.11,-0.135,66.159,6.585,0.183,1187.924,-3.066,-0.699,-1.536,14.512,48.659,30.854,2369.185,135,1,0,1,1,0,0,1,1,1,1
2018-07-04T12:04:21.805886,-0.238,-2.177,0.041,190.854,7.439,-147.439,2.323,-1.203,-0.245,0.016,31.402,13.659,-135.366,0,-0.306,1.296,-0.503,220.671,-93.78,-51.402,429.443,-0.31,-0.01,-0.399,47.012,43.049,-15.061,1187.924,-3.066,-0.699,-1.536,-72.073,110.671,-187.988,2369.185,102,1,0,1,1,0,0,1,1,1,1
2018-07-04T12:04:21.852010,-1.751,-1.808,0.386,166.281,23.902,-115.976,2.323,-2.085,-0.165,0.328,50,7.256,-212.256,0,-0.306,1.296,-0.503,315.305,-105.732,-90.061,429.443,0.857,-0.386,-2.129,-49.634,169.512,-103.842,1187.924,-3.841,-0.825,3.09,-219.329,-58.232,-299.146,2369.185,48,1,0,1,1,0,0,1,1,1,1
2018-07-04T12:04:21.899139,-1.751,-1.808,0.386,64.573,-38.476,-123.415,2.323,-1.076,0.223,0.309,90.366,-20.122,-375,0,0.118,1.127,-1.228,445.976,-74.329,-83.659,429.443,0.857,-0.386,-2.129,-69.329,102.439,-21.829,1187.924,-3.841,-0.825,3.09,-80.488,-62.378,-260.61,2369.185,107,1,0,1,1,0,0,1,1,1,1
2018-07-04T12:04:21.948273,-0.969,-0.633,0.313,37.378,-40.427,-136.281,2.323,-1.076,0.223,0.309,89.268,65.427,-366.342,0,0.118,1.127,-1.228,676.768,-37.805,-14.024,429.443,0.755,-0.678,-2.231,60.671,43.171,35.854,1187.924,0.631,-0.494,0.927,-19.329,-122.866,-136.585,2369.185,42,1,0,1,1,0,0,1,1,1,1
2018-07-04T12:04:21.992390,-0.969,-0.633,0.313,79.207,-22.195,-137.561,2.323,0.192,-1.305,0.091,-87.622,127.744,-308.476,0,-0.502,-0.216,-1.57,428.232,-229.268,-28.171,429.443,0.755,-0.678,-2.231,152.683,-105,0.854,1187.924,-0.375,-0.359,-0.055,-49.695,-66.037,-11.829,2369.185,36,1,0,1,1,0,0,1,1,1,1
2018-07-04T12:04:22.041528,0.225,-0.121,0.362,184.451,-45.671,-196.037,2.323,0.192,-1.305,0.091,-55.732,25.305,-247.256,0,-0.84,-0.354,-1.919,135.854,19.39,-19.695,292.824,0.62,-0.677,-1.601,49.573,-177.195,46.829,783.897,-0.375,-0.359,-0.055,-13.963,-0.061,-2.012,2101.073,184,1,0,0,0,0,0,1,1,1,1
2018-07-04T12:04:22.085645,0.225,-0.121,0.362,202.622,-44.451,-231.829,2.323,-0.125,-2.343,0.007,42.927,-72.195,-189.024,0,-0.84,-0.354,-1.919,101.646,-6.341,-11.28,292.824,0.62,-0.677,-1.601,58.537,-34.939,27.256,783.897,-1.725,-0.966,0.8,-59.329,96.463,-17.683,2101.073,-84,1,0,0,0,0,0,1,1,1,1
2018-07-04T12:04:22.133778,0.743,0.526,0.483,-22.134,-1.951,-188.171,2.323,-0.125,-2.343,0.007,-43.415,-67.378,-102.439,0,-0.418,-0.343,-1.213,75.854,11.829,-28.476,292.824,0.254,-0.82,-1.655,-8.902,50.854,5.122,783.897,-1.725,-0.966,0.8,-118.963,148.963,30.61,2101.073,-36,1,0,0,0,0,0,1,1,1,1
2018-07-04T12:04:22.180904,0.525,0.987,0.579,-36.28,-27.134,-173.598,2.323,0.249,-1.385,-0.015,-37.683,-21.646,-29.573,0,-0.418,-0.343,-1.213,10.61,55.305,-36.341,292.824,0.23,-0.392,-1.338,-52.744,98.415,-22.134,783.897,-0.944,-0.776,0.372,-60.671,116.951,101.524,2101.073,22,1,0,0,0,0,0,1,1,1,1
2018-07-04T12:04:22.226032,0.525,0.987,0.579,-82.622,-58.72,-137.927,2.323,0.447,-0.5,-0.139,-50.793,-5.549,-13.841,0,-0.079,-0.309,-0.631,-64.146,64.939,-15.366,292.824,0.23,-0.392,-1.338,-69.878,76.098,-47.439,783.897,-0.944,-0.776,0.372,-4.878,67.439,131.768,2101.073,196,1,0,0,0,0,0,1,1,1,1
2018-07-04T12:04:22.275163,0.356,1.22,0.229,-120.671,-75.122,-68.232,2.323,0.447,-0.5,-0.139,-78.841,43.415,9.085,0,-0.125,-0.266,-0.461,-58.293,62.256,37.866,292.824,0.18,-0.307,-0.934,-85.061,29.573,-34.329,783.897,-0.145,-0.291,0.05,13.049,5.976,37.256,2101.073,-580,1,0,0,0,0,0,1,1,1,1
2018-07-04T12:04:22.332321,0.156,0.92,0.003,-78.659,-106.463,39.146,2.323,0.218,-0.307,-0.123,-73.537,60.793,38.11,0,-0.125,-0.266,-0.461,-19.024,26.707,56.341,292.824,0.214,-0.266,-0.699,-81.768,10,-44.573,783.897,-0.659,-0.641,0.186,21.829,9.817,-3.049,2101.073,329,1,0,0,0,0,0,1,1,1,1
2018-07-04T12:04:22.383457,0.156,0.92,0.003,-88.598,-96.098,103.476,2.323,-0.082,-0.469,-0.029,-80.793,61.098,55.732,0,-0.359,-0.225,-0.529,-26.463,2.134,34.573,292.824,0.214,-0.266,-0.699,-66.524,-2.805,-18.415,783.897,-0.659,-0.641,0.186,12.744,4.329,-7.073,2101.073,-193,1,0,0,0,0,0,1,1,1,1
2018-07-04T12:04:22.428583,0.285,0.292,-0.124,-99.573,-87.134,130.061,2.323,-0.082,-0.469,-0.029,-70.671,48.11,61.585,0,-0.359,-0.225,-0.529,-8.415,-10.122,11.646,292.824,0.266,-0.07,-0.835,-8.049,25.305,-15.915,783.897,-1.033,-0.574,0.271,2.439,10.793,2.561,2101.073,1461,1,0,0,0,0,0,1,1,1,1
2018-07-04T12:04:22.483730,0.285,0.292,-0.124,-77.012,-71.89,161.281,2.323,-0.093,-1.133,-0.063,32.134,50.976,64.207,0,-0.336,-0.16,-1.01,-59.634,34.512,7.256,292.824,0.266,-0.07,-0.835,32.256,1.037,7.073,783.897,-1.059,-0.518,0.174,-0.488,11.28,-1.341,2101.073,864,1,0,0,0,0,0,1,1,1,1
2018-07-04T12:04:22.554924,1.792,-1.146,-0.157,109.817,-23.78,270.427,2.323,-0.298,-1.536,-0.598,-108.781,-9.39,59.573,0,-0.241,-0.033,-1.489,-62.805,2.256,2.195,292.824,0.407,-0.006,-1.316,14.756,-18.841,-34.085,783.897,-1.057,-0.412,0.484,-4.756,-28.537,33.902,2101.073,500,1,0,0,0,0,0,1,1,1,1
2018-07-04T12:04:22.602050,0.154,-1.51,0.171,55,61.768,285.61,2.323,-0.298,-1.536,-0.598,-134.024,-0.854,59.207,0,0.191,0.122,-1.18,2.988,17.744,-7.134,292.824,0.381,-0.148,-1.421,5.793,-1.098,-6.646,783.897,-1.057,-0.412,0.484,15.488,-79.573,45.549,2101.073,233,1,0,0,0,0,0,1,1,1,1
2018-07-04T12:04:22.654189,-1.356,-1.339,-0.24,-114.329,0.183,180.549,2.323,-0.59,-1.127,-0.701,-3.415,-70.427,34.573,0,0.191,0.122,-1.18,23.354,29.268,0.061,292.824,-0.032,0.013,-0.962,-28.72,-40,2.561,783.897,-0.848,-0.266,0.459,18.049,-93.963,47.317,2101.073,135,1,0,0,0,0,0,1,1,1,1
2018-07-04T12:04:22.698308,-1.356,-1.339,-0.24,-93.598,-20.732,101.098,2.323,-0.176,-0.578,-0.32,-39.024,4.024,15.488,0,0.029,0.021,-0.827,-6.037,89.695,8.72,292.824,-0.032,0.013,-0.962,-7.439,-26.463,-19.878,783.897,-0.848,-0.266,0.459,16.22,-73.659,26.89,2101.073,-2048,1,0,0,0,0,0,1,1,1,1
2018-07-04T12:04:22.742426,-0.175,-0.905,-0.123,-76.768,1.89,32.988,2.323,-0.176,-0.578,-0.32,5.244,44.268,-8.78,0,0.029,0.021,-0.827,-37.256,99.878,8.049,292.824,-0.134,0.076,-0.864,-48.598,-19.146,-6.585,783.897,-0.595,-0.293,0.556,28.659,-36.402,-8.963,2101.073,2047,1,0,0,0,0,0,1,1,1,1
2018-07-04T12:04:22.792559,-0.175,-0.905,-0.123,-56.341,8.72,4.451,2.323,-0.442,-0.494,-0.212,-23.78,24.39,17.195,0,-0.006,0.122,-0.738,-27.5,45.427,1.159,292.824,-0.134,0.076,-0.864,-47.439,-14.085,-4.085,783.897,-0.595,-0.293,0.556,19.451,9.329,-32.561,2101.073,1345,1,0,0,0,0,0,1,1,1,1
2018-07-04T12:04:22.835173,-0.05,-1.495,-0.098,-33.902,-8.171,45.549,2.323,-0.442,-0.494,-0.212,-89.573,40.854,37.012,0,-0.05,0.155,-0.941,-10.366,15.366,1.829,292.824,-0.064,0.019,-0.922,-4.024,-6.22,-8.293,783.897,-0.745,-0.532,0.49,2.012,26.524,-20.671,2101.073,-2048,1,0,0,0,0,0,1,1,1,1
2018-07-04T12:04:22.886811,-0.05,-1.495,-0.098,43.232,-22.622,122.317,2.323,-0.586,-0.88,-0.603,-42.073,32.866,-9.085,0,-0.05,0.155,-0.941,0.549,-13.963,-1.707,292.824,-0.025,0.054,-0.929,18.11,8.72,15.183,783.897,-0.841,-0.422,0.494,11.159,44.085,-29.329,2101.073,-1073,1,0,0,0,0,0,1,1,1,1
2018-07-04T12:04:22.973543,-0.525,-1.784,-0.086,94.329,-21.28,7.683,2.323,-0.438,-0.941,-0.709,99.817,-21.22,-25.366,0,0.044,0.121,-1.053,8.902,-32.073,-2.5,292.824,0.088,0.063,-1.09,4.329,23.902,10.793,783.897,-0.891,-0.307,0.372,-16.89,68.232,-36.585,2101.073,-169,1,0,0,0,0,0,1,1,1,1
2018-07-04T12:04:23.025716,-0.245,-1.125,0.062,-8.049,5.061,-63.11,2.323,-0.263,-0.7,-0.362,161.22,-80.61,-16.463,0,0.184,0.057,-1.051,5.305,-23.902,-1.646,292.824,0.088,0.063,-1.09,28.232,18.78,7.927,783.897,-0.891,-0.307,0.372,-18.293,62.134,-23.354,2101.073,-221,1,0,0,0,0,0,1,1,1,1
2018-07-04T12:04:23.112949,0.032,-0.681,0.109,-64.39,13.963,-47.073,2.323,-0.334,-0.851,-0.348,4.512,12.317,-20.976,0,0.063,0.083,-1.076,9.451,-2.866,1.463,292.824,0.205,0.022,-1.098,-9.817,10.732,13.537,783.897,-1.016,-0.549,0.27,-9.817,19.695,9.329,2101.073,-106,1,0,0,0,0,0,1,1,1,1
2018-07-04T12:04:23.154059,0.088,-0.724,0.037,-37.256,9.146,-31.951,2.323,-0.334,-0.851,-0.348,5.793,16.89,-32.927,0,-0.066,0.071,-0.927,7.317,-2.256,1.341,292.824,0.233,-0.02,-1.112,-9.146,28.232,9.695,783.897,-0.869,-0.5,0.19,-6.951,-22.561,42.988,2101.073,453,1,0,0,0,0,0,1,1,1,1
2018-07-04T12:04:23.197174,0.088,-0.724,0.037,-2.256,-0.305,-13.78,2.323,-0.29,-0.958,-0.371,19.695,3.049,-24.451,0,-0.066,0.071,-0.927,3.78,-5.915,0.061,292.824,0.233,-0.02,-1.112,-6.28,16.402,2.744,783.897,-0.808,-0.348,0.374,-17.378,-123.415,75.488,2101.073,212,1,0,0,0,0,0,1,1,1,1
2018-07-04T12:04:23.244300,0.102,-0.667,-0.009,15.915,-6.646,8.537,2.323,-0.253,-0.892,-0.193,44.39,-25.549,3.659,0,-0.087,0.048,-0.868,-2.195,-13.537,-1.707,292.824,0.27,-0.076,-1.114,18.11,22.073,-0.488,783.897,-0.808,-0.348,0.374,-11.098,-131.159,60.976,2101.073,84,1,0,0,0,0,0,1,1,1,1
2018-07-04T12:04:23.299447,0.072,-0.748,0.024,5.854,-1.463,21.768,2.323,-0.253,-0.892,-0.193,33.841,-20.976,4.39,0,-0.087,0.048,-0.868,-7.683,-19.268,-2.744,292.824,0.278,-0.078,-0.979,9.024,5.915,-5.244,783.897,-0.833,-0.259,0.667,-10,-109.085,36.707,2101.073,1525,1,0,0,0,0,0,1,1,1,1
2018-07-04T12:04:23.351085,0.072,-0.748,0.024,-0.244,0.976,36.22,2.323,-0.229,-0.858,-0.132,26.28,-16.28,4.695,0,-0.052,0.049,-0.951,-7.439,-12.195,-1.829,292.824,0.278,-0.078,-0.979,13.293,5.366,-6.22,783.897,-0.833,-0.259,0.667,-20.122,-78.415,4.939,2101.073,1655,1,0,0,0,0,0,1,1,1,1
2018-07-04T12:04:23.399715,-0.125,-1.069,0.091,0.549,0,45.976,2.323,-0.292,-0.906,-0.161,4.329,-13.841,16.463,0,-0.031,0.076,-1.009,-0.976,3.354,1.098,292.824,0.252,-0.057,-0.954,17.805,2.439,-5.61,783.897,-0.826,-0.352,0.68,-7.988,-9.268,-8.659,2101.073,915,1,0,0,0,0,0,1,1,1,1
2018-07-04T12:04:23.446842,-0.125,-1.069,0.091,5.61,-4.451,52.134,2.323,-0.292,-0.906,-0.161,-10.915,-7.805,18.11,0,-0.031,0.076,-1.009,-0.915,7.927,1.402,292.824,0.215,-0.075,-1.085,11.829,5.244,-1.89,783.897,-0.813,-0.409,0.628,-8.476,-4.268,-2.073,2101.073,628,1,0,0,0,0,0,1,1,1,1
2018-07-04T12:04:23.492463,-0.346,-1.38,0.036,-6.098,-5.732,56.037,2.323,-0.395,-0.914,-0.216,-20.244,-1.159,15,0,-0.024,0.098,-0.965,1.89,10.183,1.524,292.824,0.215,-0.075,-1.085,-5.854,-0.976,-0.61,783.897,-0.813,-0.409,0.628,3.232,-18.293,8.902,2101.073,-1562,1,0,0,0,0,0,1,1,1,1
2018-07-04T12:04:23.538587,-0.354,-1.237,-0.054,-9.634,-3.598,7.439,2.323,-0.395,-0.914,-0.216,-24.329,0.549,9.817,0,-0.024,0.098,-0.965,4.207,8.598,1.159,292.824,0.188,-0.047,-1.16,-8.11,-1.22,-6.524,783.897,-0.732,-0.304,0.674,4.085,-39.329,23.415,2101.073,195,1,0,0,0,0,0,1,1,1,11
2018-07-04T12:04:23.610780,-0.354,-1.237,-0.054,-4.756,1.768,-22.866,2.323,-0.401,-0.87,-0.235,-28.415,10.488,-2.439,0,-0.006,0.111,-0.959,-0.976,7.439,0.305,292.824,0.161,-0.044,-1.059,-0.122,1.159,-8.537,783.897,-0.688,-0.29,0.755,-1.829,-43.659,19.268,2101.073,210,1,0,0,0,0,0,1,1,1,11
2018-07-04T12:04:23.668937,-0.168,-0.861,-0.022,-24.024,4.146,-20.854,2.323,-0.355,-0.849,-0.297,-32.317,10.732,0.244,0,0.016,0.085,-0.977,-0.671,10.366,1.89,292.824,0.161,-0.044,-1.059,1.341,-8.537,-8.171,783.897,-0.688,-0.29,0.755,-2.439,-23.78,16.037,2101.073,86,1,0,0,0,0,0,1,1,1,11
2018-07-04T12:04:23.726090,-0.104,-0.863,-0.081,-18.78,1.22,-5.244,2.323,-0.365,-0.897,-0.395,-31.098,17.5,-3.841,0,0.011,0.073,-0.971,2.073,4.024,1.89,292.824,0.199,-0.031,-0.946,-2.622,1.22,-1.585,783.897,-0.736,-0.279,0.783,-8.78,16.22,1.524,2101.073,306,1,0,0,0,0,0,1,1,1,11
2018-07-04T12:04:23.775227,-0.104,-0.863,-0.081,-4.39,-1.89,6.89,2.323,-0.365,-0.897,-0.395,-12.012,11.159,-6.159,0,0.011,0.073,-0.971,4.146,1.585,1.402,292.824,0.23,-0.03,-1,1.341,4.512,4.329,783.897,-0.732,-0.283,0.672,-12.683,23.659,-3.659,2101.073,90,1,0,0,0,0,0,1,1,1,11
2018-07-04T12:04:23.819345,-0.134,-0.968,-0.075,4.451,-2.134,11.341,2.323,-0.326,-0.865,-0.365,-1.159,4.939,-5.732,0,0.01,0.064,-0.947,3.11,1.159,0.976,292.824,0.23,-0.03,-1,-2.805,-12.256,4.451,783.897,-0.732,-0.283,0.672,-7.744,20.061,-8.171,2101.073,60,1,0,0,0,0,0,1,1,1,11
2018-07-04T12:04:23.868481,-0.139,-0.986,-0.019,1.829,-3.415,11.22,2.323,-0.326,-0.865,-0.365,2.622,1.098,-5.305,0,0.01,0.064,-0.947,2.012,0,0.671,292.824,0.257,-0.008,-1.072,-2.134,7.561,0.244,783.897,-0.812,-0.331,0.691,-3.354,14.512,-4.024,2101.073,115,1,0,0,0,0,0,1,1,1,11
2018-07-04T12:04:23.920621,-0.139,-0.986,-0.019,3.598,-5.305,13.78,2.323,-0.302,-0.856,-0.338,7.256,-1.646,-2.378,0,0.006,0.061,-0.963,0.305,-3.11,-0.183,292.824,0.271,-0.03,-1.071,3.293,-9.695,4.207,783.897,-0.812,-0.331,0.691,-6.463,20.305,-5.671,2101.073,438,1,0,0,0,0,0,1,1,1,11
2018-07-04T12:04:23.963740,-0.176,-0.866,0.012,7.378,-7.866,21.768,2.323,-0.325,-0.894,-0.339,9.146,-3.963,-1.098,0,0.004,0.074,-0.99,1.707,-4.451,-0.549,292.824,0.271,-0.03,-1.071,1.585,2.073,0.427,783.897,-0.786,-0.319,0.668,-4.939,33.11,-18.841,2101.073,-169,1,0,0,0,0,0,1,1,1,11
2018-07-04T12:04:24.007857,-0.176,-0.866,0.012,10.732,-11.28,31.463,2.323,-0.325,-0.894,-0.339,9.756,-6.037,-0.915,0,0.004,0.074,-0.99,2.439,-4.329,-0.549,0,0.23,-0.066,-1.028,1.585,17.256,0.122,292.637,-0.79,-0.357,0.601,-2.683,28.293,-15.061,2510.413,-344,1,0,0,0,1,0,1,1,1,11
2018-07-04T12:04:24.056995,-0.278,-0.905,-0.013,9.939,-11.463,39.878,2.323,-0.334,-0.89,-0.325,13.232,-7.988,-0.305,0,0.005,0.081,-0.978,1.22,-4.817,-0.61,0,0.23,-0.066,-1.028,8.537,2.5,7.195,292.637,-0.79,-0.357,0.601,-2.561,17.988,-8.537,2510.413,-285,1,0,0,0,1,0,1,1,1,11
2018-07-04T12:04:24.102116,-0.395,-1.356,-0.059,10.732,0.183,22.317,2.323,-0.334,-0.89,-0.325,15.305,-10.549,1.829,0,0.005,0.081,-0.978,-0.305,-3.659,-0.427,0,0.205,-0.045,-1.03,6.28,-2.256,7.256,292.637,-0.799,-0.373,0.586,-0.488,8.049,-4.085,2510.413,-420,1,0,0,0,1,0,1,1,1,11
2018-07-04T12:04:24.149246,-0.395,-1.356,-0.059,17.988,-0.732,-12.744,2.323,-0.337,-0.865,-0.273,13.476,-9.756,3.415,0,-0.014,0.076,-0.947,-0.854,-2.012,-0.305,0,0.205,-0.045,-1.03,-1.829,-0.366,3.293,292.637,-0.799,-0.373,0.586,0.915,1.037,-0.915,2510.413,-737,1,0,0,0,1,0,1,1,1,11
2018-07-04T12:04:24.204393,-0.285,-0.873,0.083,15.732,-3.902,-0.671,2.323,-0.343,-0.869,-0.241,11.829,-7.134,2.256,0,-0.029,0.079,-0.951,0.183,-1.22,0.305,0,0.215,-0.053,-1.032,1.22,1.341,1.341,292.637,-0.802,-0.375,0.611,1.585,-2.439,1.829,2510.413,-198,1,0,0,0,1,0,1,1,1,11
2018-07-04T12:04:24.258541,-0.285,-0.873,0.083,0.061,0.183,-2.927,2.323,-0.343,-0.869,-0.241,10.305,-5.549,0.061,0,-0.029,0.079,-0.951,1.646,-1.829,0.122,0,0.23,-0.069,-1.042,-1.28,0.061,-1.951,292.637,-0.799,-0.354,0.618,0.793,0.183,-0.427,2510.413,-150,1,0,0,0,1,0,1,1,1,11
2018-07-04T12:04:24.305165,-0.28,-0.933,0.037,-5.793,1.585,0,2.323,-0.345,-0.889,-0.23,4.207,0.915,-4.512,0,-0.021,0.079,-0.969,1.159,-2.073,0,0,0.23,-0.069,-1.042,2.866,-2.5,-2.256,292.637,-0.799,-0.354,0.618,0.305,1.463,-1.646,2510.413,52,1,0,0,0,1,0,1,1,1,11
2018-07-04T12:04:24.353795,-0.29,-1.073,-0.014,-3.232,3.171,-5.915,2.323,-0.325,-0.881,-0.233,0.793,-2.195,-1.28,0,-0.003,0.067,-0.97,-0.61,2.134,0.488,0,0.245,-0.063,-1.041,0.671,-0.915,-1.646,292.637,-0.827,-0.355,0.625,-1.037,2.683,-3.841,2510.413,203,1,0,0,0,1,0,1,1,1,11
2018-07-04T12:04:24.398415,-0.29,-1.073,-0.014,-1.098,3.78,-7.317,2.323,-0.325,-0.881,-0.233,-8.293,1.037,-0.793,0,-0.003,0.067,-0.97,1.524,3.537,1.037,0,0.248,-0.034,-1.052,-1.463,-2.073,-3.537,292.637,-0.827,-0.355,0.625,-2.683,0.549,-10.061,2510.413,215,1,0,0,0,1,0,1,1,1,11
2018-07-04T12:04:24.485146,-0.282,-1.021,0.024,5.549,-1.524,-7.805,2.323,-0.334,-0.89,-0.28,-12.134,6.098,-3.902,0,-0.009,0.067,-0.954,5.183,3.232,0.854,0,0.245,-0.055,-1.071,-7.195,-3.293,-12.256,292.637,-0.76,-0.375,0.66,6.768,-13.72,-6.037,2510.413,487,1,0,0,0,1,0,1,1,1,11
2018-07-04T12:04:24.530316,-0.252,-0.911,0.04,7.866,-1.89,-12.317,2.323,-0.323,-0.887,-0.289,-10.549,7.378,-5.793,0,-0.004,0.071,-0.966,2.805,2.134,0.427,0,0.245,-0.055,-1.071,-16.829,-5.915,-6.159,292.637,-0.76,-0.375,0.66,20.122,-25.488,3.72,2510.413,724,1,0,0,0,1,0,1,1,1,11
2018-07-04T12:04:24.585463,-0.241,-1.04,0.044,3.78,-0.732,-5.976,2.323,-0.324,-0.892,-0.308,-6.159,1.89,-1.768,0,-0.004,0.071,-0.966,-0.366,1.707,0,0,0.223,-0.029,-1.046,-12.744,-1.951,-3.537,292.637,-0.954,-0.427,1.138,33.354,-37.927,5.305,2510.413,-30,1,0,0,0,1,0,1,1,1,11
2018-07-04T12:04:24.634209,-0.241,-1.04,0.044,22.012,-8.598,7.317,2.323,-0.324,-0.892,-0.308,-6.098,1.037,0.061,0,-0.004,0.068,-0.955,3.598,-1.402,0.244,0,0.214,0.056,-1.069,-26.768,-9.573,-7.683,292.637,-0.954,-0.427,1.138,23.598,-47.439,12.622,2510.413,117,1,0,0,0,1,0,1,1,1,11
2018-07-04T12:04:24.679831,-0.253,-1.017,0.051,45.488,-11.768,2.5,2.323,-0.324,-0.904,-0.306,7.073,-2.378,-1.585,0,-0.013,0.055,-0.972,5.793,-5.854,0.122,0,0.214,0.056,-1.069,-16.037,-21.159,-22.866,292.637,-0.781,-0.317,0.42,-53.72,-118.902,23.049,2510.413,28,1,0,0,0,1,0,1,1,1,11
2018-07-04T12:04:24.726455,-0.253,-1.017,0.051,44.024,-7.5,-12.073,2.323,-0.324,-0.904,-0.306,15.183,-3.78,-3.78,0,-0.013,0.055,-0.972,2.012,-1.22,-0.427,0,0.235,-0.006,-1.04,-22.134,-8.354,-37.622,292.637,-0.12,-0.229,0.07,169.695,-37.439,17.317,2510.413,135,1,0,0,0,1,0,1,1,1,11
2018-07-04T12:04:24.774082,-0.231,-0.781,0.182,8.171,1.22,-20.793,2.323,-0.287,-0.861,-0.221,5.244,-2.012,-0.488,0,0.011,0.08,-1.019,-2.866,6.829,0.122,0,0.235,-0.006,-1.04,-10.976,22.866,-18.537,292.637,-0.12,-0.229,0.07,61.829,40.671,9.695,2510.413,19,1,0,0,0,1,0,1,1,1,11
2018-07-04T12:04:24.830734,-0.23,-0.978,0.078,-42.439,6.768,-4.146,2.323,-0.347,-0.899,-0.304,-24.817,9.451,4.695,0,0.003,0.08,-0.971,-4.634,10.427,0.976,0,0.135,-0.017,-0.921,-8.11,2.378,7.134,292.637,-0.813,-0.194,1.219,38.415,17.317,0.366,2510.413,-134,1,0,0,0,1,0,1,1,1,11
2018-07-04T12:04:24.885380,-0.23,-0.978,0.078,-16.037,0.732,7.317,2.323,-0.347,-0.899,-0.304,-26.707,11.951,1.341,0,0.003,0.08,-0.971,3.476,3.232,1.89,0,0.139,0.156,-0.975,14.207,-7.378,14.817,292.637,-0.67,-0.184,0.995,-2.073,-45.976,-0.488,2510.413,-120,1,0,0,0,1,0,1,1,1,11
2018-07-04T12:04:24.928495,-0.248,-1.043,0.03,15.183,-2.744,6.951,2.323,-0.343,-0.9,-0.362,-13.171,5.976,-0.732,0,0.001,0.055,-0.923,5.366,0.366,1.159,0,0.139,0.156,-0.975,11.28,-8.963,3.11,292.637,-0.67,-0.184,0.995,-11.951,-25.732,-5.366,2510.413,-145,1,0,0,0,1,0,1,1,1,11
2018-07-04T12:04:24.979131,-0.248,-1.043,0.03,19.634,-2.805,-0.366,2.323,-0.289,-0.838,-0.299,2.317,0.549,-4.268,0,0.001,0.055,-0.923,3.841,-0.976,0.488,0,0.199,0.043,-1.092,1.037,-12.378,4.756,292.637,-0.518,-0.191,0.869,10.366,-7.317,-1.098,2510.413,117,1,0,0,0,1,0,1,1,1,11
2018-07-04T12:04:25.023874,-0.2,-0.913,0.099,-1.89,1.585,-8.72,2.323,-0.289,-0.838,-0.299,-4.512,3.354,-4.512,0,0.023,0.064,-0.987,0.976,-0.183,0.305,0,0.199,0.043,-1.092,12.378,-21.646,9.268,292.637,-0.518,-0.191,0.869,14.146,2.866,-4.268,2510.413,-24,1,0,0,0,1,0,1,1,1,11
2018-07-04T12:04:25.076515,-0.195,-0.941,0.059,-18.841,4.024,0,2.323,-0.305,-0.892,-0.351,-11.89,6.28,-3.659,0,0.029,0.072,-1.025,-1.524,2.5,0.488,0,0.216,0.004,-1.092,12.5,23.78,3.963,292.637,-0.628,-0.181,0.969,2.195,13.171,-9.268,2510.413,-45,1,0,0,0,1,0,1,1,1,11
2018-07-04T12:04:25.126649,-0.195,-0.941,0.059,-6.524,0.488,10.793,2.323,-0.305,-0.892,-0.351,-9.024,3.476,-0.915,0,0.029,0.072,-1.025,-1.037,1.037,0.183,0,0.165,0.022,-1.048,19.451,9.39,11.098,292.637,-0.628,-0.181,0.969,-15.549,19.512,-12.988,2510.413,-81,1,0,0,0,1,0,1,1,1,11
2018-07-04T12:04:25.178788,-0.241,-0.997,0.034,4.878,-2.256,13.476,2.323,-0.324,-0.916,-0.393,5.549,-4.756,2.012,0,0.017,0.065,-0.945,0,-0.915,-0.183,0,0.165,0.022,-1.048,16.159,-5.244,9.878,292.637,-0.614,-0.253,0.868,-5.61,12.561,-5.183,2510.413,-178,1,0,0,0,1,0,1,1,1,11
2018-07-04T12:04:25.226917,-0.241,-0.997,0.034,3.232,-2.256,8.598,2.323,-0.295,-0.841,-0.314,12.317,-8.963,2.134,0,0.017,0.065,-0.945,-0.061,-1.89,-0.305,0,0.187,-0.022,-1.072,5.976,3.171,3.415,292.637,-0.602,-0.234,0.842,-3.659,12.073,-3.171,2510.413,-59,1,0,0,0,1,0,1,1,1,11
2018-07-04T12:04:25.276549,-0.242,-1.011,0.044,-2.988,2.073,1.098,2.323,-0.295,-0.841,-0.314,10.427,-9.146,2.866,0,0,0.064,-0.928,-2.012,-1.341,-0.183,0,0.165,-0.032,-1.04,1.159,8.11,0.366,292.637,-0.602,-0.234,0.842,-9.878,15.183,-8.902,2510.413,145,1,0,0,0,1,0,1,1,1,11
2018-07-04T12:04:25.319665,-0.25,-1.026,0.078,1.89,0.793,3.415,2.323,-0.31,-0.865,-0.29,5.366,-5.915,2.744,0,-0.007,0.071,-0.975,-0.671,-2.439,-0.122,0,0.165,-0.032,-1.04,3.963,-17.195,5.976,292.637,-0.632,-0.273,0.835,-13.659,17.927,-12.866,2510.413,132,1,0,0,0,1,0,1,1,1,11
2018-07-04T12:04:25.366289,-0.25,-1.026,0.078,7.683,-0.183,3.415,2.323,-0.31,-0.865,-0.29,3.476,-3.415,1.159,0,-0.007,0.071,-0.975,0.915,-4.024,-0.244,0,0.182,-0.045,-1.018,11.341,-3.537,0.183,292.637,-0.632,-0.273,0.835,-9.451,17.561,-11.098,2510.413,185,1,0,0,0,1,0,1,1,1,11
2018-07-04T12:04:25.423442,-0.253,-0.974,0.087,6.341,-0.244,0,2.323,-0.33,-0.909,-0.308,9.39,-6.22,-0.366,0,0.004,0.074,-0.981,1.646,-3.902,-0.183,0,0.182,-0.045,-1.018,1.646,11.28,2.744,292.637,-0.653,-0.301,0.814,-6.159,3.963,-3.72,2510.413,177,1,0,0,0,1,0,1,1,1,11
2018-07-04T12:04:25.477085,-0.232,-0.953,0.05,-7.805,2.439,-3.659,2.323,-0.317,-0.871,-0.276,8.049,-6.951,0.793,0,0.005,0.07,-0.958,1.28,-0.366,0.427,0,0.186,-0.039,-1.059,3.72,8.598,-2.317,292.637,-0.646,-0.285,0.828,4.878,-1.646,3.902,2510.413,197,1,0,0,0,1,0,1,1,1,11
2018-07-04T12:04:25.523208,-0.232,-0.953,0.05,-6.402,2.866,-2.134,2.323,-0.317,-0.871,-0.276,1.768,-3.78,0.793,0,0.005,0.07,-0.958,1.098,1.951,0.61,0,0.186,-0.038,-1.069,3.78,5.061,-1.951,292.637,-0.646,-0.285,0.828,5.244,-3.354,3.293,2510.413,215,1,0,0,0,1,0,1,1,1,11
2018-07-04T12:04:25.570836,-0.236,-0.98,0.053,-1.402,2.805,0,2.323,-0.318,-0.867,-0.279,-7.866,2.012,-0.488,0,-0.002,0.07,-0.964,0.793,2.622,0.732,0,0.186,-0.038,-1.069,-6.829,3.354,-5,292.637,-0.634,-0.272,0.837,2.5,1.22,2.439,2510.413,-5,1,0,0,0,1,0,1,1,1,11
2018-07-04T12:04:25.617962,-0.236,-0.98,0.053,3.232,2.5,1.28,2.323,-0.323,-0.888,-0.308,-11.037,3.171,-0.427,0,-0.002,0.07,-0.964,0.366,2.195,0.61,0,0.188,-0.042,-1.042,-3.902,9.939,-4.207,292.637,-0.636,-0.265,0.824,0.305,3.476,1.037,2510.413,17,1,0,0,0,1,0,1,1,1,11
2018-07-04T12:04:25.663583,-0.251,-0.993,0.076,1.524,2.073,0.061,2.323,-0.323,-0.888,-0.308,-7.988,1.707,0,0,0.004,0.068,-0.969,0.183,1.829,0.549,0,0.188,-0.042,-1.042,2.622,-1.22,0.183,292.637,-0.636,-0.265,0.824,-0.793,5,0.427,2510.413,-125,1,0,0,0,1,0,1,1,1,11
2018-07-04T12:04:25.719733,-0.243,-0.988,0.049,-4.085,1.341,-2.195,2.323,-0.324,-0.881,-0.323,-5.976,0.549,0.366,0,0.012,0.067,-0.962,0.671,0.793,0.488,0,0.198,-0.035,-1.034,0.793,2.744,0.854,292.637,-0.643,-0.262,0.823,-1.829,6.098,-1.037,2510.413,-401,1,0,0,0,1,0,1,1,1,11
2018-07-04T12:04:25.760843,-0.243,-0.988,0.049,-3.232,1.159,-2.317,2.323,-0.324,-0.881,-0.323,-4.268,-0.122,0.305,0,0.012,0.067,-0.962,1.829,0.488,0.488,0,0.201,-0.024,-1.042,0,-1.646,1.524,292.637,-0.643,-0.262,0.823,-3.659,6.951,-2.073,2510.413,217,1,0,0,0,1,0,1,1,1,11
2018-07-04T12:04:25.843063,-0.227,-0.963,0.051,-2.256,0.671,-0.976,2.323,-0.32,-0.881,-0.325,-1.524,0.183,-1.463,0,0.011,0.067,-0.973,1.159,-0.305,0.244,0,0.192,-0.015,-1.043,-6.037,13.476,-3.293,292.637,-0.662,-0.282,0.824,-5.976,13.902,-3.841,2510.413,474,1,0,0,0,1,0,1,1,1,11
2018-07-04T12:04:25.885258,-0.24,-0.975,0.054,-0.488,0.427,0.61,2.323,-0.32,-0.881,-0.325,0.61,-1.585,-0.122,0,0.006,0.07,-0.971,0.549,-0.183,0.244,0,0.192,-0.015,-1.043,2.439,-9.573,5,292.637,-0.667,-0.286,0.789,-2.683,15,-2.866,2510.413,19,1,0,0,0,1,0,1,1,1,11
2018-07-04T12:04:25.929375,-0.24,-0.975,0.054,1.098,0.549,1.28,2.323,-0.325,-0.879,-0.316,1.524,-2.683,0.976,0,0.006,0.07,-0.971,0.305,0,0.305,0,0.207,-0.024,-1.055,0,-0.793,2.439,292.637,-0.667,-0.286,0.789,-2.927,12.256,-3.598,2510.413,-146,1,0,0,0,1,0,1,1,1,11
2018-07-04T12:04:25.975999,-0.241,-0.996,0.059,1.159,0.549,0.732,2.323,-0.325,-0.879,-0.316,2.5,-2.439,0.366,0,0.004,0.068,-0.966,0.671,-0.61,0.183,0,0.207,-0.024,-1.055,2.866,9.451,1.28,292.637,-0.685,-0.298,0.778,0.915,2.256,1.159,2510.413,-78,1,0,0,0,1,0,1,1,1,11
2018-07-04T12:04:26.030144,-0.241,-0.996,0.059,0.854,0.488,-0.244,2.323,-0.324,-0.877,-0.31,3.72,-2.744,-0.122,0,0.004,0.065,-0.964,0.305,-1.098,0.061,0,0.208,-0.028,-1.036,2.927,4.207,0.732,327.124,-0.679,-0.293,0.784,-0.793,-1.402,1.098,2555.043,98,1,0,0,0,1,0,1,1,1,11
2018-07-04T12:04:26.073266,-0.231,-0.985,0.06,0.488,0.183,-0.976,2.323,-0.324,-0.877,-0.31,2.927,-2.744,0.122,0,0.004,0.065,-0.964,0.061,-0.427,0.122,0,0.216,-0.032,-1.035,4.695,-2.317,2.134,327.124,-0.679,-0.293,0.784,0.854,-1.768,2.5,2555.043,228,1,0,0,0,1,0,1,1,1,11
2018-07-04T12:04:26.117383,-0.228,-0.97,0.06,0.671,0.61,-1.463,2.323,-0.319,-0.874,-0.301,2.195,-2.073,-0.61,0,0,0.067,-0.965,-0.122,-0.183,0.244,0,0.216,-0.032,-1.035,0.671,-2.378,1.829,327.124,-0.674,-0.29,0.792,0.122,-0.61,1.524,2555.043,289,1,0,0,0,1,0,1,1,1,11
2018-07-04T12:04:26.167016,-0.228,-0.97,0.06,1.28,0.976,-0.427,2.323,-0.321,-0.88,-0.298,0.793,-1.159,-0.549,0,0,0.067,-0.965,0.061,-0.244,0.244,0,0.209,-0.043,-1.042,1.524,3.841,-0.061,327.124,-0.674,-0.29,0.792,-0.549,1.098,-0.366,2555.043,-373,1,0,0,0,1,0,1,1,1,11
2018-07-04T12:04:26.211166,-0.238,-0.979,0.066,0.793,0.793,-0.122,2.323,-0.321,-0.88,-0.298,-0.305,-0.854,-0.366,0,0.002,0.072,-0.968,0,0.244,0.244,0,0.209,-0.043,-1.042,4.207,-3.72,1.28,327.124,-0.678,-0.289,0.791,1.22,2.317,-0.427,2555.043,-198,1,0,0,0,1,0,1,1,1,11
2018-07-04T12:04:26.258292,-0.238,-0.979,0.066,0.793,0.488,-0.427,2.323,-0.327,-0.882,-0.302,-1.463,-0.549,-0.488,0,0.002,0.072,-0.968,0.061,0.183,0.244,0,0.208,-0.039,-1.046,-2.378,0.732,0.488,327.124,-0.679,-0.291,0.788,0.854,0.244,0.305,2555.043,412,1,0,0,0,1,0,1,1,1,11
2018-07-04T12:04:26.311434,-0.236,-0.98,0.063,0,0.671,-0.549,2.323,-0.327,-0.882,-0.302,-0.976,-0.61,-0.366,0,0.007,0.072,-0.971,0.244,0.61,0.305,0,0.208,-0.031,-1.044,0.61,-3.659,0.854,327.124,-0.679,-0.291,0.788,3.354,-0.122,1.829,2555.043,252,1,0,0,0,1,0,1,1,1,11
2018-07-04T12:04:26.353045,-0.236,-0.98,0.063,-2.256,0.976,-0.976,2.323,-0.325,-0.878,-0.306,-2.439,0.183,-0.61,0,0.007,0.071,-0.968,0.366,0.976,0.427,0,0.208,-0.031,-1.044,-2.683,3.72,-0.549,327.124,-0.678,-0.284,0.794,2.012,-0.549,1.098,2555.043,305,1,0,0,0,1,0,1,1,1,11
2018-07-04T12:04:26.398667,-0.229,-0.987,0.057,-0.732,0.549,-0.854,2.323,-0.323,-0.88,-0.311,-2.012,0.244,-0.671,0,0.007,0.071,-0.968,0.427,0.976,0.427,0,0.209,-0.036,-1.039,2.134,-4.085,1.463,327.124,-0.678,-0.284,0.794,0.549,0.732,0.488,2555.043,-50,1,0,0,0,1,0,1,1,1,11
2018-07-04T12:04:26.447916,-0.227,-0.979,0.062,0.854,0.732,-1.159,2.323,-0.323,-0.88,-0.311,-2.073,0.061,-0.61,0,0.004,0.07,-0.965,0.244,0.366,0.305,0,0.209,-0.036,-1.039,-5.061,3.902,-0.549,327.124,-0.675,-0.283,0.787,0.549,1.585,0.488,2555.043,-130,1,0,0,0,1,0,1,1,1,11
2018-07-04T12:04:26.493037,-0.227,-0.979,0.062,-0.183,0.549,-1.098,2.323,-0.322,-0.88,-0.31,-0.976,-0.427,-0.488,0,0.004,0.07,-0.965,0.305,0.122,0.305,0,0.21,-0.034,-1.04,0.976,-1.098,0.854,327.124,-0.679,-0.285,0.785,-0.305,1.22,-0.061,2555.043,-171,1,0,0,0,1,0,1,1,1,11
2018-07-04T12:04:26.539662,-0.228,-0.978,0.063,-0.122,0.793,-0.488,2.323,-0.322,-0.88,-0.31,0.61,-1.159,-0.244,0,0.007,0.071,-0.967,0.183,0.244,0.305,0,0.21,-0.034,-1.04,-1.159,-0.976,1.098,327.124,-0.679,-0.285,0.785,0.549,0.854,0.061,2555.043,-167,1,0,0,0,1,0,1,1,1,11
2018-07-04T12:04:26.597316,-0.23,-0.978,0.073,0.183,0.305,-0.61,2.323,-0.321,-0.879,-0.306,-1.768,-0.366,-0.488,0,0.005,0.072,-0.969,0.366,0.305,0.366,0,0.209,-0.027,-1.04,0.854,-3.598,2.317,327.124,-0.68,-0.286,0.789,0.732,0.427,0,2555.043,118,1,0,0,0,1,0,1,1,1,11
2018-07-04T12:04:26.648452,-0.23,-0.978,0.073,-1.037,0.183,-0.854,2.323,-0.322,-0.883,-0.31,-0.549,-0.61,-0.488,0,0.005,0.072,-0.969,0.122,0.183,0.183,0,0.211,-0.029,-1.045,1.646,3.659,-0.244,327.124,-0.68,-0.286,0.789,0,-0.305,-0.122,2555.043,89,1,0,0,0,1,0,1,1,1,11
2018-07-04T12:04:26.694576,-0.224,-0.982,0.05,-1.89,0.366,-0.671,2.323,-0.322,-0.883,-0.31,0.61,-1.098,-0.366,0,0.008,0.073,-0.967,-0.122,-0.183,0.122,0,0.211,-0.029,-1.045,-2.256,-0.732,0.915,327.124,-0.676,-0.284,0.791,0.549,0.549,0.305,2555.043,187,1,0,0,0,1,0,1,1,1,11
2018-07-04T12:04:26.743708,-0.224,-0.982,0.05,-1.768,0.793,-0.366,2.323,-0.32,-0.875,-0.306,0.549,-1.402,-0.183,0,0.008,0.073,-0.967,0,0.122,0.183,0,0.206,-0.036,-1.042,0.183,-1.402,0.549,327.124,-0.682,-0.286,0.792,0.061,1.524,-0.244,2555.043,205,1,0,0,0,1,0,1,1,1,11
2018-07-04T12:04:26.788827,-0.226,-0.987,0.052,-0.61,1.28,-0.244,2.323,-0.321,-0.878,-0.31,-2.988,0.244,-0.671,0,0.008,0.073,-0.966,0.976,0.671,0.488,0,0.206,-0.032,-1.042,0.244,-0.61,0.671,327.124,-0.682,-0.286,0.792,-0.549,1.646,-0.427,2555.043,105,1,0,0,0,1,0,1,1,1,11
2018-07-04T12:04:26.835452,-0.226,-0.987,0.052,1.098,1.28,-0.305,2.323,-0.321,-0.878,-0.31,-2.927,0.488,-0.793,0,0.005,0.073,-0.968,0.549,0.366,0.366,0,0.206,-0.032,-1.042,2.866,-0.061,0.671,327.124,-0.679,-0.291,0.782,-0.61,1.037,0.244,2555.043,72,1,0,0,0,1,0,1,1,1,11
2018-07-04T12:04:26.889598,-0.23,-0.973,0.078,-0.122,0.671,-0.793,2.323,-0.321,-0.883,-0.313,-1.098,-0.244,-0.549,0,0.005,0.073,-0.968,0.305,0,0.244,0,0.206,-0.03,-1.042,-1.402,-1.28,1.707,327.124,-0.679,-0.291,0.782,0.305,0.305,3.232,2555.043,-85,1,0,0,0,1,0,1,1,1,11
2018-07-04T12:04:26.929704,-0.228,-0.985,0.06,-2.195,0.61,-1.22,2.323,-0.321,-0.883,-0.313,0.732,-1.463,-0.061,0,0.006,0.074,-0.967,0.244,0.061,0.244,0,0.206,-0.03,-1.042,2.195,2.5,4.512,327.124,-0.679,-0.281,0.786,0.305,0.122,4.695,2555.043,-14,1,0,0,0,1,0,1,1,1,11
2018-07-04T12:04:26.976830,-0.228,-0.985,0.06,-1.463,1.463,-1.524,2.323,-0.321,-0.878,-0.307,0.122,-1.22,-0.122,0,0.006,0.074,-0.967,0.732,0.122,0.427,0,0.201,-0.053,-1.046,3.598,-4.268,7.988,327.124,-0.681,-0.274,0.787,-0.427,0.183,3.476,2555.043,25,1,0,0,0,1,0,1,1,1,11
2018-07-04T12:04:27.024959,-0.221,-0.991,0.058,-0.305,1.402,-1.037,2.323,-0.32,-0.878,-0.312,-0.854,-0.183,-0.793,0,0.008,0.073,-0.965,0.732,0.549,0.549,0,0.201,-0.026,-1.044,-0.488,-2.622,1.524,327.124,-0.681,-0.274,0.787,0,0.488,0.061,2555.043,-56,1,0,0,0,1,0,1,1,1,11
2018-07-04T12:04:27.070581,-0.221,-0.991,0.058,-0.488,0.61,-1.159,2.323,-0.32,-0.878,-0.312,-0.488,0.183,-1.341,0,0.01,0.071,-0.97,0.244,-0.061,0.244,0,0.201,-0.026,-1.044,-0.671,1.159,-0.488,327.124,-0.687,-0.282,0.796,-2.256,0.122,0.427,2555.043,12,1,0,0,0,1,0,1,1,1,11
2018-07-04T12:04:27.117706,-0.214,-0.974,0.061,-0.976,0.671,-1.28,2.323,-0.316,-0.88,-0.314,-0.854,-0.366,-0.915,0,0.01,0.071,-0.97,0.244,0,0.244,0,0.2,-0.039,-1.041,-0.793,-2.744,-0.122,327.124,-0.687,-0.282,0.796,-5.854,1.28,1.951,2555.043,135,1,0,0,0,1,0,1,1,1,11
2018-07-04T12:04:27.204940,-0.219,-0.975,0.058,-0.549,0.976,0.305,2.323,-0.317,-0.879,-0.31,-1.037,-0.976,-0.183,0,0.006,0.073,-0.97,0.183,0.488,0.305,0,0.196,-0.043,-1.047,-1.037,0.732,-0.61,327.124,-0.683,-0.291,0.78,-1.768,3.72,-0.183,2555.043,100,1,0,0,0,1,0,1,1,1,11
2018-07-04T12:04:27.243041,-0.229,-0.991,0.065,0.427,0.915,0.854,2.323,-0.317,-0.879,-0.31,-1.28,-1.037,0.122,0,0.003,0.076,-0.963,0.366,0.671,0.366,0,0.196,-0.043,-1.047,-1.951,-0.366,1.585,327.124,-0.688,-0.294,0.779,0.427,3.415,-0.671,2555.043,-14,1,0,0,0,1,0,1,1,1,11
2018-07-04T12:04:27.288664,-0.229,-0.991,0.065,-0.549,0.671,-0.305,2.323,-0.319,-0.879,-0.31,-1.585,-0.671,0,0,0.003,0.076,-0.963,0.61,0.305,0.366,0,0.191,-0.04,-1.049,1.463,0.183,1.524,327.124,-0.688,-0.294,0.779,1.159,2.134,0.976,2555.043,38,1,0,0,0,1,0,1,1,1,11
2018-07-04T12:04:27.340803,-0.218,-0.985,0.056,-0.976,0.61,-1.037,2.323,-0.317,-0.878,-0.315,-1.402,-0.061,-0.793,0,0.006,0.075,-0.964,0.549,0,0.305,0,0.196,-0.037,-1.042,1.463,0.122,0.549,327.124,-0.689,-0.283,0.775,0.671,1.037,0.549,2555.043,-43,1,0,0,0,1,0,1,1,1,11
2018-07-04T12:04:27.382915,-0.218,-0.985,0.056,-0.854,0.732,-0.976,2.323,-0.317,-0.878,-0.315,-1.22,-0.061,-0.854,0,0.006,0.075,-0.964,0.488,-0.122,0.244,0,0.196,-0.037,-1.042,-1.402,2.378,-0.366,327.124,-0.694,-0.283,0.777,0.915,0.488,0,2555.043,121,1,0,0,0,1,0,1,1,1,11
2018-07-04T12:04:27.430041,-0.211,-0.977,0.055,-1.037,0.732,-0.732,2.323,-0.315,-0.879,-0.318,-0.732,-0.122,-0.976,0,0.011,0.073,-0.972,0.854,0.061,0.305,0,0.203,-0.034,-1.039,0.122,0.366,0.244,327.124,-0.694,-0.283,0.777,0.549,-0.305,0.305,2555.043,363,1,0,0,0,1,0,1,1,1,11
2018-07-04T12:04:27.484688,-0.218,-0.979,0.061,-0.915,0.61,0.427,2.323,-0.315,-0.879,-0.318,-1.159,-0.305,-0.61,0,0.009,0.073,-0.969,1.098,0.366,0.427,0,0.203,-0.034,-1.039,0.061,2.256,0,327.124,-0.69,-0.287,0.781,1.22,-1.037,1.098,2555.043,213,1,0,0,0,1,0,1,1,1,11
2018-07-04T12:04:27.525797,-0.218,-0.979,0.061,-0.732,0.488,0.366,2.323,-0.314,-0.88,-0.317,-0.915,-0.671,-0.427,0,0.009,0.073,-0.969,1.037,0.061,0.305,0,0.206,-0.031,-1.045,-0.732,3.659,-1.22,327.124,-0.69,-0.287,0.781,2.134,-0.61,1.646,2555.043,-211,1,0,0,0,1,0,1,1,1,11
2018-07-04T12:04:27.570416,-0.22,-0.983,0.056,-0.305,0.427,0.244,2.323,-0.314,-0.88,-0.317,-0.305,-1.037,-0.244,0,0.005,0.074,-0.965,0.732,-0.061,0.305,0,0.206,-0.031,-1.045,-0.976,1.951,-0.671,327.124,-0.683,-0.271,0.777,1.402,-0.488,0.854,2555.043,-419,1,0,0,0,1,0,1,1,1,11
2018-07-04T12:04:27.619046,-0.22,-0.983,0.056,-0.305,0.549,0.061,2.323,-0.316,-0.878,-0.314,0.549,-1.829,0.244,0,0.005,0.074,-0.965,0.488,-0.244,0.305,0,0.203,-0.04,-1.044,1.037,0.671,-0.366,327.124,-0.683,-0.271,0.777,-1.707,0.122,-2.561,2555.043,-132,1,0,0,0,1,0,1,1,1,11
